Tue Sep  8 18:40:49 +08 2026
Gym has been unmaintained since 2022 and does not support NumPy 2.0 amongst other critical functionality.
Please upgrade to Gymnasium, the maintained drop-in replacement of Gym, or contact the authors of your software and request that they upgrade.
See the migration guide at https://gymnasium.farama.org/introduction/migration_guide/ for additional information.
/var/tmp/pbs.16170841.pbs101/dino-wall-full-16170841.pbs101/runtime/venv/lib/python3.11/site-packages/wandb/util.py:118: SentryHubDeprecationWarning: `sentry_sdk.Hub` is deprecated and will be removed in a future major release. Please consult our 1.x to 2.x migration guide for details on how to migrate `Hub` usage to the new API: https://docs.sentry.io/platforms/python/migration/1.x-to-2.x
  sentry_hub = sentry_sdk.Hub(sentry_client)
/var/tmp/pbs.16170841.pbs101/dino-wall-full-16170841.pbs101/runtime/venv/lib/python3.11/site-packages/wandb/sdk/internal/internal_api.py:30: DeprecationWarning: pkg_resources is deprecated as an API. See https://setuptools.pypa.io/en/latest/pkg_resources.html
  from pkg_resources import parse_version
/var/tmp/pbs.16170841.pbs101/dino-wall-full-16170841.pbs101/runtime/venv/lib/python3.11/site-packages/pkg_resources/__init__.py:2825: DeprecationWarning: Deprecated call to `pkg_resources.declare_namespace('mpl_toolkits')`.
Implementing implicit namespace packages (as specified in PEP 420) is preferred to `pkg_resources.declare_namespace`. See https://setuptools.pypa.io/en/latest/references/keywords.html#keyword-namespace-packages
  declare_namespace(pkg)
/var/tmp/pbs.16170841.pbs101/dino-wall-full-16170841.pbs101/runtime/venv/lib/python3.11/site-packages/pkg_resources/__init__.py:2825: DeprecationWarning: Deprecated call to `pkg_resources.declare_namespace('google')`.
Implementing implicit namespace packages (as specified in PEP 420) is preferred to `pkg_resources.declare_namespace`. See https://setuptools.pypa.io/en/latest/references/keywords.html#keyword-namespace-packages
  declare_namespace(pkg)
/scratch/users/ntu/yguo017/dino-wm-wall/source/custom_resolvers.py:4: UserWarning: 
The version_base parameter is not specified.
Please specify a compatability version level, or None.
Will assume defaults for version 1.1
  @hydra.main(config_path=None)
Loading wall dataset...
Loaded 1920 rollouts
[[102, 33, 1056, 1591, 354, 245, 790, 1323, 142, 1745, 1588, 1473, 38, 1192, 735, 832, 547, 1186, 843, 660, 869, 83, 695, 1629, 179, 1658, 157, 1758, 1747, 250, 312, 1361, 1163, 1798, 275, 1099, 1787, 964, 1066, 609, 1666, 774, 181, 1502, 407, 668, 593, 1623, 1101, 565, 1350, 1572, 1094, 512, 148, 809, 263, 1853, 908, 927, 626, 569, 1730, 757, 1574, 1866, 1107, 1706, 391, 1255, 947, 828, 1720, 1057, 19, 1364, 1575, 1914, 1562, 1909, 534, 973, 538, 1017, 646, 285, 309, 1884, 1059, 552, 697, 1702, 145, 819, 649, 665, 169, 1051, 171, 1529, 1470, 291, 1371, 1240, 1641, 1746, 1443, 1307, 1801, 369, 1365, 525, 167, 1121, 1430, 874, 528, 1459, 1617, 770, 359, 923, 507, 884, 1616, 1314, 1149, 1379, 891, 1442, 1047, 1887, 248, 1767, 1620, 283, 392, 1290, 1650, 242, 1399, 807, 159, 204, 775, 1827, 500, 1352, 700, 1265, 1102, 149, 1440, 1258, 1738, 347, 690, 468, 1726, 1234, 1126, 868, 1501, 621, 585, 1523, 121, 1108, 846, 1167, 1405, 114, 474, 1406, 195, 1144, 586, 384, 1680, 298, 308, 529, 901, 475, 992, 1811, 1655, 914, 1598, 560, 1452, 385, 1032, 1895, 756, 1893, 485, 1293, 1876, 378, 206, 61, 1762, 1335, 1779, 1062, 111, 550, 1357, 284, 1074, 880, 592, 712, 1454, 1660, 1067, 946, 1011, 193, 1838, 1072, 1065, 1267, 1217, 591, 678, 792, 180, 1313, 69, 84, 1603, 1775, 201, 1415, 457, 1359, 400, 1759, 1081, 554, 471, 1841, 446, 1670, 688, 140, 1600, 871, 1093, 460, 1831, 818, 940, 1128, 614, 1000, 987, 1048, 72, 465, 804, 1804, 826, 1006, 1129, 270, 954, 86, 107, 1744, 751, 1143, 1554, 1750, 556, 1692, 664, 943, 907, 1713, 881, 1793, 849, 972, 264, 1431, 1040, 1391, 680, 1864, 724, 1549, 455, 600, 389, 1301, 1262, 1073, 1216, 613, 314, 15, 657, 896, 549, 575, 719, 545, 937, 1585, 165, 1252, 338, 970, 1366, 1247, 1024, 14, 855, 212, 887, 977, 1225, 776, 10, 1903, 1423, 596, 726, 431, 959, 1159, 1033, 1458, 1196, 1526, 317, 1358, 454, 1647, 976, 773, 1786, 1462, 488, 41, 571, 1464, 599, 979, 864, 18, 306, 1299, 797, 332, 1424, 1286, 66, 51, 1230, 1527, 1042, 762, 219, 487, 1026, 1282, 1285, 1503, 1597, 1573, 758, 999, 30, 1215, 1315, 1227, 387, 1867, 1421, 220, 932, 1829, 26, 1822, 290, 1088, 1902, 429, 463, 197, 1156, 1539, 1491, 1027, 1901, 733, 1879, 833, 278, 1251, 1899, 1642, 73, 272, 1019, 1084, 1346, 1803, 845, 568, 286, 76, 956, 1237, 48, 939, 1601, 481, 1187, 176, 1231, 1545, 1664, 1244, 87, 47, 194, 1586, 1316, 1125, 1649, 1077, 995, 1665, 1428, 1219, 1712, 1038, 542, 998, 70, 929, 1648, 476, 886, 1134, 1733, 854, 853, 1283, 1432, 1723, 1269, 281, 1174, 110, 1685, 1868, 777, 1522, 353, 798, 1773, 409, 768, 1273, 1490, 221, 1154, 1499, 71, 1637, 720, 1850, 1198, 1755, 1915, 716, 1900, 1835, 672, 319, 1536, 226, 1472, 1602, 969, 492, 428, 895, 814, 1133, 62, 656, 1722, 1621, 1142, 1087, 524, 1590, 1030, 650, 1451, 1913, 1259, 1917, 544, 377, 862, 1202, 1177, 1274, 1123, 617, 605, 1106, 1855, 422, 1769, 362, 1721, 1329, 1206, 1506, 135, 1320, 217, 120, 1120, 1836, 710, 717, 1799, 1557, 722, 1694, 405, 375, 1034, 260, 1496, 411, 1672, 28, 637, 373, 1808, 134, 1012, 536, 1752, 983, 1135, 1576, 483, 13, 404, 841, 1172, 1041, 1843, 161, 847, 1369, 1910, 1782, 1671, 1376, 1856, 498, 806, 635, 1212, 438, 835, 1849, 1109, 1349, 1043, 2, 466, 610, 1165, 885, 951, 344, 300, 1807, 1908, 287, 1877, 705, 1872, 1581, 985, 328, 708, 730, 350, 307, 146, 840, 1180, 494, 16, 555, 1368, 1780, 779, 1771, 1203, 1754, 744, 863, 1684, 639, 1919, 738, 938, 1053, 618, 91, 1886, 1028, 472, 1050, 138, 131, 89, 416, 991, 1254, 467, 227, 1765, 1634, 1789, 1622, 1205, 1874, 839, 1151, 654, 1182, 815, 470, 670, 150, 718, 352, 1579, 879, 443, 1690, 32, 435, 1383, 501, 882, 1085, 1176, 1382, 1171, 686, 1140, 1105, 800, 1516, 1485, 516, 1475, 1434, 1911, 889, 239, 652, 1535, 1639, 335, 1325, 1784, 765, 663, 1224, 448, 1815, 739, 1812, 1076, 747, 1467, 732, 1654, 1828, 502, 1319, 1425, 1160, 1468, 368, 1732, 1248, 143, 808, 674, 713, 129, 1599, 288, 1005, 1643, 1729, 1918, 1064, 279, 1741, 406, 867, 729, 604, 1220, 750, 304, 936, 215, 1626, 1778, 1031, 1756, 305, 1699, 412, 1387, 1640, 210, 188, 253, 645, 1279, 349, 1898, 262, 1082, 213, 255, 1514, 1375, 576, 698, 986, 1119, 508, 1753, 104, 1296, 1380, 128, 163, 693, 1524, 924, 842, 812, 1348, 199, 1386, 1628, 1435, 1772, 817, 931, 334, 1360, 390, 1413, 1783, 944, 905, 1271, 1132, 1857, 35, 340, 1461, 506, 1150, 1455, 594, 1020, 1178, 1770, 1389, 1276, 1355, 1228, 990, 1480, 1100, 1326, 282, 1321, 852, 200, 1146, 1253, 49, 1682, 1221, 1840, 1525, 1037, 1170, 1800, 648, 1243, 266, 926, 782, 1667, 984, 570, 1289, 1860, 893, 1630, 479, 339, 246, 866, 1631, 211, 684, 60, 125, 1513, 836, 43, 1450, 515, 1256, 244, 1063, 1693, 913, 966, 54, 432, 1869, 254, 1916, 577, 1096, 540, 1075, 1261, 1871, 1587, 381, 634, 205, 269, 489, 1890, 37, 746, 386, 551, 1414, 953, 1403, 709, 622, 1497, 1561, 1324, 158, 624, 426, 1466, 44, 267, 994, 318, 1398, 397, 95, 786, 81, 1332, 837, 289, 865, 965, 67, 1696, 816, 1044, 820, 229, 1400, 1362, 491, 1139, 1873, 1338, 559, 1016, 1021, 1436, 1002, 1797, 40, 224, 1615, 1385, 941, 1308, 978, 794, 231, 834, 1675, 1736, 31, 1181, 562, 831, 1272, 767, 372, 1825, 1669, 760, 380, 1343, 42, 1351, 1337, 1441, 268, 1644, 1015, 52, 1469, 1861, 1481, 22, 1605, 361, 1381, 410, 1333, 975, 1046, 1595, 348, 1768, 366, 1281, 772, 974, 495, 358, 590, 187, 631, 1695, 687, 1328, 572, 588, 1805, 620, 1577, 1449, 1433, 1659, 320, 418, 346, 602, 573, 1709, 1300, 113, 427, 1891, 1341, 236, 1001, 370, 723, 1092, 1560, 379, 662, 79, 850, 1704, 824, 627, 436, 666, 1103, 653, 945, 1370, 1232, 587, 234, 103, 1858, 934, 1420, 123, 1818, 1310, 499, 1739, 1493, 1847, 1553, 740, 124, 1260, 1378, 1842, 1777, 1816, 1543, 749, 608, 1563, 996, 25, 101, 90, 459, 337, 122, 580, 829, 533, 292, 452, 1614, 1183, 1322, 1278, 521, 1136, 1190, 96, 259, 1645, 1008, 1888, 342, 445, 1504, 162, 382, 1894, 784, 1404, 1531, 1312, 444, 1097, 1447, 1280, 872, 168, 50, 1687, 1593, 1610, 98, 1242, 769, 642, 1309, 888, 433, 302, 1263, 1169, 1656, 1295, 243, 921, 1438, 1161, 877, 640, 1541, 24, 703, 980, 1173, 935, 1519, 440, 1512, 1137, 822, 1014, 310, 511, 583, 1518, 458, 274, 109, 856, 522, 11, 462, 1236, 232, 633, 1567, 1241, 989, 1725, 280, 875, 1083, 1833, 324, 1566, 249, 172, 696, 1505, 1010, 1477, 1327, 910, 861, 88, 99, 357, 437, 80, 1292, 764, 175, 395, 1716, 699, 1483, 1717, 673, 623, 1697, 1479, 1060, 1651, 553, 981, 218, 1110, 185, 77, 900, 371, 904, 1390, 21, 1882, 595, 1718, 1476, 152, 420, 918, 192, 1679, 1484, 1863, 787, 567, 851, 441, 530, 517, 1419, 1388, 329, 301, 1330, 876, 478, 1530, 676, 1844, 403, 74, 647, 728, 230, 519, 256, 737, 235, 1796, 182, 858, 504, 1287, 1124, 1229, 294, 625, 894, 759, 1544, 330, 1711, 505, 903, 1055, 1238, 1397, 1686, 136, 1275, 1580, 1584, 59, 1112, 1636, 166, 655, 1520, 1540, 374, 496, 414, 1226, 154, 860, 531, 1465, 1345, 1662, 1284, 669, 1627, 1408, 36, 191, 1748, 7, 1498, 802, 325, 957, 208, 228, 1201, 950, 1318, 155, 948, 133, 920, 442, 225, 611, 1633, 796, 667, 1652, 1304, 1609, 1611, 527, 1427, 1354, 689, 930, 870, 925, 56, 1402, 100, 189, 1068, 1737, 322, 523, 247, 971, 1445, 55, 579, 1374, 1571, 1521, 890, 785, 58, 671, 1608, 1168, 1742, 899, 299, 778, 1542, 761, 566, 46, 1708, 1719, 351, 1392, 651, 1764, 811, 449, 922, 261, 1036, 694, 127, 1114, 707, 1487, 1852, 1802, 873, 174, 1865, 1710, 763, 164, 1632, 345, 539, 1141, 805, 919, 911, 184, 548, 1422, 1625, 1155, 399, 1795, 1845, 1889, 1565, 45, 603, 1444, 1517, 1823, 1246, 477, 64, 1164, 1411, 781, 8, 1635, 1583, 1200, 241, 151, 177, 333, 629, 1453, 293, 1760, 636, 1239, 1115, 727, 273, 1394, 1266, 1184, 1619, 1743, 313, 1904, 982, 1367, 153, 564, 1806, 331, 1862, 1848, 606, 1264, 57, 97, 1774, 1814, 1086, 1029, 393, 1488, 85, 1509, 1550, 725, 1638, 1846, 1342, 1728, 993, 421, 1781, 681, 473, 1604, 364, 1613, 679, 780, 1885, 581, 1130, 116, 823, 355, 736, 75, 398, 557, 1740, 1515, 1596, 1250, 641, 1683, 198, 1363, 589, 1223, 1209, 417, 209, 1810, 9, 535, 1500, 1881, 1208, 909, 0, 702, 1897, 598, 1189, 748, 675, 1691, 1152, 755, 4, 1416, 830, 439, 1222, 1340, 692, 1003, 34, 356, 170, 1761, 1657, 1578, 401, 795, 1507, 997, 644, 1166, 447, 518, 563, 336, 1820, 343, 597, 844, 1058, 497, 311, 1463, 754, 1218, 1191, 1148, 1612, 1022, 1344, 1776, 942, 906, 1409, 1098, 130, 1418, 1830, 190, 1303, 1749, 607, 825, 92, 677, 628, 326, 715, 949, 27, 1537, 1025, 1439, 1277, 396, 1270, 53, 558, 584, 616, 630, 1533, 532, 1113, 612, 1080, 173, 1090, 838, 17, 897, 1306, 1311, 1131, 388, 1118, 1528, 1426, 1257, 1460, 1714, 1407, 144, 1734, 258, 1731, 526, 367, 1834, 126, 1104, 638, 791, 265, 223, 461, 1457, 139, 456, 1905, 1663, 1412, 1568, 1763, 883, 1661, 1678, 493, 1606, 1813, 541, 1757, 276, 296, 1673, 222, 1707, 183, 257, 615, 1478, 742, 376, 810, 661, 365, 156, 1298, 1701, 1653, 202, 1334, 1197, 1482, 106, 323, 1448, 1558, 1179, 1854, 902, 1049, 297, 216, 1268, 277, 1336, 1393, 65, 1456, 1052, 5, 1735, 1495, 1175, 988, 117, 721, 1788, 315, 1819, 1305, 1794, 520, 543, 1214, 917, 731, 1091, 1147, 1070, 68, 892, 1486, 464, 783, 115, 1883, 1372, 752, 383, 1122, 582, 1039, 1213, 574, 1594, 1870, 1111, 1792, 706, 1674, 233, 1607, 691, 1417, 1071, 711, 1538, 252, 741, 1396, 1211, 1429, 1906, 513, 799, 1384, 1138, 1688, 1681, 1045, 961, 743, 1824, 619, 766, 1727, 147, 827, 1117, 1547, 1892, 39, 82, 1546, 963, 178, 658, 1592, 425, 484, 415, 1204, 1331, 1207, 561, 912, 451, 1548, 1494, 1210, 1676, 685, 1291, 793, 632, 1018], [1054, 207, 1715, 1233, 514, 238, 1377, 1677, 878, 1624, 1145, 1009, 469, 962, 1194, 93, 1556, 1851, 1569, 1089, 745, 423, 23, 821, 29, 1401, 789, 1791, 788, 1079, 1347, 503, 1199, 753, 848, 1294, 801, 682, 955, 112, 1188, 402, 1878, 1817, 1288, 1821, 1245, 1302, 1007, 1705, 271, 510, 1510, 327, 1127, 486, 1555, 1004, 1589, 1511, 1700, 1373, 1668, 341, 1489, 1790, 1492, 321, 659, 578, 303, 118, 960, 453, 160, 683, 1832, 434, 701, 928, 480, 1446, 1552, 704, 94, 1317, 1410, 394, 186, 771, 859, 1395, 1646, 1570, 1353, 714, 1297, 360, 1153, 1185, 1766, 1471, 1013, 1356, 1437, 78, 63, 1618, 537, 482, 3, 450, 1339, 490, 857, 251, 898, 916, 546, 1809, 1689, 1078, 1069, 1, 1035, 1534, 1158, 203, 1837, 1095, 1235, 295, 933, 1474, 1559, 240, 105, 419, 1751, 1061, 1896, 1162, 1508, 1195, 237, 509, 1875, 6, 1564, 1698, 1907, 20, 1023, 1157, 1724, 132, 1912, 108, 1839, 734, 413, 316, 1249, 1880, 430, 915, 952, 813, 1532, 1116, 1859, 137, 1703, 141, 1785, 1582, 643, 119, 12, 968, 1193, 408, 214, 601, 967, 803, 1551, 363, 424, 958, 1826, 196]]
Resuming from epoch 65: /scratch/users/ntu/yguo017/dino-wm-wall/checkpoints/outputs/wall_single/checkpoints/model_latest.pth
Using cache found in /var/tmp/pbs.16170841.pbs101/dino-wall-full-16170841.pbs101/runtime/torch/hub/facebookresearch_dinov2_7764ea0f912e53c92e82eb78a2a1631e92725fc8
num_action_repeat: 1
num_proprio_repeat: 1
proprio encoder: ProprioceptiveEmbedding(
  (patch_embed): Conv1d(2, 10, kernel_size=(1,), stride=(1,))
)
action encoder: ProprioceptiveEmbedding(
  (patch_embed): Conv1d(10, 10, kernel_size=(1,), stride=(1,))
)
proprio_dim: 10, after repeat: 10
action_dim: 10, after repeat: 10
emb_dim: 404
Model emb_dim:  404
eval_seed:  [1, 100, 199, 298, 397, 496, 595, 694, 793, 892, 991, 1090, 1189, 1288, 1387, 1486, 1585, 1684, 1783, 1882, 1981, 2080, 2179, 2278, 2377, 2476, 2575, 2674, 2773, 2872, 2971, 3070, 3169, 3268, 3367, 3466, 3565, 3664, 3763, 3862, 3961, 4060, 4159, 4258, 4357, 4456, 4555, 4654, 4753, 4852]
Dumped plan targets to /scratch/users/ntu/yguo017/dino-wm-wall/artifacts/16170841.pbs101/plan_targets.pkl
Success rate:  0.0
{'success': array([False, False, False, False, False, False, False, False, False,
       False, False, False, False, False, False, False, False, False,
       False, False, False, False, False, False, False, False, False,
       False, False, False, False, False, False, False, False, False,
       False, False, False, False, False, False, False, False, False,
       False, False, False, False, False]), 'state_dist': array([25.71496325, 20.39550165, 29.06351009, 25.37965486, 22.73386111,
       28.59579871, 19.72239495, 33.19213822, 14.41167657, 35.87723884,
       27.91495605, 22.57163346, 33.91917241, 26.98057935, 26.85616839,
       19.19808659, 31.41575534, 10.81769818, 32.00439204, 37.67337332,
       23.41743944, 21.26599438, 40.88943061, 22.12975716, 11.78387885,
       37.76435061, 24.25371551, 25.01200944, 19.38867663, 23.84708553,
       22.19720938, 15.06171024, 16.61620777, 21.55989403, 19.39909632,
       20.42103106, 24.80139326, 25.80954294, 27.29256827, 31.00472035,
       31.07731334, 20.78076156, 18.95052498, 37.63970901, 27.83786474,
       20.36145691, 27.37374826, 37.27264854, 22.56702749, 20.94484212])}
Success rate:  0.02
{'success': array([False, False, False, False, False, False, False, False,  True,
       False, False, False, False, False, False, False, False, False,
       False, False, False, False, False, False, False, False, False,
       False, False, False, False, False, False, False, False, False,
       False, False, False, False, False, False, False, False, False,
       False, False, False, False, False]), 'state_dist': array([20.64194846, 21.25715258, 17.40925648, 16.20739309, 12.5378745 ,
       19.30956235, 18.61528863, 20.45015696,  3.89447304, 33.54042669,
       16.48409542, 10.78015446, 22.4697805 , 14.4043986 , 14.86586863,
       17.10578959, 24.64785043,  7.77328922, 21.11276383, 25.67614816,
       14.45789289, 16.48625462, 29.7502639 , 11.21179218, 12.64583114,
       27.71449414,  7.33478398, 25.00088137, 17.81691984, 22.32602492,
       19.33431982, 12.44582738,  5.23985512, 14.31316036, 20.79230025,
       10.93543642, 18.83455533, 18.87885057, 16.17500754, 21.40558727,
       20.79246218, 22.18671481, 13.66008697, 23.98996057, 19.66385675,
       14.90178175, 27.22483553, 24.74183103, 21.87672617, 11.29440118])}
Success rate:  0.24
{'success': array([False,  True, False, False, False, False, False, False,  True,
       False, False,  True, False,  True, False, False, False,  True,
       False, False,  True, False, False,  True, False, False,  True,
       False, False, False, False, False,  True, False, False, False,
       False,  True, False, False, False, False, False, False, False,
        True, False, False, False,  True]), 'state_dist': array([20.53157255,  1.95331917, 16.19709785, 17.23885953,  5.88217045,
       18.81004187, 18.51555897, 12.50433875,  2.95000424, 25.38466922,
       14.19526883,  1.77358032, 13.52993935,  4.02166156,  5.02712432,
       18.02744082, 10.66693928,  4.17209599,  9.68785174, 21.82072646,
        2.9308016 , 16.92052018, 24.75334356,  3.35304329, 12.5552484 ,
       28.15438349,  2.54920302, 25.0850391 , 18.93798565, 22.5387344 ,
       20.07626254, 12.79370306,  2.32621895,  5.44991992, 18.72632742,
        8.39176608,  7.45131953,  3.95625909,  6.47226843, 22.52523398,
       11.64911525, 16.30767552, 14.14097557, 14.04459627,  8.19000216,
        1.43369524, 27.72506891, 23.58075216, 21.9633228 ,  1.01430899])}
Success rate:  0.48
{'success': array([False,  True, False,  True, False, False, False,  True,  True,
       False, False,  True,  True,  True,  True, False,  True,  True,
        True, False,  True, False, False, False, False, False,  True,
        True, False, False, False, False,  True,  True, False, False,
        True,  True,  True, False,  True, False, False,  True,  True,
        True, False, False, False,  True]), 'state_dist': array([20.51333019,  4.35977594, 16.34466142,  4.17879344,  4.64732976,
        4.81800812, 18.44742841,  1.3833059 ,  2.24335324, 12.6825346 ,
        5.21643853,  2.97493986,  4.01696135,  2.87381976,  1.57616038,
       18.14436834,  1.18975958,  2.6280896 ,  1.53741296, 20.12109769,
        3.35821872, 16.92052018,  9.73070401,  4.81042633, 12.64146509,
       26.6996548 ,  2.54801168,  3.44063711, 18.70958565, 22.89023053,
       22.40326767, 13.64854943,  3.19727826,  1.4312198 , 18.80972629,
        4.79521076,  3.4310585 ,  3.96955981,  0.46350451, 21.93385349,
        3.74300279,  6.05539341, 13.83272306,  4.08402435,  0.22748889,
        2.3584361 , 27.84217217,  7.18722054, 21.8800905 ,  2.49831227])}
Success rate:  0.48
{'success': array([False, False, False,  True, False,  True, False,  True,  True,
       False,  True,  True,  True,  True,  True, False, False,  True,
        True, False, False, False,  True, False, False, False,  True,
       False, False, False, False, False,  True, False,  True, False,
        True, False,  True,  True,  True,  True, False,  True,  True,
        True, False, False, False,  True]), 'state_dist': array([14.83862742,  5.58674091,  8.89652284,  3.9612878 ,  4.56760231,
        2.3447526 ,  6.18779099,  3.73012542,  1.50760141,  7.75764441,
        1.67019681,  3.05644582,  3.78002142,  3.50756168,  2.08812447,
       18.14436834,  5.07542943,  1.55274415,  4.30497179, 20.28224579,
        5.35464696, 16.92052018,  2.99795363,  6.05961772, 12.5552484 ,
       26.29668222,  3.18870787,  5.44306702, 18.99004321, 22.78115287,
        4.98352966, 13.07180268,  3.52683063,  5.11383011,  1.25331938,
        5.42372124,  1.98074145,  5.20312449,  1.8325455 ,  2.38485211,
        0.8126735 ,  2.10024286, 13.86816566,  2.24680107,  1.82166103,
        3.47268696, 27.84217217,  8.16058852, 21.90906006,  4.28703531])}
Success rate:  0.46
{'success': array([False,  True, False, False, False,  True,  True,  True,  True,
       False, False, False,  True,  True,  True, False, False,  True,
        True, False,  True, False, False, False, False, False,  True,
       False, False, False,  True, False,  True, False,  True,  True,
        True, False,  True, False, False,  True, False,  True,  True,
        True, False, False, False,  True]), 'state_dist': array([ 9.39266496,  1.13729194,  8.96791097,  4.65235712,  5.04995566,
        2.25865744,  3.24349444,  4.48043612,  2.40247863,  5.40427119,
       14.99613832,  4.668849  ,  3.84268318,  4.08460687,  2.70226907,
       18.14436834,  6.60887738,  2.63987679,  2.27573562,  6.91643827,
        3.01676682, 16.92052018,  4.68991372,  6.69163409, 12.5552484 ,
       29.14253498,  3.0154121 ,  7.05796952, 19.44358956, 22.7675312 ,
        4.34569388, 12.78004958,  3.90274797,  4.78969446,  1.66718009,
        3.39481829,  2.03071193,  6.27998209,  1.38373398,  7.36227063,
        5.31277503,  1.15283682, 13.93830213,  3.1300259 ,  0.81273732,
        3.32680558, 27.84217217,  8.00074905, 21.98304176,  4.26853343])}
Success rate:  0.48
{'success': array([False,  True, False, False, False,  True,  True, False,  True,
       False, False,  True,  True,  True,  True, False, False,  True,
        True, False,  True, False, False, False, False, False,  True,
       False, False, False, False, False,  True,  True,  True,  True,
        True, False,  True,  True, False,  True, False,  True,  True,
        True, False, False, False,  True]), 'state_dist': array([ 7.6410334 ,  0.39400149,  7.51497424,  6.34877201,  5.66874156,
        2.20476966,  3.10419845,  5.49184036,  1.02370315,  7.28817912,
       15.40215797,  3.63578646,  3.11295923,  3.07936895,  3.31723335,
       18.14436834,  7.33328687,  2.51900742,  2.78504396,  6.96227916,
        3.86419318, 16.92052018,  5.17290106,  6.14067365, 12.5552484 ,
        4.6933762 ,  2.35915907,  5.08862892, 20.97704296, 22.63948409,
        5.15877205, 12.87120951,  4.07345645,  3.30109375,  0.93854743,
        3.20791855,  1.32695925,  5.72509153,  2.86345922,  0.95714114,
        7.07851378,  1.31651807, 13.49045629,  2.97049697,  1.75633448,
        3.36918304, 27.84217217,  5.10744769, 10.66409595,  4.28442524])}
Success rate:  0.52
{'success': array([False,  True, False, False,  True,  True,  True, False,  True,
       False, False,  True,  True,  True,  True, False, False,  True,
        True, False,  True, False,  True, False, False, False,  True,
       False,  True, False, False, False,  True,  True,  True,  True,
        True, False,  True, False, False,  True, False,  True,  True,
        True, False, False, False,  True]), 'state_dist': array([ 5.24914024,  2.71086951,  7.22454306,  5.37852009,  3.76863673,
        2.35151573,  2.82742339,  5.0841185 ,  0.88609033,  7.82806779,
       15.29415888,  3.2129706 ,  0.57208316,  4.45570009,  3.76568411,
       18.14436834,  6.63429903,  2.0766103 ,  0.75519606,  7.71035002,
        2.42605261, 16.67653901,  2.07152336, 11.42539927, 12.6641859 ,
        4.80139046,  3.62499994,  4.82423719,  2.93435317, 22.7812236 ,
        5.15673091, 12.99832713,  3.89834162,  2.35637176,  1.92057228,
        3.42256652,  1.48232247,  7.57382964,  2.95915401, 13.32536523,
        7.43751018,  1.62241085, 14.41261402,  2.99229305,  3.20135362,
        3.97298043, 27.91214576,  9.31363727,  5.44004942,  0.65375985])}
Success rate:  0.56
{'success': array([False,  True, False,  True,  True,  True,  True,  True,  True,
       False, False,  True,  True, False, False, False, False,  True,
        True, False,  True, False,  True, False, False, False,  True,
        True, False, False, False, False,  True,  True,  True,  True,
        True, False,  True,  True,  True, False, False,  True,  True,
        True, False, False,  True,  True]), 'state_dist': array([ 7.18803125,  2.54070447,  7.03202387,  4.3158989 ,  2.53910687,
        2.03472944,  3.10130258,  4.43615929,  0.16793074,  8.71760168,
       15.4250282 ,  3.10436534,  0.72100342,  4.66542066,  4.84037846,
       18.14436834,  8.11073979,  0.24133927,  1.35398999,  7.01317249,
        3.58653909, 16.92052018,  3.10584989, 12.82331095, 12.64880708,
        5.01312936,  3.62121737,  3.71134893, 18.83717238, 22.99767772,
        5.06774393, 12.81794971,  3.30609968,  4.24991586,  2.09122995,
        3.43873217,  3.45270804,  8.94700277,  1.61211767,  3.06771287,
        3.63168584, 13.11323495, 14.7800755 ,  2.96962713,  1.3414791 ,
        3.58193479, 27.91196416, 11.36338929,  3.0212528 ,  1.22257507])}
Success rate:  0.52
{'success': array([ True,  True, False,  True,  True,  True,  True, False,  True,
       False, False,  True,  True, False, False, False, False,  True,
        True, False,  True, False,  True, False, False, False,  True,
       False,  True, False, False, False,  True,  True, False,  True,
        True, False,  True, False, False,  True, False,  True,  True,
        True, False, False,  True,  True]), 'state_dist': array([ 2.53328114,  3.84295577,  8.98505336,  3.33637719,  2.28828092,
        3.84815632,  3.40245468,  4.99263397,  2.4391779 ,  8.61286686,
       15.05868923,  2.51813845,  0.13974261,  4.90032989,  5.97905274,
       18.14436834,  7.98113836,  0.22435194,  2.04899091,  7.30584314,
        1.8766355 , 16.92052018,  3.44478667,  5.72299225, 12.5552484 ,
        4.69654533,  4.12749317,  4.5820104 ,  1.40505136, 23.01826438,
        5.62144672, 12.73994951,  2.63523439,  2.66878917, 19.73268675,
        2.11005337,  1.72939761,  9.05251223,  2.47635782, 11.50102836,
        7.70468412,  1.89996837, 15.09448828,  2.95367913,  0.93754826,
        1.77858976, 27.90953354,  7.96564291,  3.8220512 ,  0.32577414])}
CEM_TIMING {"stage": "plan_0", "seconds": 635.6767927379988, "n_evals": 50, "peak_allocated_gib": 4.061030864715576}
MPC iter 0 Eval ------- 
Success rate:  0.52
{'success': array([ True,  True, False,  True,  True,  True,  True, False,  True,
       False, False,  True,  True, False, False, False, False,  True,
        True, False,  True, False,  True, False, False, False,  True,
       False,  True, False, False, False,  True,  True, False,  True,
        True, False,  True, False, False,  True, False,  True,  True,
        True, False, False,  True,  True]), 'state_dist': array([ 2.53328114,  3.84295577,  8.98505336,  3.33637719,  2.28828092,
        3.84815632,  3.40245468,  4.99263397,  2.4391779 ,  8.61286686,
       15.05868923,  2.51813845,  0.13974261,  4.90032989,  5.97905274,
       18.14436834,  7.98113836,  0.22435194,  2.04899091,  7.30584314,
        1.8766355 , 16.92052018,  3.44478667,  5.72299225, 12.5552484 ,
        4.69654533,  4.12749317,  4.5820104 ,  1.40505136, 23.01826438,
        5.62144672, 12.73994951,  2.63523439,  2.66878917, 19.73268675,
        2.11005337,  1.72939761,  9.05251223,  2.47635782, 11.50102836,
        7.70468412,  1.89996837, 15.09448828,  2.95367913,  0.93754826,
        1.77858976, 27.90953354,  7.96564291,  3.8220512 ,  0.32577414])}
self.is_success:  [ True  True False  True  True  True  True False  True False False  True
  True False False False False  True  True False  True False  True False
 False False  True False  True False False False  True  True False  True
  True False  True False False  True False  True  True  True False False
  True  True]
Success rate:  0.76
{'success': array([ True,  True,  True,  True,  True,  True,  True,  True,  True,
        True, False,  True,  True,  True,  True, False, False,  True,
        True,  True,  True, False,  True,  True, False,  True,  True,
        True,  True, False,  True, False,  True,  True, False,  True,
        True, False,  True,  True,  True,  True, False,  True,  True,
        True, False, False,  True,  True]), 'state_dist': array([ 0.82575625,  0.88660513,  2.78959856,  0.63270776,  1.2111268 ,
        1.1146348 ,  0.82849885,  1.56703031,  1.05832503,  1.05349641,
       14.89852792,  2.10853115,  0.77118531,  0.24359879,  1.11311499,
       18.26387439,  4.88052599,  1.95656144,  1.09328136,  3.41818488,
        1.1194875 , 16.92052018,  1.44217058,  1.39152572, 12.6473396 ,
        2.45160799,  0.45955754,  2.82486659,  0.46026734, 22.46488615,
        0.38566792, 14.15334481,  0.44433065,  0.13146414, 20.16689697,
        0.25411096,  1.56746797,  4.59768195,  1.32428603,  2.46512398,
        2.90167252,  0.2406606 , 13.61467173,  1.93472392,  2.47759748,
        0.81876313, 27.84217217,  5.79822236,  1.41683442,  0.872151  ])}
Success rate:  0.84
{'success': array([ True,  True,  True,  True,  True,  True,  True,  True,  True,
        True,  True,  True,  True,  True,  True, False,  True,  True,
        True,  True,  True, False,  True,  True, False,  True,  True,
        True,  True, False,  True, False,  True,  True, False,  True,
        True,  True,  True,  True,  True,  True, False,  True,  True,
        True, False,  True,  True,  True]), 'state_dist': array([ 0.83068606,  0.41178536,  0.53129264,  0.39223447,  1.2422102 ,
        1.31195018,  0.67627855,  1.46686623,  1.80401969,  1.19222891,
        4.19156842,  1.90053901,  0.74615329,  0.16036222,  0.87558963,
       17.429926  ,  4.45350587,  1.44836609,  1.2773488 ,  2.30246341,
        1.61936469, 16.92052018,  1.9061034 ,  0.93394118, 12.62342909,
        2.93348971,  0.74432484,  4.03730676,  0.05685069, 24.37577   ,
        1.03317623, 14.00380039,  0.69806651,  0.892097  , 19.06543771,
        1.27755808,  1.3722716 ,  3.31154156,  1.45612598,  1.49043576,
        3.3169613 ,  0.59925921, 15.11979001,  1.43084329,  1.39425378,
        0.24763157, 27.84217217,  2.71762471,  0.96233376,  0.95350108])}
Success rate:  0.84
{'success': array([ True,  True,  True,  True,  True,  True,  True,  True,  True,
        True,  True,  True,  True,  True,  True, False,  True,  True,
        True,  True,  True, False,  True,  True, False,  True,  True,
        True,  True, False,  True, False,  True,  True, False,  True,
        True,  True,  True,  True,  True,  True, False,  True,  True,
        True, False,  True,  True,  True]), 'state_dist': array([ 0.24627924,  0.68311587,  0.27452391,  0.58120973,  1.67551091,
        1.21214707,  0.64022465,  1.2864302 ,  0.75759329,  1.63115494,
        1.34303805,  1.92173927,  1.49797562,  0.64347174,  1.3520037 ,
       17.39705622,  3.30471547,  0.5931721 ,  0.66536138,  1.14618308,
        1.45574085, 16.92052018,  1.91965898,  0.21171167, 12.61127219,
        2.24280887,  0.95121054,  3.33792238,  0.42044274, 24.2055733 ,
        1.26279415, 15.06449537,  0.67447544,  0.18633779,  5.8730344 ,
        0.95387709,  1.51559446,  2.4236808 ,  1.55814241,  0.40282736,
        2.74034095,  0.40552206, 15.58565132,  1.52359722,  2.48272295,
        0.64099034, 27.80502515,  2.26076381,  0.88451435,  0.76462527])}
Success rate:  0.84
{'success': array([ True,  True,  True,  True,  True,  True,  True,  True,  True,
        True,  True,  True,  True,  True,  True, False,  True, False,
        True,  True,  True, False,  True,  True, False,  True,  True,
        True,  True, False,  True, False,  True,  True,  True,  True,
        True,  True,  True,  True,  True,  True, False,  True,  True,
        True, False,  True,  True,  True]), 'state_dist': array([ 0.76630822,  1.31571853,  0.94033607,  0.81447794,  0.98587816,
        1.42300709,  0.9224185 ,  2.06303106,  1.41722346,  0.34261563,
        2.03196315,  1.39399634,  1.30703199,  0.71930332,  0.81768506,
       16.90180357,  2.2209368 ,  4.96505954,  1.5817933 ,  1.44560132,
        0.9112014 , 16.92052018,  1.35015556,  0.79827623, 12.5552484 ,
        1.6555596 ,  0.8070699 ,  1.93272905,  0.56711322, 25.17714108,
        1.69261653, 15.01815884,  0.28177882,  0.1128602 ,  0.83205251,
        2.34094771,  1.16323086,  3.0697503 ,  1.67090284,  1.07605799,
        2.1359132 ,  0.27914325, 15.00852814,  0.71396695,  3.52796876,
        0.2843125 , 27.25850779,  2.27510013,  1.18253084,  1.09918767])}
Success rate:  0.86
{'success': array([ True,  True,  True,  True,  True,  True,  True,  True,  True,
        True,  True,  True,  True,  True,  True, False,  True,  True,
        True,  True,  True, False,  True,  True, False,  True,  True,
        True,  True, False,  True, False,  True,  True,  True,  True,
        True,  True,  True,  True,  True,  True, False,  True,  True,
        True, False,  True,  True,  True]), 'state_dist': array([ 0.75270771,  0.8242787 ,  0.9605424 ,  0.55506585,  2.28974653,
        0.81977835,  0.73229981,  1.0107482 ,  2.33093411,  0.73699251,
        2.64912382,  1.22095363,  1.17241421,  0.63436619,  1.34747768,
       16.63187639,  2.18614161,  0.8757403 ,  0.61149774,  0.8421129 ,
        1.13648615, 16.92052018,  1.85212324,  0.1115228 , 12.56096285,
        1.90818973,  1.50508107,  2.62044533,  0.15006518, 25.92866944,
        1.20746079, 15.56927698,  0.90685451,  0.24917262,  1.4441625 ,
        1.45526804,  1.26683758,  2.50262912,  1.49298236,  0.68444539,
        1.59211857,  0.40552692, 14.88208928,  0.75561301,  3.51959195,
        0.10496408, 27.08948676,  2.29993076,  0.81336685,  0.47088305])}
Success rate:  0.88
{'success': array([ True,  True,  True,  True,  True,  True,  True,  True,  True,
        True,  True,  True,  True,  True,  True, False,  True,  True,
        True,  True,  True, False,  True,  True, False,  True,  True,
        True,  True,  True,  True, False,  True,  True,  True,  True,
        True,  True,  True,  True,  True,  True, False,  True,  True,
        True, False,  True,  True,  True]), 'state_dist': array([ 0.84381831,  0.81315925,  0.62319373,  1.52945136,  2.00749396,
        0.75452298,  0.41159666,  1.15052896,  2.4823416 ,  1.9785709 ,
        1.17610003,  0.9897902 ,  1.27724476,  0.26512342,  2.26083857,
       16.51913584,  2.26293526,  0.79631123,  0.55420679,  1.60394424,
        1.70493498, 16.92052018,  1.94666652,  0.30295569, 12.53070667,
        2.38970396,  1.09753853,  2.15667402,  0.47728071,  2.4148983 ,
        0.33656346, 16.31058874,  1.27668515,  0.41727118,  1.27864241,
        1.06240876,  1.84950649,  2.24288363,  1.41757681,  1.508393  ,
        1.5472168 ,  0.70535565, 14.25343556,  0.42837808,  3.38491733,
        0.17084499, 27.16087262,  1.38266632,  1.25082754,  0.68195831])}
Success rate:  0.88
{'success': array([ True,  True,  True,  True,  True,  True,  True,  True,  True,
        True,  True,  True,  True,  True,  True, False,  True,  True,
        True,  True,  True, False,  True,  True, False,  True,  True,
        True,  True,  True,  True, False,  True,  True,  True,  True,
        True,  True,  True,  True,  True,  True, False,  True,  True,
        True, False,  True,  True,  True]), 'state_dist': array([ 0.89849466,  0.79304401,  0.85527193,  0.68482407,  1.49041394,
        1.43488571,  0.60425224,  2.61381724,  1.62331239,  1.68100547,
        1.52121763,  1.37132314,  1.32804943,  1.54446758,  1.77578721,
       16.34532201,  1.99790139,  0.79008971,  0.86173671,  2.69481742,
        1.0342307 , 16.92052018,  1.64665645,  0.42010865, 12.58095381,
        1.41808366,  1.05955712,  1.84470417,  0.63936085,  2.27695345,
        0.48728349, 17.2901049 ,  0.76820273,  0.3108292 ,  2.05437516,
        1.08521523,  1.70103947,  2.1200201 ,  0.43959945,  0.77701568,
        1.03375696,  0.54454075, 14.36345412,  1.11836398,  1.65482604,
        0.36351686, 27.45385401,  2.77918856,  0.94610017,  0.61117254])}
Success rate:  0.88
{'success': array([ True,  True,  True,  True,  True,  True,  True,  True,  True,
        True,  True,  True,  True,  True,  True, False,  True,  True,
        True,  True,  True, False,  True,  True, False,  True,  True,
        True,  True,  True,  True, False,  True,  True,  True,  True,
        True,  True,  True,  True,  True,  True, False,  True,  True,
        True, False,  True,  True,  True]), 'state_dist': array([ 0.38165682,  1.01844625,  0.69468558,  0.89769186,  1.66641797,
        1.2937726 ,  0.52763752,  0.7173114 ,  1.32755108,  1.00816419,
        1.66664414,  1.66204741,  0.74132327,  1.46549912,  1.42330301,
       16.37182527,  2.08682008,  1.00249412,  1.1516426 ,  2.8470525 ,
        1.64471751, 16.92052018,  1.83200075,  0.8139859 , 12.62653822,
        2.04467007,  0.86087887,  2.3601575 ,  0.51357088,  2.37469836,
        1.5239117 , 17.81517509,  1.15933969,  0.86298521,  1.35341925,
        0.51445004,  2.04015548,  2.16880421,  0.40304973,  0.65269839,
        1.28564681,  0.20809384, 13.8841306 ,  0.08376083,  1.36913042,
        0.46213187, 28.18458118,  1.4208448 ,  1.27747421,  0.82312875])}
Success rate:  0.9
{'success': array([ True,  True,  True,  True,  True,  True,  True,  True,  True,
        True,  True,  True,  True,  True,  True, False,  True,  True,
        True,  True,  True, False,  True,  True, False,  True,  True,
        True,  True,  True,  True,  True,  True,  True,  True,  True,
        True,  True,  True,  True,  True,  True, False,  True,  True,
        True, False,  True,  True,  True]), 'state_dist': array([ 0.31380746,  0.76107193,  0.80026618,  0.6345475 ,  0.92016001,
        0.70261273,  0.62116016,  0.73643127,  2.97438068,  1.75817913,
        1.52512817,  1.42583204,  1.80544311,  1.49302697,  0.757157  ,
       16.42300678,  1.57745263,  0.95708567,  0.6911117 ,  1.38533812,
        1.39138528, 16.92052018,  2.13560021,  0.52057262, 12.58914026,
        2.40254662,  1.01148696,  2.46539233,  1.06822052,  1.97059512,
        0.12078975,  2.59927902,  1.07789111,  0.57601994,  1.16140546,
        1.87180589,  1.46975343,  0.75330745,  0.62584171,  0.46930195,
        1.53513516,  0.22822854, 13.93232929,  1.20713807,  2.28424072,
        0.38358383,  9.73977833,  1.6338515 ,  0.87926914,  0.83781202])}
Success rate:  0.88
{'success': array([ True,  True,  True,  True,  True,  True,  True,  True,  True,
        True,  True,  True,  True,  True,  True, False,  True,  True,
        True,  True,  True, False,  True,  True, False,  True,  True,
        True,  True,  True,  True, False,  True,  True,  True,  True,
        True,  True,  True,  True,  True,  True, False,  True,  True,
        True, False,  True,  True,  True]), 'state_dist': array([ 0.3323237 ,  0.93075948,  0.83494656,  0.0333714 ,  0.69688203,
        1.14190816,  0.27074749,  1.88849727,  2.56819782,  1.23745184,
        1.95281143,  0.98384613,  1.60438482,  2.10342721,  0.6025276 ,
       16.4186957 ,  1.50384241,  0.78420232,  0.88510225,  1.57329131,
        1.46308893, 16.92052018,  2.18808965,  0.43250602, 12.52291141,
        2.50635337,  1.26836677,  2.58275774,  0.84959054,  2.32068132,
        0.87361741, 17.94818517,  0.92589137,  0.60994808,  1.25111   ,
        2.51902819,  1.49976585,  1.33908033,  0.53095709,  1.72022799,
        1.15475957,  0.24419963, 13.80818184,  0.31962981,  1.94648241,
        0.42519219,  4.77615286,  1.1421364 ,  1.08498902,  0.64796797])}
CEM_TIMING {"stage": "plan_1", "seconds": 635.4635430490016, "n_evals": 50, "peak_allocated_gib": 4.061049938201904}
MPC iter 1 Eval ------- 
Success rate:  0.88
{'success': array([ True,  True,  True,  True,  True,  True,  True,  True,  True,
        True,  True,  True,  True,  True,  True, False,  True,  True,
        True,  True,  True, False,  True,  True, False,  True,  True,
        True,  True,  True,  True, False,  True,  True,  True,  True,
        True,  True,  True,  True,  True,  True, False,  True,  True,
        True, False,  True,  True,  True]), 'state_dist': array([ 2.53328114,  3.84295577,  0.83494656,  3.33637719,  2.28828092,
        3.84815632,  3.40245468,  1.88849727,  2.4391779 ,  1.23745184,
        1.95281143,  2.51813845,  0.13974261,  2.10342721,  0.6025276 ,
       16.4186957 ,  1.50384241,  0.22435194,  2.04899091,  1.57329131,
        1.8766355 , 16.92052018,  3.44478667,  0.43250602, 12.52291141,
        2.50635337,  4.12749317,  2.58275774,  1.40505136,  2.32068132,
        0.87361741, 17.94818517,  2.63523439,  2.66878917,  1.25111   ,
        2.11005337,  1.72939761,  1.33908033,  2.47635782,  1.72022799,
        1.15475957,  1.89996837, 13.80818184,  2.95367913,  0.93754826,
        1.77858976,  4.77615286,  1.1421364 ,  3.8220512 ,  0.32577414])}
self.is_success:  [ True  True  True  True  True  True  True  True  True  True  True  True
  True  True  True False  True  True  True  True  True False  True  True
 False  True  True  True  True  True  True False  True  True  True  True
  True  True  True  True  True  True False  True  True  True False  True
  True  True]
Success rate:  0.9
{'success': array([ True,  True,  True,  True,  True,  True,  True,  True,  True,
        True,  True,  True,  True,  True,  True, False,  True,  True,
        True,  True,  True, False,  True,  True, False,  True,  True,
        True,  True,  True,  True, False,  True,  True,  True,  True,
        True,  True,  True,  True,  True,  True, False,  True,  True,
        True,  True,  True,  True,  True]), 'state_dist': array([ 0.72475501,  0.60052101,  0.78659888,  0.5148649 ,  1.20543242,
        1.17919886,  0.70418384,  0.68161106,  0.25573141,  1.89519487,
        1.60960955,  2.42542303,  0.71356314,  0.39505982,  1.13799341,
       16.60437568,  1.05267582,  1.55578462,  0.52696381,  0.85440046,
        1.0439595 , 16.67653901,  1.43166946,  1.70184195, 12.41840499,
        1.50774084,  0.50716844,  1.21513902,  0.58980228,  0.67169939,
        0.31951053, 17.02654333,  0.39943335,  1.05276249,  0.33114375,
        0.33780401,  1.00257292,  0.53112804,  1.66735013,  0.68332286,
        1.59478134,  0.36024789, 13.70974248,  1.55608928,  2.34576064,
        0.71411959,  1.43823385,  1.58714866,  0.86499574,  0.56825187])}
Success rate:  0.92
{'success': array([ True,  True,  True,  True,  True,  True,  True,  True,  True,
        True,  True,  True,  True,  True,  True, False,  True,  True,
        True,  True,  True, False,  True,  True, False,  True,  True,
        True,  True,  True,  True,  True,  True,  True,  True,  True,
        True,  True,  True,  True,  True,  True, False,  True,  True,
        True,  True,  True,  True,  True]), 'state_dist': array([ 0.74463409,  0.69379873,  0.17271232,  0.63512331,  1.3100027 ,
        1.18469639,  0.74176146,  2.21399696,  0.73831087,  0.69281952,
        0.44926035,  3.80573742,  0.80857859,  0.46734655,  0.66571209,
       18.14436834,  1.95910737,  2.29038253,  0.74622626,  1.78470419,
        1.44791945, 16.92052018,  1.72020816,  1.13390159, 11.9742702 ,
        2.08256952,  0.95754603,  2.36970505,  0.3907063 ,  0.65817286,
        0.64881506,  4.18551707,  0.57183619,  0.42124475,  0.45185362,
        1.69223665,  1.215461  ,  1.27525189,  0.81011902,  1.19101842,
        0.65786889,  0.520332  , 14.34405888,  1.81302073,  1.88144194,
        0.46065061,  0.58605215,  1.90809415,  1.07791652,  1.31803598])}
Success rate:  0.92
{'success': array([ True,  True,  True,  True,  True,  True,  True,  True,  True,
        True,  True,  True,  True,  True,  True, False,  True,  True,
        True,  True,  True, False,  True,  True, False,  True,  True,
        True,  True,  True,  True,  True,  True,  True,  True,  True,
        True,  True,  True,  True,  True,  True, False,  True,  True,
        True,  True,  True,  True,  True]), 'state_dist': array([ 0.37663461,  0.5684    ,  0.39574528,  0.73909972,  1.15725935,
        1.36513661,  0.8635358 ,  2.29236037,  0.1963223 ,  1.27018238,
        1.11164084,  2.50747966,  0.63471102,  0.86668721,  0.83127172,
       18.14436834,  1.10834342,  1.36895863,  0.75861232,  1.28037553,
        0.93939898, 16.92052018,  2.05906349,  1.13763294, 12.60816539,
        1.66720175,  0.89396509,  2.41671621,  1.22936279,  0.83327387,
        1.0530966 ,  2.44041697,  1.02369389,  0.16079733,  1.03132473,
        2.03876724,  1.89605585,  0.61672966,  1.05916645,  1.32152045,
        1.97050865,  0.42327331, 13.539253  ,  0.44688574,  2.48927947,
        0.56424664,  1.02037006,  1.78444952,  0.78231644,  0.2816558 ])}
Success rate:  0.92
{'success': array([ True,  True,  True,  True,  True,  True,  True,  True,  True,
        True,  True,  True,  True,  True,  True, False,  True,  True,
        True,  True,  True, False,  True,  True, False,  True,  True,
        True,  True,  True,  True,  True,  True,  True,  True,  True,
        True,  True,  True,  True,  True,  True, False,  True,  True,
        True,  True,  True,  True,  True]), 'state_dist': array([ 0.62528326,  0.63758008,  0.98525618,  0.96732117,  0.91660238,
        0.9724785 ,  1.07218624,  1.11218913,  0.79068677,  0.21081918,
        1.36593848,  2.52148849,  0.9777976 ,  0.22254003,  1.28078439,
       18.14436834,  2.33866537,  1.70622959,  1.02121586,  2.36016131,
        1.2464147 , 16.92052018,  2.46662555,  0.71091555, 11.92479833,
        1.16925346,  0.88408243,  2.77362862,  1.56872698,  0.21481532,
        1.66323765,  2.78046354,  0.62283159,  0.39175055,  0.58124807,
        1.67882031,  1.22313945,  1.01579798,  0.58751265,  0.54408955,
        2.05589536,  0.50064026, 13.53841724,  0.87502352,  1.55525476,
        0.2111523 ,  1.81582236,  2.69587122,  0.8794568 ,  0.39901608])}
Success rate:  0.92
{'success': array([ True,  True,  True,  True,  True,  True,  True,  True,  True,
        True,  True,  True,  True,  True,  True, False,  True,  True,
        True,  True,  True, False,  True,  True, False,  True,  True,
        True,  True,  True,  True,  True,  True,  True,  True,  True,
        True,  True,  True,  True,  True,  True, False,  True,  True,
        True,  True,  True,  True,  True]), 'state_dist': array([ 0.38997897,  0.92610112,  0.95442742,  0.73322937,  0.74009927,
        1.22352333,  0.92129873,  0.41863276,  1.03250329,  1.53103152,
        1.30480387,  1.76273121,  0.73284235,  0.7425485 ,  1.83263121,
       18.14436834,  1.88106894,  1.57962038,  0.36296875,  2.28221636,
        0.54172178, 16.92052018,  2.10677569,  0.95655603, 12.40223009,
        1.59994792,  0.89704608,  1.6383452 ,  1.07837563,  1.45640942,
        1.31737705,  2.18958538,  0.6030641 ,  0.32214853,  0.58416   ,
        1.29847327,  1.88259373,  1.43308877,  1.21325804,  0.50796229,
        2.24180509,  0.52883185, 13.51447599,  1.13514183,  1.38502083,
        0.66255103,  1.09402613,  2.74038662,  0.90281251,  0.38371958])}
Success rate:  0.92
{'success': array([ True,  True,  True,  True,  True,  True,  True,  True,  True,
        True,  True,  True,  True,  True,  True, False,  True,  True,
        True,  True,  True, False,  True,  True, False,  True,  True,
        True,  True,  True,  True,  True,  True,  True,  True,  True,
        True,  True,  True,  True,  True,  True, False,  True,  True,
        True,  True,  True,  True,  True]), 'state_dist': array([ 0.29632044,  0.73027137,  0.90198736,  0.37215081,  0.69262836,
        1.0581146 ,  0.84330215,  0.50645665,  1.13499259,  1.23691668,
        1.10294485,  1.22618295,  0.94406494,  1.7186613 ,  1.01631046,
       18.14436834,  2.52087047,  2.94649486,  0.5865844 ,  2.0082165 ,
        0.60626111, 16.62819657,  1.96181343,  0.61228039, 12.48097129,
        1.86465265,  0.94687174,  1.54413085,  0.55768481,  1.89463153,
        0.96800409,  1.91098421,  0.64658708,  0.61199829,  0.2888898 ,
        1.68643041,  1.07838396,  1.00519053,  0.91709047,  0.57533843,
        2.39993484,  0.19983953, 13.49973327,  1.28464508,  0.99699441,
        1.04965696,  0.68046861,  2.29711066,  0.83745009,  0.43471813])}
Success rate:  0.92
{'success': array([ True,  True,  True,  True,  True,  True,  True,  True,  True,
        True,  True,  True,  True,  True,  True, False,  True,  True,
        True,  True,  True, False,  True,  True, False,  True,  True,
        True,  True,  True,  True,  True,  True,  True,  True,  True,
        True,  True,  True,  True,  True,  True, False,  True,  True,
        True,  True,  True,  True,  True]), 'state_dist': array([ 0.50805078,  0.98140544,  1.14073827,  1.36298392,  0.78730491,
        1.18657152,  0.88540673,  0.32110981,  0.79163975,  0.42277308,
        0.94068159,  0.66456972,  0.82097885,  1.33979789,  1.19075554,
       18.14436834,  2.67092306,  2.25895539,  0.94160872,  1.5825431 ,
        0.75297278, 16.53180197,  2.24095872,  1.20611586, 12.50804591,
        1.58092492,  1.50315902,  1.84314057,  0.68954818,  0.77700796,
        1.21375515,  1.27381137,  0.4907569 ,  0.67753088,  0.38339947,
        1.58605121,  1.77565607,  1.03518892,  1.09637705,  0.55167228,
        1.66894897,  0.50898572, 13.96116085,  1.84119518,  1.2804164 ,
        0.33101909,  0.11043269,  1.59342475,  0.60320183,  0.3716353 ])}
Success rate:  0.92
{'success': array([ True,  True,  True,  True,  True,  True,  True,  True,  True,
        True,  True,  True,  True,  True,  True, False,  True,  True,
        True,  True,  True, False,  True,  True, False,  True,  True,
        True,  True,  True,  True,  True,  True,  True,  True,  True,
        True,  True,  True,  True,  True,  True, False,  True,  True,
        True,  True,  True,  True,  True]), 'state_dist': array([ 0.20900313,  0.77585817,  0.8124456 ,  0.59936346,  0.93899929,
        1.01889785,  0.74649345,  0.88881533,  1.22251359,  0.38355388,
        0.9722289 ,  0.7693693 ,  1.40541207,  1.94259724,  1.66055686,
       18.26543991,  1.85373193,  1.83046232,  1.01271747,  1.33332562,
        0.47174169, 16.62609454,  2.28080767,  0.94427455, 12.60498854,
        0.77309444,  1.13620479,  1.53458156,  0.87668057,  0.78635874,
        2.0795854 ,  1.04919276,  0.73000977,  0.59979443,  0.42427596,
        0.70703639,  1.71731855,  1.33566616,  1.86934568,  0.83502114,
        1.46521471,  0.28757008, 13.90373738,  0.40175659,  1.02990341,
        0.56917118,  0.22129584,  1.71323829,  0.89246997,  0.68328759])}
Success rate:  0.92
{'success': array([ True,  True,  True,  True,  True,  True,  True,  True,  True,
        True,  True,  True,  True,  True,  True, False,  True,  True,
        True,  True,  True, False,  True,  True, False,  True,  True,
        True,  True,  True,  True,  True,  True,  True,  True,  True,
        True,  True,  True,  True,  True,  True, False,  True,  True,
        True,  True,  True,  True,  True]), 'state_dist': array([ 0.32888188,  1.13292827,  1.11019299,  0.71756899,  1.11354973,
        1.05977359,  0.82888974,  0.35500184,  0.83103951,  0.61755722,
        0.82669349,  0.18095236,  1.18654371,  1.63824646,  1.59417237,
       18.14436834,  1.33974568,  1.00221913,  0.66796598,  1.56531502,
        0.92729299, 16.85949413,  1.79126024,  0.68167214, 11.63615316,
        1.24655734,  1.4502257 ,  1.26489762,  1.13464115,  1.08779431,
        1.28392326,  1.58956496,  1.09047379,  0.22509822,  0.60086556,
        0.47207623,  2.20143308,  1.20556855,  1.78142134,  0.96244423,
        0.38848572,  0.53518018, 14.03990012,  1.36636771,  0.68532648,
        0.38986789,  0.53563296,  1.80144441,  1.28712095,  0.54431878])}
Success rate:  0.92
{'success': array([ True,  True,  True,  True,  True,  True,  True,  True,  True,
        True,  True,  True,  True,  True,  True, False,  True,  True,
        True,  True,  True, False,  True,  True, False,  True,  True,
        True,  True,  True,  True,  True,  True,  True,  True,  True,
        True,  True,  True,  True,  True,  True, False,  True,  True,
        True,  True,  True,  True,  True]), 'state_dist': array([ 0.24490587,  0.96734707,  0.69116036,  0.365962  ,  0.75013948,
        1.11806451,  0.94731186,  0.08819039,  1.58688988,  0.56747063,
        1.08572141,  1.51470118,  0.84913832,  1.67477175,  1.82575276,
       18.26287831,  0.67051155,  0.94670265,  1.12510334,  1.00196018,
        0.71103951, 17.11501278,  2.24116249,  0.81678996, 11.66913467,
        1.05519056,  0.91724484,  0.72669914,  0.55027672,  0.45038865,
        1.45831002,  1.17652653,  1.07917338,  0.4657679 ,  0.57286634,
        0.37350077,  1.56133001,  0.43508113,  1.61188468,  1.16606631,
        0.77878293,  0.63011878, 14.00941428,  0.95729586,  0.26850098,
        1.02974311,  0.57581919,  1.71265129,  0.68060137,  0.50407668])}
CEM_TIMING {"stage": "plan_2", "seconds": 635.3366044409922, "n_evals": 50, "peak_allocated_gib": 4.061069011688232}
MPC iter 2 Eval ------- 
Success rate:  0.92
{'success': array([ True,  True,  True,  True,  True,  True,  True,  True,  True,
        True,  True,  True,  True,  True,  True, False,  True,  True,
        True,  True,  True, False,  True,  True, False,  True,  True,
        True,  True,  True,  True,  True,  True,  True,  True,  True,
        True,  True,  True,  True,  True,  True, False,  True,  True,
        True,  True,  True,  True,  True]), 'state_dist': array([ 2.53328114,  3.84295577,  0.83494656,  3.33637719,  2.28828092,
        3.84815632,  3.40245468,  1.88849727,  2.4391779 ,  1.23745184,
        1.95281143,  2.51813845,  0.13974261,  2.10342721,  0.6025276 ,
       18.26287831,  1.50384241,  0.22435194,  2.04899091,  1.57329131,
        1.8766355 , 17.11501278,  3.44478667,  0.43250602, 11.66913467,
        2.50635337,  4.12749317,  2.58275774,  1.40505136,  2.32068132,
        0.87361741,  1.17652653,  2.63523439,  2.66878917,  1.25111   ,
        2.11005337,  1.72939761,  1.33908033,  2.47635782,  1.72022799,
        1.15475957,  1.89996837, 14.00941428,  2.95367913,  0.93754826,
        1.77858976,  0.57581919,  1.1421364 ,  3.8220512 ,  0.32577414])}
self.is_success:  [ True  True  True  True  True  True  True  True  True  True  True  True
  True  True  True False  True  True  True  True  True False  True  True
 False  True  True  True  True  True  True  True  True  True  True  True
  True  True  True  True  True  True False  True  True  True  True  True
  True  True]
Success rate:  0.92
{'success': array([ True,  True,  True,  True,  True,  True,  True,  True,  True,
        True,  True,  True,  True,  True,  True, False,  True,  True,
        True,  True,  True, False,  True,  True, False,  True,  True,
        True,  True,  True,  True,  True,  True,  True,  True,  True,
        True,  True,  True,  True,  True,  True, False,  True,  True,
        True,  True,  True,  True,  True]), 'state_dist': array([ 0.71506978,  0.80227857,  1.31945803,  0.5418297 ,  1.17898714,
        1.26473593,  0.93186299,  1.37921448,  0.90150139,  0.14502272,
        1.29594458,  2.38012723,  0.50499167,  0.28371531,  1.48241133,
       16.62087219,  2.59429631,  1.58554248,  0.63665443,  0.92117334,
        1.09117572, 16.49750888,  0.91604162,  0.9078015 , 12.08111085,
        0.96331532,  0.26466404,  1.27529146,  0.54476703,  0.68666601,
        1.00272156,  1.08654662,  0.89978544,  0.37919814,  0.58650686,
        0.4405061 ,  1.13328185,  1.2963923 ,  0.64199052,  0.46227849,
        0.73870032,  0.39035861, 14.11014697,  1.62977244,  2.05272448,
        0.47212226,  1.65004997,  1.37432364,  1.10339825,  0.89078415])}
Success rate:  0.92
{'success': array([ True,  True,  True,  True,  True,  True,  True,  True,  True,
        True,  True,  True,  True,  True,  True, False,  True,  True,
        True,  True,  True, False,  True,  True, False,  True,  True,
        True,  True,  True,  True,  True,  True,  True,  True,  True,
        True,  True,  True,  True,  True,  True, False,  True,  True,
        True,  True,  True,  True,  True]), 'state_dist': array([ 0.02270764,  1.01395617,  0.77530799,  0.35800649,  1.79289668,
        1.39664503,  0.77442888,  1.0459377 ,  1.44224123,  0.70186233,
        1.06728426,  1.3388296 ,  0.8126143 ,  0.73872677,  1.67054591,
       16.93924694,  3.57266084,  2.33219607,  0.57727173,  2.26595066,
        1.0458838 , 16.92052018,  2.18803758,  1.37528885, 12.03355101,
        2.73807344,  1.25597598,  1.00049125,  1.17500665,  1.21475445,
        2.12647088,  1.22024559,  0.5891784 ,  1.1360023 ,  0.82395992,
        0.52346114,  0.95274697,  1.09336177,  2.01062297,  0.53369259,
        2.25520478,  0.33583384, 15.24236701,  1.76295744,  2.01698166,
        0.34427946,  1.25755998,  1.98034452,  1.15926112,  1.37262028])}
Success rate:  0.92
{'success': array([ True,  True,  True,  True,  True,  True,  True,  True,  True,
        True,  True,  True,  True,  True,  True, False,  True,  True,
        True,  True,  True, False,  True,  True, False,  True,  True,
        True,  True,  True,  True,  True,  True,  True,  True,  True,
        True,  True,  True,  True,  True,  True, False,  True,  True,
        True,  True,  True,  True,  True]), 'state_dist': array([ 0.9278658 ,  0.65819386,  0.44580944,  0.21090237,  2.41355327,
        1.05225016,  0.16869889,  1.40677312,  1.49300643,  0.53008974,
        1.18860616,  2.91303505,  0.66241701,  1.11597284,  1.39890641,
       16.55071657,  3.78402425,  2.46893065,  1.03920356,  1.51893914,
        1.19968583, 16.92052018,  2.03375364,  0.52984587, 12.14612323,
        2.43771536,  1.33341457,  0.99743999,  1.01399942,  1.24465337,
        0.87748111,  2.68436613,  0.75834539,  0.9266239 ,  0.83741853,
        0.73888929,  1.3537434 ,  1.4459723 ,  1.69925103,  0.11992068,
        3.3123291 ,  0.50321206, 15.52784804,  1.84864874,  3.10949673,
        1.22769844,  0.9817188 ,  1.26429694,  0.94795303,  0.63341919])}
Success rate:  0.92
{'success': array([ True,  True,  True,  True,  True,  True,  True,  True,  True,
        True,  True,  True,  True,  True,  True, False,  True,  True,
        True,  True,  True, False,  True,  True, False,  True,  True,
        True,  True,  True,  True,  True,  True,  True,  True,  True,
        True,  True,  True,  True,  True,  True, False,  True,  True,
        True,  True,  True,  True,  True]), 'state_dist': array([ 0.09102155,  1.48559657,  0.91128148,  0.66145826,  1.83367337,
        1.00561693,  0.64243152,  1.75290055,  0.72637744,  2.354374  ,
        1.47209932,  2.19580013,  0.95160934,  0.5699703 ,  1.68323342,
       16.42551269,  2.71819948,  2.49012296,  0.81648105,  2.58000537,
        0.94790781, 16.92052018,  1.4693982 ,  0.75435979, 12.5552484 ,
        1.97508015,  1.09697595,  1.42634785,  0.61784104,  2.26332021,
        0.42496658,  2.50329378,  0.4092955 ,  0.46776624,  0.5122115 ,
        0.68801421,  1.43685098,  1.36155071,  1.9382877 ,  1.19426305,
        2.05711468,  0.23762904, 15.3503638 ,  0.85690662,  2.07785076,
        0.07481633,  0.80368666,  1.81181231,  0.70089583,  0.70824627])}
Success rate:  0.92
{'success': array([ True,  True,  True,  True,  True,  True,  True,  True,  True,
        True,  True,  True,  True,  True,  True, False,  True,  True,
        True,  True,  True, False,  True,  True, False,  True,  True,
        True,  True,  True,  True,  True,  True,  True,  True,  True,
        True,  True,  True,  True,  True,  True, False,  True,  True,
        True,  True,  True,  True,  True]), 'state_dist': array([ 0.53992961,  0.22865489,  0.89448267,  0.63826715,  1.78491034,
        1.01715028,  0.9992351 ,  1.12960448,  1.39888067,  1.92407795,
        1.11353104,  3.55381412,  0.42548029,  0.86443093,  1.28420839,
       16.49554245,  2.16100646,  2.40732283,  0.45314484,  1.00015618,
        0.8594802 , 16.92052018,  2.08990578,  0.88721932, 12.5552484 ,
        1.1333336 ,  1.10891724,  1.00823154,  1.02717476,  1.46027587,
        0.40787165,  1.75767645,  0.8656951 ,  0.55208812,  0.96164226,
        0.22758299,  1.21922057,  1.36608807,  0.67538869,  0.47044156,
        2.65791167,  0.05154644, 15.47125743,  0.26095174,  1.48253526,
        0.9262855 ,  2.89882118,  2.2649627 ,  0.70383848,  1.22979907])}
Success rate:  0.92
{'success': array([ True,  True,  True,  True,  True,  True,  True,  True,  True,
        True,  True,  True,  True,  True,  True, False,  True,  True,
        True,  True,  True, False,  True,  True, False,  True,  True,
        True,  True,  True,  True,  True,  True,  True,  True,  True,
        True,  True,  True,  True,  True,  True, False,  True,  True,
        True,  True,  True,  True,  True]), 'state_dist': array([ 0.13849838,  0.74203315,  1.02183528,  0.93798618,  1.48979414,
        1.27009892,  0.41116576,  0.63115923,  1.03290308,  2.29357461,
        1.48448772,  2.86082177,  0.66175868,  0.5262394 ,  1.24435612,
       14.69238491,  1.55918604,  2.20288226,  0.50367603,  0.52174336,
        0.65735226, 16.92052018,  2.08855131,  0.7992535 , 12.49765656,
        1.65732869,  1.14359545,  0.85529853,  1.61612291,  0.68435736,
        0.74107603,  2.56521309,  0.8886785 ,  0.88416208,  0.63126351,
        0.67693741,  1.3129907 ,  1.33810513,  1.27846158,  0.79509268,
        1.90743523,  0.3892209 , 15.5351512 ,  0.87177089,  2.65199513,
        0.24509769,  1.86018504,  2.6184143 ,  0.57083423,  1.2138862 ])}
Success rate:  0.92
{'success': array([ True,  True,  True,  True,  True,  True,  True,  True,  True,
        True,  True,  True,  True,  True,  True, False,  True,  True,
        True,  True,  True, False,  True,  True, False,  True,  True,
        True,  True,  True,  True,  True,  True,  True,  True,  True,
        True,  True,  True,  True,  True,  True, False,  True,  True,
        True,  True,  True,  True,  True]), 'state_dist': array([ 0.7139626 ,  0.69268854,  1.12364342,  0.59634517,  2.36183176,
        1.19360795,  0.87589062,  0.66760409,  0.62434962,  2.55050801,
        0.97055581,  2.19804285,  0.40563853,  0.97184766,  1.16620465,
       12.36231553,  1.41145482,  2.47097734,  0.79313527,  1.32833947,
        0.67400718, 16.92052018,  3.10521191,  0.75719524, 12.62370696,
        0.64360711,  1.20437218,  0.91313528,  1.2304609 ,  1.39714123,
        0.63811095,  2.77435217,  0.77494134,  0.50618234,  0.45004163,
        0.60002967,  1.35761084,  1.49117753,  2.10302643,  0.79382702,
        1.46256263,  0.34926269, 15.48481854,  0.71213762,  1.94348155,
        0.15102559,  1.41589527,  2.47935718,  0.93569286,  0.71193203])}
Success rate:  0.92
{'success': array([ True,  True,  True,  True,  True,  True,  True,  True,  True,
        True,  True,  True,  True,  True,  True, False,  True,  True,
        True,  True,  True, False,  True,  True, False,  True,  True,
        True,  True,  True,  True,  True,  True,  True,  True,  True,
        True,  True,  True,  True,  True,  True, False,  True,  True,
        True,  True,  True,  True,  True]), 'state_dist': array([ 0.38157937,  0.71049411,  0.33131568,  1.00604041,  1.81462418,
        1.25331141,  0.7053771 ,  0.99388014,  0.96387807,  1.9938158 ,
        1.02759748,  1.98318045,  1.92521612,  0.5163687 ,  1.55054058,
       10.65672968,  1.38627117,  2.85727776,  0.42700721,  0.75944064,
        0.50810437, 16.92052018,  1.88352405,  0.84994717, 12.5552484 ,
        0.60397375,  0.73059427,  1.37451683,  1.57223955,  1.0432364 ,
        1.96329011,  2.59169451,  0.9431585 ,  0.85972275,  0.37962796,
        0.60163702,  1.48342502,  0.69330248,  0.94916819,  0.87819398,
        1.89619598,  0.44294131, 15.98225718,  0.94005917,  2.28680242,
        0.80516714,  0.70750712,  2.02931223,  1.03611467,  0.94004523])}
Success rate:  0.92
{'success': array([ True,  True,  True,  True,  True,  True,  True,  True,  True,
        True,  True,  True,  True,  True,  True, False,  True,  True,
        True,  True,  True, False,  True,  True, False,  True,  True,
        True,  True,  True,  True,  True,  True,  True,  True,  True,
        True,  True,  True,  True,  True,  True, False,  True,  True,
        True,  True,  True,  True,  True]), 'state_dist': array([ 0.6891588 ,  1.03918041,  0.76638234,  0.91369617,  1.83123535,
        1.28274868,  0.12627219,  0.72001922,  0.67331392,  2.0015943 ,
        1.0486232 ,  2.2226477 ,  1.27032469,  1.36181195,  1.27072354,
        9.41494633,  1.50038793,  3.14530591,  0.22203386,  1.29499685,
        0.85735614, 16.92052018,  2.11810978,  1.20554717, 12.67717352,
        1.52658865,  0.6031307 ,  1.74347055,  0.95337609,  0.95881227,
        0.99299605,  2.41823303,  1.21266612,  0.58354022,  0.79783836,
        0.4089073 ,  1.30304727,  0.88084033,  1.10512975,  1.03982797,
        1.62825222,  0.28850593, 16.3105906 ,  0.7324341 ,  4.44254034,
        0.41647123,  0.60806324,  1.65379597,  1.45087175,  1.37998776])}
Success rate:  0.92
{'success': array([ True,  True,  True,  True,  True,  True,  True,  True,  True,
        True,  True,  True,  True,  True,  True, False,  True,  True,
        True,  True,  True, False,  True,  True, False,  True,  True,
        True,  True,  True,  True,  True,  True,  True,  True,  True,
        True,  True,  True,  True,  True,  True, False,  True,  True,
        True,  True,  True,  True,  True]), 'state_dist': array([ 0.89508661,  0.98521086,  1.11926444,  0.73167857,  1.75563251,
        1.34930013,  0.23630922,  0.848082  ,  0.92744555,  2.98449536,
        0.86905859,  1.40476753,  1.64164609,  1.31618217,  1.32183526,
        5.92794777,  1.41479378,  2.60256935,  0.22347438,  1.31697912,
        0.87872849, 16.92052018,  1.69436729,  1.20734042, 12.65709434,
        1.76374676,  0.94191228,  1.3294539 ,  0.94667367,  1.49135176,
        0.95350088,  2.30633862,  1.03661138,  0.67991295,  0.36711774,
        1.08843204,  1.17338721,  1.81449353,  1.50251996,  0.82010613,
        1.96461961,  0.39851275, 16.15423701,  0.83289838,  2.28904982,
        0.75670151,  0.40915609,  1.41431177,  1.1808724 ,  1.06301126])}
CEM_TIMING {"stage": "plan_3", "seconds": 635.8138940070057, "n_evals": 50, "peak_allocated_gib": 4.061087608337402}
MPC iter 3 Eval ------- 
Success rate:  0.92
{'success': array([ True,  True,  True,  True,  True,  True,  True,  True,  True,
        True,  True,  True,  True,  True,  True, False,  True,  True,
        True,  True,  True, False,  True,  True, False,  True,  True,
        True,  True,  True,  True,  True,  True,  True,  True,  True,
        True,  True,  True,  True,  True,  True, False,  True,  True,
        True,  True,  True,  True,  True]), 'state_dist': array([ 2.53328114,  3.84295577,  0.83494656,  3.33637719,  2.28828092,
        3.84815632,  3.40245468,  1.88849727,  2.4391779 ,  1.23745184,
        1.95281143,  2.51813845,  0.13974261,  2.10342721,  0.6025276 ,
        5.92794777,  1.50384241,  0.22435194,  2.04899091,  1.57329131,
        1.8766355 , 16.92052018,  3.44478667,  0.43250602, 12.65709434,
        2.50635337,  4.12749317,  2.58275774,  1.40505136,  2.32068132,
        0.87361741,  1.17652653,  2.63523439,  2.66878917,  1.25111   ,
        2.11005337,  1.72939761,  1.33908033,  2.47635782,  1.72022799,
        1.15475957,  1.89996837, 16.15423701,  2.95367913,  0.93754826,
        1.77858976,  0.57581919,  1.1421364 ,  3.8220512 ,  0.32577414])}
self.is_success:  [ True  True  True  True  True  True  True  True  True  True  True  True
  True  True  True False  True  True  True  True  True False  True  True
 False  True  True  True  True  True  True  True  True  True  True  True
  True  True  True  True  True  True False  True  True  True  True  True
  True  True]
Success rate:  0.94
{'success': array([ True,  True,  True,  True,  True,  True,  True,  True,  True,
        True,  True,  True,  True,  True,  True,  True,  True,  True,
        True,  True,  True, False,  True,  True, False,  True,  True,
        True,  True,  True,  True,  True,  True,  True,  True,  True,
        True,  True,  True,  True,  True,  True, False,  True,  True,
        True,  True,  True,  True,  True]), 'state_dist': array([ 0.68503576,  1.31118978,  0.86176761,  0.69180218,  0.59074659,
        1.29867553,  1.24241106,  0.77448294,  0.61780881,  0.22486903,
        1.98987623,  2.02613704,  1.23764119,  0.73412051,  1.65808723,
        0.88641355,  2.28799205,  0.89244685,  1.03135945,  0.06296965,
        0.82508725, 16.67653901,  0.74211827,  1.58293132, 12.27798128,
        1.6722297 ,  0.75689267,  1.37511714,  0.08450273,  0.61093608,
        0.76123695,  1.2439079 ,  0.68262011,  1.32083359,  0.67685619,
        1.00274388,  1.14181165,  1.23956587,  0.59633239,  1.50405988,
        2.49539657,  0.78776271, 15.12782065,  2.3171363 ,  2.19469388,
        0.14291077,  2.44831022,  1.44563613,  1.23442296,  0.74928685])}
Success rate:  0.94
{'success': array([ True,  True,  True,  True,  True,  True,  True,  True,  True,
        True,  True,  True,  True,  True,  True,  True,  True,  True,
        True,  True,  True, False,  True,  True, False,  True,  True,
        True,  True,  True,  True,  True,  True,  True,  True,  True,
        True,  True,  True,  True,  True,  True, False,  True,  True,
        True,  True,  True,  True,  True]), 'state_dist': array([ 0.45361876,  0.97245383,  1.34945782,  0.94982324,  1.34395237,
        1.8861833 ,  1.1925612 ,  2.11841346,  0.64494941,  0.89401876,
        0.9100414 ,  1.51844523,  0.78476184,  0.33315902,  0.92168958,
        1.57351667,  2.38596383,  1.99354602,  0.62752416,  1.2653023 ,
        0.66487328, 16.92052018,  1.8772393 ,  1.23564219, 12.69854749,
        1.2578908 ,  1.02079139,  1.75892593,  0.38833122,  0.96063659,
        1.27205987,  0.9031334 ,  0.6355441 ,  0.34955622,  0.90138409,
        1.56754082,  0.99067418,  1.42254819,  0.92922278,  0.81963013,
        2.81457087,  0.16455983, 15.04166971,  0.51708435,  2.15965589,
        0.11294481,  0.55245366,  1.4074789 ,  1.53799323,  1.04159734])}
Success rate:  0.94
{'success': array([ True,  True,  True,  True,  True,  True,  True,  True,  True,
        True,  True,  True,  True,  True,  True,  True,  True,  True,
        True,  True,  True, False,  True,  True, False,  True,  True,
        True,  True,  True,  True,  True,  True,  True,  True,  True,
        True,  True,  True,  True,  True,  True, False,  True,  True,
        True,  True,  True,  True,  True]), 'state_dist': array([ 0.8906554 ,  0.53669095,  0.89139907,  1.54653862,  2.25037267,
        1.21557538,  0.99215099,  1.86373714,  1.17605011,  0.73220933,
        1.21192745,  1.5296197 ,  1.0465154 ,  0.35110102,  1.43785391,
        1.4760161 ,  1.74955677,  1.17736195,  0.69527417,  1.213051  ,
        0.87195028, 16.92052018,  2.02499091,  0.94408889, 12.49099579,
        2.66303166,  0.63613507,  1.72283696,  0.47366955,  2.08397847,
        1.75495799,  0.7051895 ,  0.46560804,  0.69224519,  0.57080671,
        2.13308651,  1.45636151,  1.45170492,  1.63460809,  0.48163982,
        2.36560471,  0.47191408, 15.54296541,  0.26172767,  3.18874857,
        0.04248191,  1.69310376,  1.15277479,  1.32062838,  0.87580055])}
Success rate:  0.94
{'success': array([ True,  True,  True,  True,  True,  True,  True,  True,  True,
        True,  True,  True,  True,  True,  True,  True,  True,  True,
        True,  True,  True, False,  True,  True, False,  True,  True,
        True,  True,  True,  True,  True,  True,  True,  True,  True,
        True,  True,  True,  True,  True,  True, False,  True,  True,
        True,  True,  True,  True,  True]), 'state_dist': array([ 0.26476506,  1.21214432,  0.87151937,  1.01557824,  1.38192588,
        1.11163796,  0.95358115,  1.58904866,  1.15515875,  0.72712606,
        0.67642043,  1.2236529 ,  1.07452984,  1.32145281,  1.27818425,
        1.039283  ,  1.49940823,  0.93940994,  0.48679305,  1.68944202,
        0.7109387 , 16.92052018,  1.43494952,  1.25834987, 12.46813544,
        2.90914424,  1.17819535,  1.74652165,  0.42033012,  3.60141805,
        1.17650504,  0.52795391,  0.73256256,  0.99755361,  0.76039507,
        2.32931684,  1.1144473 ,  2.26972357,  1.99787463,  0.3978481 ,
        1.99276277,  0.53847392, 14.90583678,  0.85415982,  2.64934962,
        0.41536945,  1.97934009,  1.16996945,  1.67346335,  1.27378314])}
Success rate:  0.94
{'success': array([ True,  True,  True,  True,  True,  True,  True,  True,  True,
        True,  True,  True,  True,  True,  True,  True,  True,  True,
        True,  True,  True, False,  True,  True, False,  True,  True,
        True,  True,  True,  True,  True,  True,  True,  True,  True,
        True,  True,  True,  True,  True,  True, False,  True,  True,
        True,  True,  True,  True,  True]), 'state_dist': array([ 0.72461037,  1.18481538,  0.6628632 ,  0.57756575,  1.6028265 ,
        1.15247559,  1.23488907,  2.16087183,  0.64485889,  1.71740423,
        1.22482961,  2.08446018,  0.13512475,  1.94870988,  1.25299052,
        1.31104588,  2.96745658,  2.17358388,  0.24069865,  0.99888236,
        0.80900134, 16.92052018,  1.49744389,  0.98393392, 12.45966991,
        2.85697072,  0.80166068,  2.16231973,  0.24801883,  2.49020368,
        0.8742595 ,  0.71408598,  0.35759195,  0.36360696,  0.37218481,
        1.96577278,  1.21665314,  1.51284237,  1.33927585,  0.713457  ,
        1.74361484,  0.27250229, 13.73729381,  0.7004592 ,  2.69878762,
        0.22542867,  0.98075496,  1.08898964,  0.83091854,  0.92971052])}
Success rate:  0.94
{'success': array([ True,  True,  True,  True,  True,  True,  True,  True,  True,
        True,  True,  True,  True,  True,  True,  True,  True,  True,
        True,  True,  True, False,  True,  True, False,  True,  True,
        True,  True,  True,  True,  True,  True,  True,  True,  True,
        True,  True,  True,  True,  True,  True, False,  True,  True,
        True,  True,  True,  True,  True]), 'state_dist': array([ 0.27606571,  1.00713459,  1.00828191,  0.48563992,  1.87469489,
        0.87914994,  0.7850516 ,  1.6378589 ,  0.71847604,  2.71148401,
        1.17063077,  3.27085809,  1.51482476,  2.40437329,  1.41588413,
        1.55521749,  2.80191011,  1.05251482,  0.57541799,  1.58002993,
        0.91211923, 16.92052018,  1.16922044,  0.8931397 , 12.49597515,
        2.52752089,  0.87630735,  1.45437989,  0.48650728,  0.95768375,
        0.72748426,  0.47306289,  0.76255522,  1.15247252,  0.70455987,
        1.01319895,  1.3540703 ,  2.59226389,  0.95906321,  1.33708369,
        1.70247982,  0.06980666, 13.50307167,  1.51235171,  1.99837379,
        0.18077656,  2.25183019,  0.9763757 ,  1.40714351,  0.89249498])}
Success rate:  0.94
{'success': array([ True,  True,  True,  True,  True,  True,  True,  True,  True,
        True,  True,  True,  True,  True,  True,  True,  True,  True,
        True,  True,  True, False,  True,  True, False,  True,  True,
        True,  True,  True,  True,  True,  True,  True,  True,  True,
        True,  True,  True,  True,  True,  True, False,  True,  True,
        True,  True,  True,  True,  True]), 'state_dist': array([ 0.1530381 ,  0.77971563,  1.015394  ,  0.7186433 ,  1.49772503,
        1.36155441,  1.29844832,  1.10880253,  0.66736488,  1.63503754,
        1.25476774,  2.00809609,  0.70413803,  1.38520892,  1.31758939,
        1.78444112,  3.10431988,  2.15871935,  0.07169875,  2.45065338,
        0.90471461, 16.92052018,  1.28824365,  1.46637859, 12.37515295,
        1.90393286,  0.45307539,  1.77432376,  0.78544981,  1.12966211,
        1.54465354,  0.39810197,  0.83987511,  0.71868806,  0.84627946,
        0.11468795,  1.60078475,  2.8158868 ,  0.50236935,  0.93280398,
        1.09279268,  0.56987542, 13.53199516,  0.8320452 ,  1.79209974,
        0.32901314,  1.48480303,  1.21271232,  1.36155393,  1.3248042 ])}
Success rate:  0.94
{'success': array([ True,  True,  True,  True,  True,  True,  True,  True,  True,
        True,  True,  True,  True,  True,  True,  True,  True,  True,
        True,  True,  True, False,  True,  True, False,  True,  True,
        True,  True,  True,  True,  True,  True,  True,  True,  True,
        True,  True,  True,  True,  True,  True, False,  True,  True,
        True,  True,  True,  True,  True]), 'state_dist': array([ 0.55384328,  0.83785624,  0.75982467,  0.83263158,  1.33253321,
        0.46676317,  0.97782945,  0.82154905,  0.38472529,  2.21782815,
        1.14439065,  2.18863514,  0.91625743,  0.54134731,  1.2397542 ,
        1.46613967,  1.80633921,  1.92905083,  0.91084207,  1.20210495,
        0.72460347, 16.92052018,  1.63868584,  0.71081705, 12.81158281,
        0.94600207,  1.0423376 ,  2.15090472,  1.03291311,  0.94398255,
        0.54281815,  0.66279111,  1.11213385,  0.88157916,  0.35457397,
        0.94381231,  1.38078876,  2.76412027,  0.21849884,  1.00641909,
        0.34551417,  0.17670905, 13.57457744,  0.89051531,  1.30238148,
        0.13432501,  1.75305354,  1.25586991,  0.97501666,  0.93994113])}
Success rate:  0.94
{'success': array([ True,  True,  True,  True,  True,  True,  True,  True,  True,
        True,  True,  True,  True,  True,  True,  True,  True,  True,
        True,  True,  True, False,  True,  True, False,  True,  True,
        True,  True,  True,  True,  True,  True,  True,  True,  True,
        True,  True,  True,  True,  True,  True, False,  True,  True,
        True,  True,  True,  True,  True]), 'state_dist': array([ 0.20378986,  1.08416422,  1.1697905 ,  0.76201836,  0.98091251,
        0.84518257,  0.85637397,  0.58412762,  0.61839798,  1.98389412,
        1.37779307,  1.15865332,  0.10208092,  0.52978087,  1.22528481,
        1.70340792,  1.66107034,  1.63313808,  0.91300822,  1.6600918 ,
        0.51769323, 16.83762118,  1.80178127,  0.8761323 , 12.44797194,
        0.61693276,  0.44565534,  1.03115248,  1.23742611,  1.4575118 ,
        0.29896042,  0.25395121,  0.74963195,  0.80794589,  0.68471225,
        0.16353617,  1.33941602,  1.71453956,  0.22876571,  1.105117  ,
        0.5557517 ,  0.23925534, 13.66686067,  1.58718843,  1.41152818,
        0.37852685,  1.26774272,  1.43103808,  1.04733909,  1.84368421])}
Success rate:  0.94
{'success': array([ True,  True,  True,  True,  True,  True,  True,  True,  True,
        True,  True,  True,  True,  True,  True,  True,  True,  True,
        True,  True,  True, False,  True,  True, False,  True,  True,
        True,  True,  True,  True,  True,  True,  True,  True,  True,
        True,  True,  True,  True,  True,  True, False,  True,  True,
        True,  True,  True,  True,  True]), 'state_dist': array([ 0.48572288,  0.91752791,  0.80482675,  0.79304485,  0.82895178,
        0.64810042,  1.08454052,  0.66442212,  0.57460604,  2.57992256,
        1.25720258,  0.30998657,  0.55487738,  0.84261859,  1.05051581,
        1.75966278,  1.44158807,  1.63210575,  0.26355018,  2.58455127,
        0.89536169, 16.92052018,  1.45190197,  0.28031528, 12.8406216 ,
        1.13140406,  0.95841346,  2.45042685,  0.38988147,  0.76189503,
        0.41006765,  0.6202711 ,  0.87347304,  1.12382057,  0.64822349,
        1.22468424,  1.18048318,  1.15461778,  1.52921931,  0.61891849,
        0.50711839,  0.14314774, 13.51791728,  1.0249923 ,  1.04270113,
        0.39273446,  0.85451914,  1.30711573,  0.93308526,  1.28354215])}
CEM_TIMING {"stage": "plan_4", "seconds": 635.7390622499806, "n_evals": 50, "peak_allocated_gib": 4.0611066818237305}
MPC iter 4 Eval ------- 
Success rate:  0.94
{'success': array([ True,  True,  True,  True,  True,  True,  True,  True,  True,
        True,  True,  True,  True,  True,  True,  True,  True,  True,
        True,  True,  True, False,  True,  True, False,  True,  True,
        True,  True,  True,  True,  True,  True,  True,  True,  True,
        True,  True,  True,  True,  True,  True, False,  True,  True,
        True,  True,  True,  True,  True]), 'state_dist': array([ 2.53328114,  3.84295577,  0.83494656,  3.33637719,  2.28828092,
        3.84815632,  3.40245468,  1.88849727,  2.4391779 ,  1.23745184,
        1.95281143,  2.51813845,  0.13974261,  2.10342721,  0.6025276 ,
        1.75966278,  1.50384241,  0.22435194,  2.04899091,  1.57329131,
        1.8766355 , 16.92052018,  3.44478667,  0.43250602, 12.8406216 ,
        2.50635337,  4.12749317,  2.58275774,  1.40505136,  2.32068132,
        0.87361741,  1.17652653,  2.63523439,  2.66878917,  1.25111   ,
        2.11005337,  1.72939761,  1.33908033,  2.47635782,  1.72022799,
        1.15475957,  1.89996837, 13.51791728,  2.95367913,  0.93754826,
        1.77858976,  0.57581919,  1.1421364 ,  3.8220512 ,  0.32577414])}
self.is_success:  [ True  True  True  True  True  True  True  True  True  True  True  True
  True  True  True  True  True  True  True  True  True False  True  True
 False  True  True  True  True  True  True  True  True  True  True  True
  True  True  True  True  True  True False  True  True  True  True  True
  True  True]
Success rate:  0.94
{'success': array([ True,  True,  True,  True,  True,  True,  True,  True,  True,
        True,  True,  True,  True,  True,  True,  True,  True,  True,
        True,  True,  True, False,  True,  True, False,  True,  True,
        True,  True,  True,  True,  True,  True,  True,  True,  True,
        True,  True,  True,  True,  True,  True, False,  True,  True,
        True,  True,  True,  True,  True]), 'state_dist': array([ 0.09007295,  0.15154289,  0.92840301,  0.41723523,  1.12873722,
        1.1610407 ,  1.693885  ,  0.77510752,  0.91563332,  0.80863842,
        1.48089779,  2.1168153 ,  0.94312176,  0.69411974,  1.20981537,
        1.51586071,  1.46291908,  1.01030172,  0.90831882,  0.82885954,
        1.29592412, 16.92052018,  1.27159001,  1.05175252, 12.36276336,
        1.2304219 ,  0.62094871,  1.04577068,  0.62761315,  0.94240534,
        0.20063888,  1.08853593,  0.2321772 ,  0.83798546,  0.31291012,
        0.78264691,  1.03691542,  1.559588  ,  0.47177426,  1.15569321,
        1.48365404,  0.61747867, 13.5841186 ,  2.59809304,  1.54957651,
        0.1410456 ,  2.76478042,  1.86470762,  1.21093861,  0.07305139])}
Success rate:  0.94
{'success': array([ True,  True,  True,  True,  True,  True,  True,  True,  True,
        True,  True,  True,  True,  True,  True,  True,  True,  True,
        True,  True,  True, False,  True,  True, False,  True,  True,
        True,  True,  True,  True,  True,  True,  True,  True,  True,
        True,  True,  True,  True,  True,  True, False,  True,  True,
        True,  True,  True,  True,  True]), 'state_dist': array([ 0.83988939,  0.29905935,  0.59080895,  1.07758835,  1.05185809,
        0.68883419,  0.41536936,  0.65485661,  1.06698985,  0.59369278,
        1.26915594,  2.19859936,  0.91566902,  0.57613231,  1.16469907,
        1.30000355,  1.28096744,  1.17716108,  0.68891589,  1.87135699,
        0.83456556, 16.92052018,  1.5010118 ,  1.03642126, 12.5552484 ,
        1.35995304,  0.91090856,  1.6495979 ,  0.48260993,  1.17682324,
        2.1187791 ,  1.23418849,  0.49784081,  0.85556482,  0.36496227,
        1.21894013,  1.38854434,  1.60385715,  0.98775367,  1.24792057,
        1.25419882,  0.81420544, 14.75266465,  1.78301695,  2.44948678,
        0.15877392,  3.25185504,  1.41357282,  1.31237701,  0.63550226])}
Success rate:  0.94
{'success': array([ True,  True,  True,  True,  True,  True,  True,  True,  True,
        True,  True,  True,  True,  True,  True,  True,  True,  True,
        True,  True,  True, False,  True,  True, False,  True,  True,
        True,  True,  True,  True,  True,  True,  True,  True,  True,
        True,  True,  True,  True,  True,  True, False,  True,  True,
        True,  True,  True,  True,  True]), 'state_dist': array([ 0.43678958,  0.80843025,  0.99162415,  1.10760668,  0.99470707,
        1.11374088,  1.07542713,  0.80414784,  0.53877455,  0.76488793,
        1.47208468,  3.62066971,  0.68595274,  0.43046437,  1.10546489,
        0.92012374,  2.77236573,  1.16358718,  1.03175144,  1.44300281,
        0.70889496, 16.92052018,  1.86127493,  0.51344959, 12.5552484 ,
        1.8705293 ,  1.52910297,  1.59203496,  0.4834828 ,  0.56346441,
        0.5202734 ,  1.30970632,  0.73546935,  0.46788094,  0.79741274,
        1.11445599,  1.09950162,  1.22996385,  1.18766895,  0.34345938,
        1.14638438,  0.31524385, 14.22873272,  1.03773908,  1.83544826,
        0.148486  ,  2.25130677,  1.2484786 ,  1.09702976,  0.46633805])}
Success rate:  0.94
{'success': array([ True,  True,  True,  True,  True,  True,  True,  True,  True,
        True,  True,  True,  True,  True,  True,  True,  True,  True,
        True,  True,  True, False,  True,  True, False,  True,  True,
        True,  True,  True,  True,  True,  True,  True,  True,  True,
        True,  True,  True,  True,  True,  True, False,  True,  True,
        True,  True,  True,  True,  True]), 'state_dist': array([ 0.46249363,  0.70524004,  0.13162002,  1.19404347,  1.25408787,
        1.41776911,  0.97492419,  1.4455621 ,  1.13745828,  0.4334652 ,
        1.7332661 ,  2.7519855 ,  1.05772709,  1.28394066,  1.46350429,
        1.62942963,  2.91959747,  0.77057107,  0.42983749,  0.71410243,
        0.52980801, 16.92052018,  1.68611729,  0.88870069, 12.5552484 ,
        1.19087606,  0.93025611,  2.15394604,  0.32722344,  0.51729897,
        1.03369603,  2.55829926,  0.6562583 ,  0.51680113,  0.28650845,
        1.30226695,  1.19797839,  1.67921947,  1.74796461,  0.67059625,
        0.97476643,  0.13518221, 14.18521846,  0.73803611,  1.32399177,
        0.60506867,  1.60858074,  0.91140533,  0.9149691 ,  0.27336388])}
Success rate:  0.94
{'success': array([ True,  True,  True,  True,  True,  True,  True,  True,  True,
        True,  True,  True,  True,  True,  True,  True,  True,  True,
        True,  True,  True, False,  True,  True, False,  True,  True,
        True,  True,  True,  True,  True,  True,  True,  True,  True,
        True,  True,  True,  True,  True,  True, False,  True,  True,
        True,  True,  True,  True,  True]), 'state_dist': array([ 0.10741086,  1.50011207,  0.22273179,  1.17896495,  1.84158328,
        1.02227851,  0.7759229 ,  1.24550986,  0.709959  ,  0.75095271,
        0.80694447,  2.18548666,  1.15433394,  2.22714114,  0.92573347,
        1.27509326,  2.48828971,  1.29597008,  0.42060767,  0.66738746,
        0.09594476, 16.92052018,  1.59506236,  0.90494339, 12.5552484 ,
        0.29924626,  1.11101706,  2.03625691,  0.20523978,  1.06034469,
        1.05408693,  1.63096866,  0.54174514,  0.12925699,  0.27346428,
        1.7084104 ,  1.16980703,  1.37674261,  1.38237994,  0.44523853,
        1.32581537,  0.45180354, 14.27672511,  0.92647922,  1.42163305,
        0.56622724,  2.21060654,  1.30928873,  0.59140969,  0.99642207])}
Success rate:  0.94
{'success': array([ True,  True,  True,  True,  True,  True,  True,  True,  True,
        True,  True,  True,  True,  True,  True,  True,  True,  True,
        True,  True,  True, False,  True,  True, False,  True,  True,
        True,  True,  True,  True,  True,  True,  True,  True,  True,
        True,  True,  True,  True,  True,  True, False,  True,  True,
        True,  True,  True,  True,  True]), 'state_dist': array([ 0.13255664,  0.7615916 ,  0.35296311,  0.56462224,  2.0212966 ,
        1.35046593,  0.9053975 ,  0.63414394,  0.66515793,  2.01403618,
        1.47677596,  0.72236264,  0.728553  ,  1.59948487,  1.16103159,
        1.43449711,  1.65845256,  1.03971671,  0.73378299,  0.79818245,
        0.54820238, 16.92052018,  2.01425016,  0.72685407, 12.51658309,
        1.01654699,  0.82970793,  1.87263811,  0.46264386,  1.63083294,
        2.35748667,  0.66405164,  0.49490346,  0.32862255,  0.46711783,
        1.13875814,  1.4136598 ,  1.31004917,  1.45191796,  0.6993066 ,
        2.05446244,  0.29055688, 14.37571363,  0.20253372,  1.38258149,
        0.49019012,  1.300082  ,  1.91134744,  1.0995613 ,  0.95148066])}
Success rate:  0.94
{'success': array([ True,  True,  True,  True,  True,  True,  True,  True,  True,
        True,  True,  True,  True,  True,  True,  True,  True,  True,
        True,  True,  True, False,  True,  True, False,  True,  True,
        True,  True,  True,  True,  True,  True,  True,  True,  True,
        True,  True,  True,  True,  True,  True, False,  True,  True,
        True,  True,  True,  True,  True]), 'state_dist': array([ 0.27426486,  0.29880198,  0.22688103,  0.66646592,  1.41387169,
        1.09283291,  0.80924406,  1.05449435,  0.96571667,  1.83698779,
        1.00323579,  1.13543383,  0.90501267,  0.56529634,  1.02228844,
        1.32814193,  1.32879465,  1.99727288,  0.55806547,  0.92164753,
        0.49803015, 16.92052018,  2.14564615,  1.10279424, 11.93197892,
        0.92705543,  1.25054784,  2.19565883,  0.39948512,  1.84508217,
        0.48139335,  0.95004661,  0.9028503 ,  0.79256031,  0.63674572,
        1.37898951,  1.6901881 ,  0.97244232,  1.71198724,  0.51776467,
        1.73622011,  0.32824024, 13.67068885,  1.21859988,  0.89030087,
        0.35402967,  1.59049948,  1.48474277,  0.99947972,  1.37127666])}
Success rate:  0.94
{'success': array([ True,  True,  True,  True,  True,  True,  True,  True,  True,
        True,  True,  True,  True,  True,  True,  True,  True,  True,
        True,  True,  True, False,  True,  True, False,  True,  True,
        True,  True,  True,  True,  True,  True,  True,  True,  True,
        True,  True,  True,  True,  True,  True, False,  True,  True,
        True,  True,  True,  True,  True]), 'state_dist': array([ 0.23597577,  0.71522099,  0.2290417 ,  1.21634605,  1.59413398,
        1.61659247,  0.61878925,  1.81079254,  0.92138002,  1.87335908,
        1.2482823 ,  1.29467488,  0.80558919,  0.59700915,  0.89489081,
        1.1850481 ,  1.55360888,  2.0053648 ,  0.39302506,  1.32469635,
        0.59012934, 16.92052018,  1.3767942 ,  1.38442563, 11.69505007,
        0.32944248,  0.97054834,  2.03698465,  0.354131  ,  1.68987944,
        1.10987506,  1.10785912,  1.35438289,  1.22204526,  0.52727843,
        0.54547183,  2.09994406,  1.35453357,  0.73810849,  0.61420963,
        1.19977067,  0.08957446, 13.18386401,  0.72164629,  1.06221362,
        0.41908375,  1.09938433,  1.47576561,  1.51345539,  1.34404601])}
Success rate:  0.94
{'success': array([ True,  True,  True,  True,  True,  True,  True,  True,  True,
        True,  True,  True,  True,  True,  True,  True,  True,  True,
        True,  True,  True, False,  True,  True, False,  True,  True,
        True,  True,  True,  True,  True,  True,  True,  True,  True,
        True,  True,  True,  True,  True,  True, False,  True,  True,
        True,  True,  True,  True,  True]), 'state_dist': array([ 0.15078074,  0.5974021 ,  0.8609824 ,  1.11636669,  0.99513176,
        1.15390178,  0.24959634,  1.03303372,  0.83409404,  2.10271987,
        1.09691509,  0.90928871,  0.45919541,  1.34127862,  1.1477031 ,
        1.58179919,  1.51131728,  1.86922375,  0.2515299 ,  1.66261487,
        0.3660437 , 16.92052018,  1.92532432,  1.37146877, 11.67629237,
        1.17964652,  1.41944127,  1.94793281,  0.58661241,  1.68461326,
        0.83407053,  1.69354139,  1.21185867,  0.48459771,  0.90223541,
        0.90226044,  1.64610293,  1.62634556,  1.31803746,  0.74515327,
        1.68102833,  0.36493822, 13.66007605,  0.52941252,  1.91838232,
        0.38402115,  0.90258655,  1.29113175,  1.14351284,  1.62582288])}
Success rate:  0.94
{'success': array([ True,  True,  True,  True,  True,  True,  True,  True,  True,
        True,  True,  True,  True,  True,  True,  True,  True,  True,
        True,  True,  True, False,  True,  True, False,  True,  True,
        True,  True,  True,  True,  True,  True,  True,  True,  True,
        True,  True,  True,  True,  True,  True, False,  True,  True,
        True,  True,  True,  True,  True]), 'state_dist': array([ 0.4325486 ,  0.74742518,  0.64189603,  0.76883501,  1.29890718,
        0.79873439,  0.32039755,  0.1417013 ,  0.58943775,  3.3077128 ,
        1.00839079,  1.41227707,  0.29639098,  1.02843974,  1.02490777,
        1.28091304,  0.95233093,  1.29195026,  0.76493893,  1.55392662,
        0.35783318, 16.99724954,  2.21251292,  1.23744081, 11.91261289,
        0.59963686,  1.09364254,  1.9267275 ,  0.2959044 ,  0.85725852,
        1.52937806,  0.80518777,  1.01557492,  0.22405897,  0.43337879,
        0.50013835,  1.37697665,  1.2426284 ,  1.54566263,  0.41578161,
        2.93072736,  0.28322869, 13.88429902,  0.19050278,  1.94575459,
        0.35333628,  0.92251414,  1.64682938,  1.17325809,  1.26529677])}
CEM_TIMING {"stage": "plan_5", "seconds": 636.3733452979941, "n_evals": 50, "peak_allocated_gib": 4.0611252784729}
MPC iter 5 Eval ------- 
Success rate:  0.94
{'success': array([ True,  True,  True,  True,  True,  True,  True,  True,  True,
        True,  True,  True,  True,  True,  True,  True,  True,  True,
        True,  True,  True, False,  True,  True, False,  True,  True,
        True,  True,  True,  True,  True,  True,  True,  True,  True,
        True,  True,  True,  True,  True,  True, False,  True,  True,
        True,  True,  True,  True,  True]), 'state_dist': array([ 2.53328114,  3.84295577,  0.83494656,  3.33637719,  2.28828092,
        3.84815632,  3.40245468,  1.88849727,  2.4391779 ,  1.23745184,
        1.95281143,  2.51813845,  0.13974261,  2.10342721,  0.6025276 ,
        1.75966278,  1.50384241,  0.22435194,  2.04899091,  1.57329131,
        1.8766355 , 16.99724954,  3.44478667,  0.43250602, 11.91261289,
        2.50635337,  4.12749317,  2.58275774,  1.40505136,  2.32068132,
        0.87361741,  1.17652653,  2.63523439,  2.66878917,  1.25111   ,
        2.11005337,  1.72939761,  1.33908033,  2.47635782,  1.72022799,
        1.15475957,  1.89996837, 13.88429902,  2.95367913,  0.93754826,
        1.77858976,  0.57581919,  1.1421364 ,  3.8220512 ,  0.32577414])}
self.is_success:  [ True  True  True  True  True  True  True  True  True  True  True  True
  True  True  True  True  True  True  True  True  True False  True  True
 False  True  True  True  True  True  True  True  True  True  True  True
  True  True  True  True  True  True False  True  True  True  True  True
  True  True]
Success rate:  0.94
{'success': array([ True,  True,  True,  True,  True,  True,  True,  True,  True,
        True,  True,  True,  True,  True,  True,  True,  True,  True,
        True,  True,  True, False,  True,  True, False,  True,  True,
        True,  True,  True,  True,  True,  True,  True,  True,  True,
        True,  True,  True,  True,  True,  True, False,  True,  True,
        True,  True,  True,  True,  True]), 'state_dist': array([ 0.45449449,  0.85496572,  0.23863879,  1.34815746,  1.37506378,
        1.37205772,  1.03340935,  1.38108088,  1.13050625,  0.91133417,
        1.32127431,  1.61862843,  1.6473603 ,  0.84713106,  1.11165842,
        0.93489828,  1.48562219,  0.45631742,  0.57069038,  1.33822265,
        0.68909075, 16.92052018,  0.57352055,  1.23317173, 12.64338451,
        1.89114324,  0.95468583,  1.50761805,  1.28323066,  0.33903127,
        0.7768139 ,  1.33603553,  0.76729257,  1.16636   ,  0.5142308 ,
        0.31083399,  1.10464406,  1.9003817 ,  0.68270247,  1.05595163,
        1.96698823,  0.66386208, 13.81574375,  2.22882251,  2.12546121,
        0.22146707,  2.36222028,  1.97975996,  0.8346535 ,  1.25927746])}
Success rate:  0.94
{'success': array([ True,  True,  True,  True,  True,  True,  True,  True,  True,
        True,  True,  True,  True,  True,  True,  True,  True,  True,
        True,  True,  True, False,  True,  True, False,  True,  True,
        True,  True,  True,  True,  True,  True,  True,  True,  True,
        True,  True,  True,  True,  True,  True, False,  True,  True,
        True,  True,  True,  True,  True]), 'state_dist': array([ 0.83462351,  0.84069402,  0.74454373,  0.89837815,  1.20332996,
        1.25280573,  0.88552055,  0.36147419,  1.2097805 ,  0.65702419,
        1.15660114,  1.95556914,  1.16466579,  0.39424683,  0.81293886,
        1.30682266,  2.30608282,  0.18965938,  0.76028054,  1.19362079,
        1.0593634 , 16.92052018,  1.60127433,  1.113209  , 12.59693728,
        1.73228728,  1.8800301 ,  1.40989241,  0.59469423,  2.23295091,
        0.57714914,  0.71481591,  0.05869676,  0.12766636,  0.6643338 ,
        1.09522979,  1.40530717,  1.69279739,  1.17867282,  1.20669809,
        1.98801369,  0.2289118 , 14.48745066,  1.90420102,  2.82359412,
        1.04853555,  0.49964397,  1.32929573,  1.25147118,  1.28660642])}
Success rate:  0.94
{'success': array([ True,  True,  True,  True,  True,  True,  True,  True,  True,
        True,  True,  True,  True,  True,  True,  True,  True,  True,
        True,  True,  True, False,  True,  True, False,  True,  True,
        True,  True,  True,  True,  True,  True,  True,  True,  True,
        True,  True,  True,  True,  True,  True, False,  True,  True,
        True,  True,  True,  True,  True]), 'state_dist': array([ 0.27742672,  0.66815435,  0.66874135,  1.42819377,  0.99530188,
        1.14841836,  0.83933978,  1.74983284,  0.68369208,  0.36493387,
        1.08790316,  2.1270008 ,  0.31745114,  0.4542649 ,  1.24714373,
        1.27385217,  3.08947848,  0.24085487,  1.1786398 ,  2.60352849,
        0.8970621 , 16.67653901,  1.57854066,  1.15925958, 12.52830494,
        1.56109847,  0.97180762,  1.69702799,  1.0477914 ,  2.9008685 ,
        1.02410707,  1.36567014,  0.29116623,  0.61292703,  0.46029983,
        1.19774649,  1.93756701,  1.32843856,  2.07758244,  0.6668831 ,
        2.64710904,  0.3921244 , 13.86072832,  1.58277675,  3.38339376,
        0.35223918,  0.09422105,  1.60613728,  0.7479504 ,  0.54787977])}
Success rate:  0.94
{'success': array([ True,  True,  True,  True,  True,  True,  True,  True,  True,
        True,  True,  True,  True,  True,  True,  True,  True,  True,
        True,  True,  True, False,  True,  True, False,  True,  True,
        True,  True,  True,  True,  True,  True,  True,  True,  True,
        True,  True,  True,  True,  True,  True, False,  True,  True,
        True,  True,  True,  True,  True]), 'state_dist': array([ 0.62189076,  0.41036388,  0.18684697,  0.42856217,  1.25737928,
        1.45408848,  0.54815582,  0.93279183,  0.84715427,  2.06144737,
        1.49742914,  1.79071661,  1.04950146,  0.6367388 ,  1.13677685,
        1.22843849,  3.11643185,  1.34568953,  0.51316868,  2.34178975,
        0.53385651, 16.67653901,  1.03772564,  1.64276006, 12.5552484 ,
        1.91967856,  0.66994613,  1.62718   ,  0.79709752,  2.2057248 ,
        0.59288363,  2.39966203,  0.71747155,  0.59031993,  0.13001498,
        1.37821196,  1.18080767,  1.87097479,  1.40795529,  0.71081529,
        2.21636435,  0.82915397, 13.63019685,  1.12886545,  1.89742396,
        0.2250071 ,  0.30991764,  1.17784793,  1.22170898,  0.36572774])}
Success rate:  0.94
{'success': array([ True,  True,  True,  True,  True,  True,  True,  True,  True,
        True,  True,  True,  True,  True,  True,  True,  True,  True,
        True,  True,  True, False,  True,  True, False,  True,  True,
        True,  True,  True,  True,  True,  True,  True,  True,  True,
        True,  True,  True,  True,  True,  True, False,  True,  True,
        True,  True,  True,  True,  True]), 'state_dist': array([ 0.21852821,  0.97324769,  0.57960223,  0.7655506 ,  0.92279511,
        0.67776066,  0.79998953,  0.22003184,  0.97094181,  2.65537471,
        1.33141589,  2.4425228 ,  1.09383832,  0.76096398,  2.1207997 ,
        1.96829661,  2.39287501,  1.27221038,  0.44472159,  1.53904022,
        0.74194866, 16.92052018,  1.67357022,  0.86972671, 12.5552484 ,
        0.83546309,  1.07960654,  0.81463985,  0.58358895,  1.54534964,
        0.67613597,  2.72613091,  1.19220365,  0.42527651,  0.60377567,
        0.8954873 ,  1.83851935,  1.92872961,  1.29745882,  0.90594021,
        2.56301139,  0.50839793, 13.54330925,  0.73182033,  1.38806674,
        0.19833285,  1.21084345,  1.53457882,  1.04127378,  0.79497509])}
Success rate:  0.94
{'success': array([ True,  True,  True,  True,  True,  True,  True,  True,  True,
        True,  True,  True,  True,  True,  True,  True,  True,  True,
        True,  True,  True, False,  True,  True, False,  True,  True,
        True,  True,  True,  True,  True,  True,  True,  True,  True,
        True,  True,  True,  True,  True,  True, False,  True,  True,
        True,  True,  True,  True,  True]), 'state_dist': array([ 0.14180888,  0.4691347 ,  1.2124825 ,  0.58373482,  0.97135743,
        0.7734993 ,  0.83167903,  0.07333107,  1.03382767,  2.5433955 ,
        1.12835376,  1.66724274,  0.6217109 ,  1.20781401,  1.36491273,
        1.93757305,  2.40741546,  1.19922875,  0.42345051,  1.21400072,
        0.85537381, 16.92052018,  0.75740514,  0.66166979, 12.5552484 ,
        0.59431811,  1.23280575,  1.22138515,  0.39031879,  1.1398163 ,
        0.25352224,  1.52319279,  0.881928  ,  0.62409048,  0.4649095 ,
        0.19785833,  1.60296609,  2.22013299,  0.75688079,  0.68153049,
        2.42161096,  0.24554161, 13.54120161,  1.26426033,  0.70199814,
        0.64620197,  1.97763965,  2.07211709,  0.83412187,  0.89583718])}
Success rate:  0.94
{'success': array([ True,  True,  True,  True,  True,  True,  True,  True,  True,
        True,  True,  True,  True,  True,  True,  True,  True,  True,
        True,  True,  True, False,  True,  True, False,  True,  True,
        True,  True,  True,  True,  True,  True,  True,  True,  True,
        True,  True,  True,  True,  True,  True, False,  True,  True,
        True,  True,  True,  True,  True]), 'state_dist': array([ 0.3887776 ,  0.71521184,  0.28659936,  0.86233361,  1.42343032,
        0.70634745,  0.36828674,  0.22285777,  0.98275237,  3.72903137,
        1.05405945,  1.97631148,  0.92331095,  1.03819881,  1.3872818 ,
        1.84360208,  1.82481722,  1.43547145,  0.09834532,  2.47405478,
        0.99693082, 16.92052018,  0.81268677,  0.53823805, 12.65860036,
        1.34016836,  1.64927521,  1.8007659 ,  0.79309177,  0.63609741,
        1.31064661,  1.81959898,  0.91052905,  0.79090174,  0.57926679,
        0.96106338,  1.16055853,  2.23652282,  0.80164931,  0.95552461,
        1.33414766,  0.24262386, 14.12880923,  0.33293376,  1.29152004,
        0.49058014,  1.74127251,  1.34370061,  1.08781242,  0.72025395])}
Success rate:  0.94
{'success': array([ True,  True,  True,  True,  True,  True,  True,  True,  True,
        True,  True,  True,  True,  True,  True,  True,  True,  True,
        True,  True,  True, False,  True,  True, False,  True,  True,
        True,  True,  True,  True,  True,  True,  True,  True,  True,
        True,  True,  True,  True,  True,  True, False,  True,  True,
        True,  True,  True,  True,  True]), 'state_dist': array([ 0.15796681,  0.43588516,  0.35598691,  0.26234483,  1.26220893,
        0.74786989,  0.55261864,  0.99829925,  1.28977702,  2.48496664,
        0.88491764,  2.15004536,  0.70162261,  1.24661047,  1.3072309 ,
        1.43483245,  1.73455741,  1.69820186,  0.74692878,  2.86488412,
        0.77857921, 16.92052018,  1.0310123 ,  0.63600643, 12.5552484 ,
        0.47559441,  1.17161603,  1.63071306,  1.2291972 ,  0.76917429,
        0.91266522,  1.31864392,  0.67781211,  0.73298784,  0.1101749 ,
        0.55596221,  1.69706664,  1.37795372,  0.92238199,  0.43846924,
        1.65452292,  0.30918654, 14.18130599,  0.61249285,  1.53982921,
        0.53069544,  0.72899441,  1.22551333,  1.02675275,  0.52554115])}
Success rate:  0.94
{'success': array([ True,  True,  True,  True,  True,  True,  True,  True,  True,
        True,  True,  True,  True,  True,  True,  True,  True,  True,
        True,  True,  True, False,  True,  True, False,  True,  True,
        True,  True,  True,  True,  True,  True,  True,  True,  True,
        True,  True,  True,  True,  True,  True, False,  True,  True,
        True,  True,  True,  True,  True]), 'state_dist': array([ 0.46747752,  0.86317727,  0.24854758,  0.54704748,  1.23880883,
        0.90571008,  0.46579638,  0.9459625 ,  1.33218554,  2.68199795,
        0.83355432,  1.44624802,  1.15739291,  0.69096353,  1.41198524,
        2.17293677,  1.69273941,  1.22643952,  0.6740795 ,  1.21862166,
        0.80306797, 16.92052018,  0.78595256,  0.33556121, 12.5552484 ,
        0.71612296,  1.09927908,  0.96773747,  2.192912  ,  1.0344059 ,
        1.27389933,  1.26604843,  1.01864638,  0.63100647,  0.38734822,
        0.66339275,  1.50150807,  1.22839631,  1.09800715,  0.69803388,
        1.66169207,  0.26136984, 14.40367484,  0.70421921,  0.80948818,
        0.31430268,  0.49113377,  1.25834403,  1.0452373 ,  0.85772292])}
Success rate:  0.94
{'success': array([ True,  True,  True,  True,  True,  True,  True,  True,  True,
        True,  True,  True,  True,  True,  True,  True,  True,  True,
        True,  True,  True, False,  True,  True, False,  True,  True,
        True,  True,  True,  True,  True,  True,  True,  True,  True,
        True,  True,  True,  True,  True,  True, False,  True,  True,
        True,  True,  True,  True,  True]), 'state_dist': array([ 0.47424663,  0.65648948,  0.24587448,  0.47690575,  0.88947108,
        0.75265335,  0.5763546 ,  0.08766776,  1.20945524,  1.84803009,
        1.14273883,  1.91544111,  1.37351379,  1.00298401,  1.21966564,
        1.60354623,  1.81063289,  1.18586923,  0.35383934,  2.02193203,
        1.10623144, 16.92052018,  0.50515854,  0.74601133, 12.5552484 ,
        0.43566356,  1.29490666,  1.18735156,  2.44088343,  0.56974526,
        1.39800053,  1.67477283,  1.12836284,  0.80808835,  0.19314337,
        0.83373857,  1.2341514 ,  1.55835135,  1.20740156,  0.64768093,
        1.35470257,  0.41626646, 14.35498692,  0.23542851,  0.69876778,
        0.78410746,  0.83968448,  1.58207406,  1.21517632,  0.65244572])}
CEM_TIMING {"stage": "plan_6", "seconds": 636.1271455939859, "n_evals": 50, "peak_allocated_gib": 4.0611443519592285}
MPC iter 6 Eval ------- 
Success rate:  0.94
{'success': array([ True,  True,  True,  True,  True,  True,  True,  True,  True,
        True,  True,  True,  True,  True,  True,  True,  True,  True,
        True,  True,  True, False,  True,  True, False,  True,  True,
        True,  True,  True,  True,  True,  True,  True,  True,  True,
        True,  True,  True,  True,  True,  True, False,  True,  True,
        True,  True,  True,  True,  True]), 'state_dist': array([ 2.53328114,  3.84295577,  0.83494656,  3.33637719,  2.28828092,
        3.84815632,  3.40245468,  1.88849727,  2.4391779 ,  1.23745184,
        1.95281143,  2.51813845,  0.13974261,  2.10342721,  0.6025276 ,
        1.75966278,  1.50384241,  0.22435194,  2.04899091,  1.57329131,
        1.8766355 , 16.92052018,  3.44478667,  0.43250602, 12.5552484 ,
        2.50635337,  4.12749317,  2.58275774,  1.40505136,  2.32068132,
        0.87361741,  1.17652653,  2.63523439,  2.66878917,  1.25111   ,
        2.11005337,  1.72939761,  1.33908033,  2.47635782,  1.72022799,
        1.15475957,  1.89996837, 14.35498692,  2.95367913,  0.93754826,
        1.77858976,  0.57581919,  1.1421364 ,  3.8220512 ,  0.32577414])}
self.is_success:  [ True  True  True  True  True  True  True  True  True  True  True  True
  True  True  True  True  True  True  True  True  True False  True  True
 False  True  True  True  True  True  True  True  True  True  True  True
  True  True  True  True  True  True False  True  True  True  True  True
  True  True]
