TORCH_PROCESS_ROLE=plan CUDA_VISIBLE_DEVICES=GPU-69cce928-f6a6-dc9d-0d14-90cd87f6fa8d
TORCH_PROCESS_LOGICAL_DEVICE=cuda:0 NAME=NVIDIA A100-SXM4-40GB TOTAL_MEMORY_BYTES=42406903808
TORCH_PROCESS_START_ALLOCATED_BYTES=0 RESERVED_BYTES=0
/scratch/users/ntu/yguo017/experiment/reproduction/lpwm/lpworldmodel-bdd812d/custom_resolvers.py:4: Hydra14MigrationWarning: 
The version_base parameter is not specified.
Hydra will assume defaults for version 1.1.
Hydra 1.4 will remove this compatibility behavior.
Before upgrading to Hydra 1.4, set version_base="1.3" and test your application.
See https://hydra.cc/docs/upgrades/1.3_to_1.4/prepare_for_1_4/ for preparation instructions.
  @hydra.main(config_path=None)
[2026-09-27 10:27:10,686][__main__][INFO] - Planning result saved dir: /scratch/users/ntu/yguo017/experiment/reproduction/lpwm/lpworldmodel-bdd812d/plan_outputs/20260927102710_repro_sparse_pusht_mlp_var_pd384_gH5
wandb: Tracking run with wandb version 0.30.0
wandb: W&B syncing is set to `offline` in this directory. Run `wandb online` or set WANDB_MODE=online to enable cloud syncing.
wandb: Run data is saved locally in /scratch/users/ntu/yguo017/experiment/reproduction/lpwm/lpworldmodel-bdd812d/plan_outputs/20260927102710_repro_sparse_pusht_mlp_var_pd384_gH5/wandb/offline-run-20260927_102710-3yvyjdte
wandb: View this run in the terminal with `wandb leet`
Loaded 18685 rollouts
Loaded 21 rollouts
Resuming from epoch 2: /scratch/users/ntu/yguo017/experiment/reproduction/lpwm/formal_runs/25571461.pbs101/sparse/checkpoints/outputs/repro_sparse_pusht_mlp_var_pd384/checkpoints/model_latest.pth
num_action_repeat: 1
num_proprio_repeat: 1
proprio encoder: ProprioceptiveEmbedding(
  (patch_embed): Conv1d(4, 10, kernel_size=(1,), stride=(1,))
)
action encoder: Embedder(
  (patch_embed): Conv1d(10, 10, kernel_size=(1,), stride=(1,))
  (embed): Sequential(
    (0): Linear(in_features=10, out_features=1536, bias=True)
    (1): SiLU()
    (2): Linear(in_features=1536, out_features=384, bias=True)
  )
)
proprio_dim: 10, after repeat: 10
action_dim: 384, after repeat: 384
emb_dim: 384
Model emb_dim:  384
eval_seed:  [1, 100, 199, 298, 397, 496, 595, 694, 793, 892, 991, 1090, 1189, 1288, 1387, 1486, 1585, 1684, 1783, 1882, 1981, 2080, 2179, 2278, 2377, 2476, 2575, 2674, 2773, 2872, 2971, 3070, 3169, 3268, 3367, 3466, 3565, 3664, 3763, 3862, 3961, 4060, 4159, 4258, 4357, 4456, 4555, 4654, 4753, 4852]
Dumped plan targets to /scratch/users/ntu/yguo017/experiment/reproduction/lpwm/lpworldmodel-bdd812d/plan_outputs/20260927102710_repro_sparse_pusht_mlp_var_pd384_gH5/plan_targets.pkl
Success rate:  0.08
{'success': array([False, False, False, False, False, False, False, False, False,
       False, False, False, False, False, False, False,  True, False,
       False, False, False,  True,  True, False, False, False, False,
       False, False, False, False, False, False, False, False, False,
       False,  True, False, False, False, False, False, False, False,
       False, False, False, False, False]), 'state_dist': array([ 65.93338 , 100.88151 , 354.18878 , 134.2172  , 219.9708  ,
       186.9971  , 155.00076 , 150.90315 ,  82.41021 , 130.51788 ,
        78.465675,  83.02446 , 101.177315, 158.6523  ,  71.0091  ,
        41.038322,  54.43857 ,  93.217415, 172.79973 , 177.66519 ,
       202.35382 ,  19.551054,  63.56479 , 115.71495 , 191.9767  ,
       198.45378 , 144.01503 , 204.36723 ,  65.686005, 108.21064 ,
       144.26169 , 109.10419 ,  86.916504, 137.96857 , 112.54971 ,
        87.84412 , 115.25474 , 182.46059 ,  98.596756, 133.31682 ,
        33.059162,  77.525215,  93.67668 ,  82.369675, 198.86552 ,
       317.20764 , 128.28381 , 115.354195, 134.30774 , 101.9161  ],
      dtype=float32)}
Success rate:  0.18
{'success': array([False, False, False, False, False, False, False, False, False,
       False,  True, False, False, False,  True, False,  True,  True,
       False, False, False,  True,  True, False, False, False, False,
       False, False, False, False, False,  True, False, False, False,
       False,  True, False, False,  True, False, False, False, False,
       False, False, False, False, False]), 'state_dist': array([ 71.8948  ,  54.040386, 324.22882 ,  88.192314, 180.33427 ,
       131.5847  ,  86.18113 , 137.2629  ,  55.895557, 130.79686 ,
        24.896225,  35.269176, 102.24061 , 142.86897 ,  43.340717,
        42.771812,  43.057484,  82.49755 , 131.19156 , 101.06375 ,
       199.80498 ,  17.95843 ,  60.873814,  55.51925 , 186.4877  ,
       190.71138 , 131.48717 , 207.17575 ,  67.10493 ,  75.85377 ,
       126.19856 ,  71.87334 ,  60.17541 , 118.85945 ,  94.580124,
        78.01662 ,  70.632   , 182.64618 ,  66.13538 , 132.65529 ,
        18.573277,  81.593285,  77.55938 ,  72.46765 , 182.15071 ,
       297.33432 , 132.21196 , 102.8364  ,  57.95751 ,  96.18697 ],
      dtype=float32)}
Success rate:  0.28
{'success': array([False, False, False, False, False, False,  True, False, False,
       False,  True,  True, False, False,  True, False,  True,  True,
       False, False, False,  True,  True,  True,  True, False, False,
       False, False, False, False, False,  True, False, False,  True,
       False,  True, False, False,  True, False, False, False, False,
       False, False, False, False, False]), 'state_dist': array([ 70.95943 ,  42.947685, 317.0996  ,  94.24627 , 175.46753 ,
        86.91807 ,  54.522945, 133.46132 ,  64.57473 , 129.57535 ,
        37.765366,  54.901672,  99.68835 , 159.26093 ,  37.45112 ,
        45.861446,  40.389404,  72.99135 , 143.20018 ,  52.12281 ,
       214.4199  ,  20.604486,  63.125496,  48.392647, 195.64426 ,
       183.6166  , 169.0977  , 196.08409 ,  63.02264 ,  79.92459 ,
       116.85075 ,  63.603878,  74.00275 , 126.334045,  90.174   ,
        78.769516,  53.5899  , 182.11852 ,  61.47996 , 128.54616 ,
        17.200531,  78.71141 ,  97.92177 ,  76.475044, 188.61021 ,
       281.6062  , 112.25294 , 100.61987 ,  49.579388,  92.45028 ],
      dtype=float32)}
Success rate:  0.34
{'success': array([False, False, False, False,  True,  True,  True, False, False,
       False,  True,  True, False, False,  True, False,  True,  True,
       False,  True, False,  True,  True,  True,  True, False, False,
       False, False, False, False, False, False, False, False,  True,
       False,  True, False, False,  True, False, False, False,  True,
       False, False, False, False, False]), 'state_dist': array([ 69.34522 ,  49.383736, 304.95386 ,  92.03171 , 172.86159 ,
        93.9496  ,  44.71217 , 137.29745 ,  63.573498, 130.78596 ,
        39.33184 ,  73.13209 , 103.448296, 150.0232  ,  39.09738 ,
        45.556816,  47.38873 , 111.56199 , 150.18562 ,  55.147675,
       236.29279 ,  19.655499,  53.37769 ,  44.20579 , 197.50508 ,
       179.05554 , 179.9272  , 201.06837 ,  66.57986 ,  83.18015 ,
       107.64553 ,  48.373726,  72.42346 ,  95.60255 , 101.21496 ,
        86.055374,  52.918148, 208.09409 ,  73.38294 , 156.6542  ,
        14.475064,  76.074295, 105.4652  ,  74.14919 , 184.27583 ,
       278.05225 , 107.49816 ,  88.497856,  60.434666,  90.32945 ],
      dtype=float32)}
Success rate:  0.36
{'success': array([False, False, False, False,  True,  True,  True, False, False,
       False,  True,  True, False, False,  True, False,  True,  True,
       False,  True, False, False,  True,  True,  True, False, False,
       False, False, False, False, False,  True, False, False,  True,
       False,  True, False, False,  True,  True, False, False,  True,
       False, False, False, False, False]), 'state_dist': array([ 57.8873  ,  36.30127 , 315.38824 ,  87.72543 , 168.61821 ,
        77.05182 ,  61.24158 , 161.09618 ,  60.244263, 133.41306 ,
        63.249374,  69.71306 , 108.48726 , 143.23412 ,  47.363102,
        48.86346 ,  34.335438, 127.46628 , 149.7649  ,  44.634007,
       236.25682 ,  23.898275,  41.247772,  58.035774, 219.88097 ,
       172.68932 , 184.87033 , 222.04314 ,  67.69791 ,  79.04231 ,
       116.76495 ,  54.133812,  76.675835,  97.67946 ,  96.296776,
        49.85192 ,  54.86926 , 217.59637 ,  72.768684, 124.027374,
         9.62882 , 108.304276,  90.82781 ,  76.2821  , 187.5167  ,
       279.77505 , 108.01276 ,  84.380486,  80.334274, 102.47286 ],
      dtype=float32)}
Success rate:  0.38
{'success': array([False, False, False, False,  True,  True,  True, False, False,
       False,  True,  True, False, False,  True, False,  True,  True,
       False,  True, False,  True,  True,  True,  True, False, False,
       False, False, False, False,  True,  True, False, False,  True,
       False,  True, False, False,  True, False, False, False,  True,
       False, False, False, False, False]), 'state_dist': array([ 62.395668,  27.88362 , 316.62485 ,  85.0954  , 182.00465 ,
        67.61738 ,  91.249504, 143.52548 ,  64.18774 , 141.65816 ,
        76.816765,  91.36275 ,  99.71803 , 138.31259 ,  42.95971 ,
        44.045803,  44.40879 , 115.22893 , 147.40276 ,  71.31183 ,
       235.70119 ,  28.109001,  59.268314,  54.94724 , 233.33327 ,
       167.00188 , 181.64876 , 232.67625 ,  75.44967 ,  70.69268 ,
       112.67842 ,  31.30513 ,  89.721436,  92.30162 ,  99.43711 ,
        34.33893 ,  51.084496, 218.72156 ,  76.16219 , 108.14787 ,
         9.870019,  85.32322 , 103.935555,  81.98925 , 181.54832 ,
       252.71262 , 113.00406 ,  86.43799 ,  84.41991 , 107.092384],
      dtype=float32)}
Success rate:  0.36
{'success': array([False, False, False, False,  True,  True,  True, False, False,
       False,  True,  True, False, False,  True, False,  True,  True,
       False,  True, False,  True,  True,  True,  True, False, False,
       False, False, False, False, False,  True, False, False,  True,
       False,  True, False, False,  True, False, False, False,  True,
       False, False, False, False, False]), 'state_dist': array([ 68.631   ,  34.969738, 323.2723  ,  76.292274, 183.78964 ,
        81.126465,  94.99161 , 127.39419 ,  63.756435, 137.18411 ,
        84.20651 ,  98.44924 , 100.84875 , 135.15057 ,  48.20671 ,
        49.228443,  65.827385, 108.93198 , 150.12103 ,  70.0881  ,
       250.05653 ,  31.10543 ,  52.92985 ,  89.69191 , 243.99483 ,
       169.9869  , 181.01187 , 232.47906 ,  77.043465,  72.00738 ,
       113.43516 ,  27.051601,  82.792656, 110.6088  ,  99.45711 ,
        30.344736,  49.671307, 224.27432 ,  71.27074 ,  93.11508 ,
        28.911572,  81.99463 ,  97.48935 ,  80.17757 , 185.6626  ,
       204.93732 , 123.39499 ,  83.342445,  92.84869 , 104.94431 ],
      dtype=float32)}
Success rate:  0.34
{'success': array([False, False, False, False, False,  True,  True, False, False,
       False,  True,  True, False, False,  True, False,  True,  True,
       False,  True, False,  True,  True,  True,  True, False, False,
       False, False, False, False,  True, False, False, False,  True,
       False,  True, False, False,  True, False, False, False,  True,
       False, False, False, False, False]), 'state_dist': array([ 73.62895 ,  36.510365, 322.5134  ,  57.672455, 189.17896 ,
        78.10413 ,  90.68451 , 111.00558 ,  60.527115, 130.86594 ,
        73.53036 ,  81.96117 , 101.28902 , 155.15393 ,  56.740807,
        55.7405  ,  78.59541 ,  98.92827 , 146.46158 ,  69.18471 ,
       255.60403 ,  33.992786,  63.47751 ,  84.23434 , 244.1     ,
       163.48758 , 180.85707 , 237.64188 ,  92.36943 ,  73.32437 ,
       108.662125,  25.428234,  86.16303 , 112.52198 ,  99.7656  ,
        38.031536,  56.419243, 219.77673 ,  74.49    ,  90.3698  ,
        17.442173,  72.53571 ,  93.61615 ,  82.0165  , 191.26245 ,
       171.29611 , 116.54646 ,  93.40571 ,  71.96088 , 104.22497 ],
      dtype=float32)}
Success rate:  0.36
{'success': array([False, False, False, False, False,  True,  True, False, False,
       False,  True,  True, False, False,  True, False,  True,  True,
       False,  True, False,  True,  True,  True,  True, False, False,
       False, False, False, False,  True,  True, False, False,  True,
       False,  True, False, False,  True, False, False, False,  True,
       False, False, False, False, False]), 'state_dist': array([ 69.10431 ,  39.824577, 320.3295  ,  50.17323 , 181.80319 ,
        74.63341 , 100.139244, 109.320724,  53.220043, 126.82898 ,
        82.87857 ,  83.660286,  94.8824  , 160.09334 ,  70.8878  ,
        57.25424 , 110.377525,  77.21318 , 147.05011 ,  76.319725,
       277.4602  ,  40.19888 ,  68.14335 ,  93.97662 , 228.91171 ,
       166.64407 , 183.01405 , 245.08885 ,  92.058784,  71.906075,
       111.09387 ,  27.513762,  77.621666, 108.1347  ,  82.32037 ,
        63.514713,  53.532597, 243.5517  ,  66.316605,  77.07309 ,
        30.013245,  71.483536,  87.23529 ,  90.51583 , 199.77951 ,
       205.48311 , 161.0586  , 107.17243 ,  68.43779 , 112.49511 ],
      dtype=float32)}
Success rate:  0.34
{'success': array([False, False, False, False, False,  True,  True, False, False,
       False,  True,  True, False, False, False, False,  True,  True,
       False,  True, False,  True,  True,  True,  True, False, False,
       False, False, False, False,  True,  True, False, False,  True,
       False,  True, False, False,  True, False, False, False,  True,
       False, False, False, False, False]), 'state_dist': array([ 77.683914,  49.907684, 324.21274 ,  55.27353 , 178.22258 ,
        71.21351 , 102.13015 , 121.482315,  52.02184 , 129.02913 ,
        91.63618 ,  72.268654, 100.297134, 168.72084 ,  76.19483 ,
        52.340267, 101.71299 ,  69.34043 , 138.73691 ,  86.167244,
       267.9916  ,  35.713196,  57.33486 ,  94.59851 , 227.55644 ,
       155.10056 , 181.54716 , 234.9763  ,  90.957886,  67.613594,
       106.087006,  23.524864,  79.52991 ,  79.89474 ,  87.89458 ,
        64.91525 ,  69.326164, 236.62067 ,  67.81198 ,  79.156296,
        27.116913,  88.822876,  79.20073 ,  89.9598  , 197.87596 ,
       228.77443 , 162.58476 , 131.88715 ,  81.746544, 103.40421 ],
      dtype=float32)}
Success rate:  0.34
{'success': array([False, False, False, False, False,  True,  True, False, False,
       False,  True,  True, False, False, False, False,  True,  True,
       False,  True, False,  True,  True,  True,  True, False, False,
       False, False, False, False,  True,  True, False, False,  True,
       False,  True, False, False,  True, False, False, False,  True,
       False, False, False, False, False]), 'state_dist': array([ 77.858894,  42.1645  , 313.01364 ,  55.421288, 180.50705 ,
        84.84302 , 106.01746 , 122.37871 ,  58.640755, 125.362144,
        87.297035,  62.775787, 104.79344 , 159.16856 ,  62.719288,
        54.909527, 100.17172 ,  81.83696 , 144.36299 ,  88.19695 ,
       286.58774 ,  38.644226,  53.043346, 108.604866, 250.27003 ,
       153.27019 , 184.40152 , 235.4631  ,  81.29029 ,  74.09548 ,
       107.22358 ,  25.844912,  77.91722 ,  78.10237 ,  93.038574,
        70.42762 ,  69.61099 , 259.0539  ,  63.35771 ,  69.27764 ,
        22.06078 ,  99.273796,  91.755424,  80.1699  , 200.83783 ,
       185.57584 , 147.50978 , 146.89003 ,  82.50582 , 107.457855],
      dtype=float32)}
Success rate:  0.34
{'success': array([False, False, False, False, False,  True,  True, False, False,
       False,  True,  True, False, False,  True, False,  True,  True,
       False,  True, False, False,  True,  True,  True, False, False,
       False, False, False, False,  True, False, False, False,  True,
       False,  True, False, False,  True,  True, False, False,  True,
       False, False, False, False, False]), 'state_dist': array([ 76.03473 ,  35.873062, 302.25946 ,  57.51367 , 175.95616 ,
       122.71887 , 121.489555, 112.38968 ,  61.386353, 127.61845 ,
        94.69453 ,  60.149426, 107.75203 , 156.8166  ,  51.86961 ,
        61.33779 ,  98.11014 ,  81.03483 , 154.12567 ,  93.11325 ,
       298.1015  ,  46.287064,  62.744953, 139.27719 , 257.3201  ,
       146.19235 , 184.4383  , 224.92406 ,  75.18136 ,  78.40468 ,
       106.91386 ,  23.213636,  72.65758 ,  76.77873 ,  97.399254,
        60.068718,  69.3278  , 244.29253 ,  60.642387,  78.58364 ,
        26.604532, 109.56429 ,  96.43675 ,  80.92266 , 199.55974 ,
       191.21576 , 144.10739 , 154.72792 ,  77.19941 , 109.18222 ],
      dtype=float32)}
Success rate:  0.34
{'success': array([False, False, False, False, False,  True,  True, False, False,
       False,  True,  True, False, False,  True, False,  True,  True,
       False,  True, False, False,  True,  True,  True, False, False,
       False, False, False, False,  True, False, False, False,  True,
       False,  True, False, False,  True,  True, False, False,  True,
       False, False, False, False, False]), 'state_dist': array([ 74.53831 ,  43.37005 , 297.1022  ,  63.606743, 172.63669 ,
       117.263916, 113.23566 , 104.10736 ,  64.068275, 122.57241 ,
        94.73759 ,  71.49963 , 109.422844, 146.34543 ,  40.41368 ,
        63.37373 ,  95.75979 ,  84.453514, 142.91559 , 102.49221 ,
       317.95236 ,  58.644512,  62.54741 , 136.32176 , 256.16788 ,
       142.72986 , 182.68576 , 226.8086  ,  70.91498 ,  70.28763 ,
       107.44684 ,  20.552029,  76.78252 , 109.754944,  94.90511 ,
        48.57718 ,  71.5707  , 238.41795 ,  63.856194,  76.50602 ,
        20.791775, 103.265045,  96.58176 ,  83.48022 , 193.67395 ,
       189.49971 , 141.51125 , 149.42899 ,  68.27154 , 113.8111  ],
      dtype=float32)}
Success rate:  0.32
{'success': array([False, False, False, False, False,  True,  True, False, False,
       False,  True,  True, False, False,  True, False,  True,  True,
       False,  True, False, False,  True,  True,  True, False, False,
       False, False, False, False,  True, False, False, False,  True,
       False,  True, False, False,  True, False, False, False,  True,
       False, False, False, False, False]), 'state_dist': array([ 75.8616  ,  53.702953, 274.1422  ,  61.555683, 172.25287 ,
       107.78976 , 124.56917 ,  89.11847 ,  61.515575, 127.19168 ,
        97.166306,  81.176414, 111.38667 , 150.81244 ,  45.863255,
        61.08091 ,  99.95892 ,  75.08018 , 133.9787  , 102.298805,
       327.33182 ,  66.74813 ,  59.49812 , 165.19203 , 247.00366 ,
       139.43777 , 187.79903 , 223.02437 ,  71.06754 ,  67.65206 ,
       107.49063 ,  18.903719,  74.47353 , 113.359604,  93.44794 ,
        42.795868,  55.567616, 237.6728  ,  61.99085 ,  97.83481 ,
        12.807898, 104.59397 ,  89.97248 ,  91.69513 , 192.66953 ,
       189.06972 , 151.84024 , 153.6885  ,  59.070984, 116.7884  ],
      dtype=float32)}
Success rate:  0.32
{'success': array([False, False, False, False, False,  True,  True, False, False,
       False,  True,  True, False, False,  True, False,  True,  True,
       False,  True, False, False,  True,  True,  True, False, False,
       False, False, False, False,  True, False, False, False,  True,
       False,  True, False, False,  True, False, False, False,  True,
       False, False, False, False, False]), 'state_dist': array([ 72.37389  ,  49.352364 , 274.5179   ,  60.247425 , 167.7851   ,
        99.18997  , 123.10593  ,  79.34569  ,  59.010815 , 132.2653   ,
        99.76936  ,  82.639084 , 110.55489  , 149.03441  ,  57.192333 ,
        69.955666 ,  95.77844  ,  76.38431  , 131.06638  , 100.44827  ,
       344.47488  ,  62.631393 ,  58.821667 , 166.87138  , 245.54933  ,
       142.30936  , 185.96185  , 220.88998  ,  72.892494 ,  66.57744  ,
       109.163925 ,  24.01874  ,  73.924416 ,  82.00327  ,  92.18658  ,
        38.23165  ,  56.906445 , 232.7763   ,  58.951405 , 107.94761  ,
         7.0765195,  88.878006 ,  94.36317  ,  91.88171  , 192.9395   ,
       184.94708  , 150.25084  , 159.1935   ,  71.74285  , 119.7719   ],
      dtype=float32)}
Success rate:  0.32
{'success': array([False, False, False, False, False,  True,  True, False, False,
       False,  True,  True, False, False,  True, False,  True,  True,
       False,  True, False, False,  True,  True,  True, False, False,
       False, False, False, False, False,  True, False, False,  True,
       False,  True, False, False,  True, False, False, False,  True,
       False, False, False, False, False]), 'state_dist': array([ 69.15657  ,  45.209812 , 294.53424  ,  64.24201  , 172.51387  ,
       107.336945 , 120.45263  ,  83.5562   ,  60.828358 , 124.74313  ,
       103.27685  ,  85.729294 , 108.33962  , 146.6769   ,  71.821495 ,
        71.697784 ,  89.45755  ,  78.10755  , 134.26344  ,  94.46946  ,
       385.38696  ,  70.26031  ,  61.68748  , 173.41258  , 250.49469  ,
       137.77057  , 187.26907  , 222.62944  ,  71.66975  ,  64.9567   ,
       108.61881  ,  39.864597 ,  76.1035   ,  80.06146  ,  91.44294  ,
        30.453968 ,  74.91488  , 237.38063  ,  57.0212   , 100.957436 ,
         6.0299063,  94.701324 ,  99.28466  , 104.59595  , 194.38365  ,
       186.4423   , 153.72221  , 189.50339  ,  62.739834 , 126.20212  ],
      dtype=float32)}
Success rate:  0.32
{'success': array([False, False, False, False, False,  True,  True, False, False,
       False,  True,  True, False, False,  True, False,  True,  True,
       False,  True, False, False,  True,  True,  True, False, False,
       False, False, False, False,  True, False, False, False,  True,
       False,  True, False, False,  True, False, False, False,  True,
       False, False, False, False, False]), 'state_dist': array([ 68.36606 ,  39.88411 , 306.04105 ,  64.18139 , 176.40575 ,
       115.3292  , 121.79887 ,  94.220055,  58.407024, 123.97761 ,
       102.823906,  71.24025 , 108.25196 , 142.27435 ,  71.24499 ,
        68.88248 ,  88.06401 ,  81.47518 , 126.7077  ,  98.35425 ,
       388.34088 ,  77.6519  ,  53.501392, 182.81937 , 274.58896 ,
       138.90712 , 186.4758  , 228.8879  ,  73.721306,  66.398224,
       111.32408 ,  24.639372,  72.68928 ,  82.070244,  90.58754 ,
        35.08994 ,  73.92638 , 246.71263 ,  56.8283  ,  94.70001 ,
        11.039162,  96.417786,  97.062386, 108.81978 , 193.27393 ,
       189.86076 , 154.30754 , 195.01253 ,  60.58207 , 122.74176 ],
      dtype=float32)}
Success rate:  0.32
{'success': array([False, False, False, False, False,  True,  True, False, False,
       False,  True,  True, False, False,  True, False,  True,  True,
       False,  True, False, False,  True,  True,  True, False, False,
       False, False, False, False, False, False, False, False,  True,
       False,  True, False, False,  True,  True, False, False,  True,
       False, False, False, False, False]), 'state_dist': array([ 69.51628 ,  37.49092 , 310.40613 ,  72.869774, 165.72359 ,
       131.46773 , 113.507965,  93.90651 ,  58.643944, 125.207504,
       103.144325,  63.36803 , 111.84585 , 151.70192 ,  84.67386 ,
        76.15346 ,  88.78235 ,  83.702126, 133.20837 , 101.81197 ,
       397.20544 ,  77.98343 ,  56.439133, 197.39708 , 277.3609  ,
       138.71553 , 184.8859  , 226.67688 ,  80.78842 ,  66.65681 ,
       110.41778 ,  42.294437,  71.97515 ,  84.36905 ,  89.98503 ,
        46.49371 ,  74.11389 , 251.93506 ,  57.410515,  90.98428 ,
        16.80937 ,  88.725975,  99.70324 , 117.30177 , 192.58154 ,
       190.22127 , 146.88821 , 204.8335  ,  69.0812  , 120.98463 ],
      dtype=float32)}
Success rate:  0.3
{'success': array([False, False, False, False, False,  True,  True, False, False,
       False,  True,  True, False, False,  True, False,  True,  True,
       False,  True, False, False,  True,  True,  True, False, False,
       False, False, False, False, False, False, False, False,  True,
       False,  True, False, False,  True, False, False, False,  True,
       False, False, False, False, False]), 'state_dist': array([ 67.91671 ,  40.49665 , 321.9536  ,  75.7432  , 166.9124  ,
       133.41678 , 120.89454 ,  87.52695 ,  61.047264, 133.96867 ,
       103.11354 ,  61.30044 , 110.94693 , 155.34619 ,  89.021454,
        69.2807  ,  88.587296,  84.982315, 134.47322 , 104.40181 ,
       406.38483 ,  86.2554  ,  44.15592 , 193.76492 , 264.9081  ,
       141.1389  , 186.88142 , 222.5513  ,  84.8574  ,  69.554405,
       110.72274 ,  42.369705,  67.78029 ,  81.69926 ,  90.11735 ,
        44.606937,  70.91846 , 258.34387 ,  54.816544,  96.08201 ,
        15.603908,  92.712585, 100.07812 , 120.887375, 189.97662 ,
       188.02728 , 165.00397 , 227.26314 ,  64.41812 , 125.48121 ],
      dtype=float32)}
Success rate:  0.32
{'success': array([False, False, False, False, False,  True,  True, False, False,
       False,  True,  True, False, False,  True, False,  True,  True,
       False,  True, False, False,  True,  True,  True, False, False,
       False, False, False, False, False, False, False, False,  True,
       False,  True, False, False,  True,  True, False, False,  True,
       False, False, False, False, False]), 'state_dist': array([ 69.66733 ,  42.199844, 315.8075  ,  76.23352 , 160.51422 ,
       132.49348 , 123.507126,  94.48284 ,  61.01752 , 134.43695 ,
       114.699814,  69.94709 , 113.37746 , 153.32837 ,  87.60615 ,
        76.8123  ,  87.11596 ,  85.091095, 152.4777  ,  95.59372 ,
       408.8253  ,  79.7794  ,  53.949352, 197.39961 , 277.83212 ,
       142.55254 , 190.1958  , 227.72057 ,  87.266235,  67.493904,
       110.87824 ,  45.24208 ,  65.1866  ,  85.35838 ,  93.650345,
        47.02201 ,  73.61005 , 266.3483  ,  54.75703 ,  92.17857 ,
        13.260986,  87.38099 ,  97.791435, 124.66245 , 191.51976 ,
       193.4923  , 169.32877 , 242.78432 ,  58.374096, 124.58705 ],
      dtype=float32)}
Success rate:  0.32
{'success': array([False, False, False, False, False,  True,  True, False, False,
       False,  True,  True, False, False,  True, False,  True,  True,
       False,  True, False, False,  True,  True,  True, False, False,
       False, False, False, False, False, False, False, False,  True,
       False,  True, False, False,  True,  True, False, False,  True,
       False, False, False, False, False]), 'state_dist': array([ 70.78329 ,  42.51522 , 311.12634 ,  73.77725 , 153.38892 ,
       118.33591 , 125.151535, 101.66809 ,  61.903988, 138.28143 ,
       110.86211 ,  71.74948 , 112.427826, 159.18369 ,  89.29237 ,
       113.3107  ,  93.35851 ,  79.95611 , 151.18173 ,  96.706955,
       416.63586 ,  71.88036 ,  52.12592 , 200.84521 , 271.4547  ,
       140.28186 , 193.24039 , 228.70992 ,  84.34685 ,  70.056465,
       109.988655,  42.214657,  60.786633, 118.54187 ,  94.6575  ,
        49.515186,  74.43785 , 271.9616  ,  53.868404,  87.97025 ,
        14.523154,  81.1019  ,  98.11138 , 124.91834 , 193.5163  ,
       186.12007 , 165.76395 , 239.15314 ,  60.791958, 130.21048 ],
      dtype=float32)}
Success rate:  0.3
{'success': array([False, False, False, False, False,  True,  True, False, False,
       False,  True,  True, False, False,  True, False,  True,  True,
       False,  True, False, False,  True,  True,  True, False, False,
       False, False, False, False, False, False, False, False,  True,
       False,  True, False, False,  True, False, False, False,  True,
       False, False, False, False, False]), 'state_dist': array([ 70.24302 ,  44.92196 , 307.61633 ,  75.7061  , 163.34903 ,
       117.13422 , 133.9026  , 101.102875,  61.39779 , 129.00313 ,
       117.57029 ,  67.63308 , 112.17186 , 153.98055 , 107.212944,
       116.515144,  91.34737 ,  82.55594 , 148.17839 ,  92.75652 ,
       426.27594 ,  75.93868 ,  57.5762  , 203.22627 , 309.84387 ,
       140.80177 , 194.56245 , 231.08876 ,  87.22556 ,  73.08279 ,
       111.7357  ,  40.707787,  58.956135, 118.718315,  96.82933 ,
        45.87167 ,  70.93272 , 268.14206 ,  54.06404 ,  82.43878 ,
        13.649604,  79.35737 , 102.77265 , 125.00583 , 193.46089 ,
       187.84569 , 162.1187  , 241.17654 ,  65.52743 , 124.88501 ],
      dtype=float32)}
Success rate:  0.28
{'success': array([False, False, False, False, False, False,  True, False, False,
       False,  True,  True, False, False,  True, False,  True,  True,
       False,  True, False, False,  True,  True,  True, False, False,
       False, False, False, False, False, False, False, False,  True,
       False,  True, False, False,  True, False, False, False,  True,
       False, False, False, False, False]), 'state_dist': array([ 72.66528 ,  44.9777  , 301.71634 ,  81.0819  , 163.05348 ,
       116.94494 , 130.13889 ,  95.89981 ,  59.390575, 124.279945,
       109.261795,  67.24127 , 111.31149 , 153.76688 ,  95.63319 ,
       119.37975 ,  87.809456,  85.79005 , 142.52425 ,  99.921974,
       419.16827 ,  81.7523  ,  59.525265, 210.80531 , 315.9648  ,
       141.11264 , 193.98439 , 224.33836 ,  89.80107 ,  78.98886 ,
       111.806656,  40.947136,  53.920067, 119.02856 ,  97.59474 ,
        43.39447 ,  69.849396, 290.76    ,  52.86379 ,  89.3248  ,
        16.999062,  84.445045, 102.75617 , 122.63241 , 192.84747 ,
       186.15027 , 159.83386 , 240.06192 ,  60.071827, 130.47368 ],
      dtype=float32)}
Success rate:  0.3
{'success': array([False, False, False, False, False, False,  True, False, False,
       False,  True,  True, False, False,  True, False,  True,  True,
       False,  True, False, False,  True,  True,  True, False, False,
       False, False, False, False, False, False, False, False,  True,
       False,  True, False, False,  True,  True, False, False,  True,
       False, False, False, False, False]), 'state_dist': array([ 69.10456 ,  44.109413, 299.87442 ,  79.59711 , 171.56651 ,
       119.11775 , 130.00154 ,  96.154045,  61.76161 , 125.64614 ,
       105.64481 ,  62.938152, 110.51371 , 159.33311 ,  96.66483 ,
       127.35939 ,  83.93597 ,  81.64159 , 133.79869 , 101.34988 ,
       414.8051  ,  74.90746 ,  56.352673, 214.72574 , 325.09012 ,
       144.59769 , 195.00664 , 232.14734 ,  86.62626 ,  88.746315,
       112.17312 ,  42.01796 ,  52.581345,  99.68463 ,  96.899994,
        44.741653,  70.69552 , 292.14337 ,  55.107384,  90.6359  ,
         8.218138,  86.00755 , 102.16885 , 124.84001 , 191.4759  ,
       188.72394 , 158.14377 , 235.44264 ,  56.249138, 132.12027 ],
      dtype=float32)}
Success rate:  0.28
{'success': array([False, False, False, False, False, False,  True, False, False,
       False,  True,  True, False, False,  True, False,  True,  True,
       False,  True, False, False,  True,  True,  True, False, False,
       False, False, False, False, False, False, False, False,  True,
       False,  True, False, False,  True, False, False, False,  True,
       False, False, False, False, False]), 'state_dist': array([ 71.96121 ,  42.451717, 299.6385  ,  77.51602 , 160.15936 ,
       135.27306 , 133.8193  ,  96.29133 ,  60.874256, 129.50868 ,
       108.46234 ,  60.180077, 113.66053 , 157.36241 , 106.29127 ,
       126.04158 ,  85.18053 ,  85.9493  , 138.22261 , 105.25899 ,
       413.07852 ,  71.80482 ,  54.2762  , 218.24672 , 320.38968 ,
       145.23766 , 195.26358 , 228.23433 ,  85.388016,  93.587395,
       113.52    ,  42.6028  ,  52.803627, 118.30399 ,  96.70611 ,
        43.744377,  69.612045, 299.1253  ,  55.30491 ,  86.657425,
         6.674224,  90.94043 , 108.662704, 126.831085, 192.46034 ,
       184.74344 , 156.76006 , 236.78648 ,  64.035835, 131.04935 ],
      dtype=float32)}
Success rate:  0.3
{'success': array([False, False, False, False, False, False,  True, False, False,
       False,  True,  True, False, False,  True, False,  True,  True,
       False,  True, False, False,  True,  True,  True, False, False,
       False, False, False, False, False, False, False, False,  True,
       False,  True, False, False,  True,  True, False, False,  True,
       False, False, False, False, False]), 'state_dist': array([ 71.297516,  42.087994, 291.25473 ,  83.62869 , 155.26419 ,
       139.87592 , 131.81248 , 104.87133 ,  58.518353, 130.29129 ,
       126.932785,  61.52815 , 109.08418 , 160.96147 , 104.85585 ,
       118.61598 ,  81.12823 ,  83.69734 , 135.7843  , 105.89515 ,
       413.16608 ,  67.58224 ,  62.444283, 219.0073  , 317.8688  ,
       144.70857 , 194.56767 , 226.73633 ,  86.62931 ,  91.29009 ,
       114.9665  ,  41.966934,  53.22846 , 117.925964,  97.495415,
        47.857155,  70.729744, 304.9921  ,  56.425194,  85.413376,
         7.400062,  90.33187 , 112.64503 , 128.15741 , 192.1155  ,
       182.97575 , 157.25352 , 238.08942 ,  63.602036, 125.00307 ],
      dtype=float32)}
Success rate:  0.28
{'success': array([False, False, False, False, False, False,  True, False, False,
       False,  True,  True, False, False,  True, False,  True,  True,
       False,  True, False, False,  True,  True,  True, False, False,
       False, False, False, False, False, False, False, False,  True,
       False,  True, False, False,  True, False, False, False,  True,
       False, False, False, False, False]), 'state_dist': array([ 71.48403 ,  41.139584, 294.1689  ,  78.09188 , 153.81593 ,
       144.32814 , 137.146   , 105.5504  ,  62.253265, 129.63712 ,
       129.07364 ,  61.022907, 107.64496 , 165.16785 , 102.68143 ,
       117.90739 ,  76.69144 ,  82.51096 , 127.72343 ,  97.45085 ,
       407.33652 ,  58.080803,  63.98986 , 207.68065 , 328.49606 ,
       141.85901 , 195.33917 , 223.91327 ,  84.61408 ,  96.26333 ,
       113.29231 ,  39.806255,  49.86308 , 118.16501 ,  98.773285,
        44.4974  ,  70.585655, 298.71402 ,  57.04921 ,  90.57657 ,
        11.748036,  90.56753 , 113.7031  , 124.389656, 194.07806 ,
       181.99226 , 159.42531 , 236.21722 ,  65.6961  , 125.27692 ],
      dtype=float32)}
Success rate:  0.28
{'success': array([False,  True, False, False, False, False,  True, False, False,
       False,  True,  True, False, False, False, False,  True,  True,
       False,  True, False, False,  True,  True,  True, False, False,
       False, False, False, False, False, False, False, False,  True,
       False,  True, False, False,  True, False, False, False,  True,
       False, False, False, False, False]), 'state_dist': array([ 70.34971 ,  46.69514 , 294.49796 ,  78.10874 , 152.26505 ,
       147.9149  , 136.72296 , 108.10873 ,  59.67858 , 130.13846 ,
       131.94035 ,  61.01376 , 103.418724, 166.77808 ,  86.92897 ,
       121.15134 ,  77.26079 ,  80.73562 , 135.83107 , 105.01065 ,
       409.5908  ,  61.892666,  68.11591 , 206.9916  , 337.9589  ,
       135.05142 , 193.68294 , 222.46042 ,  86.33982 ,  97.610306,
       113.306305,  37.91638 ,  44.24808 , 117.97873 ,  97.27934 ,
        46.628258,  68.06167 , 296.04672 ,  56.853184,  91.03188 ,
         9.81205 ,  87.29624 , 108.29261 , 123.95239 , 196.65533 ,
       182.67137 , 150.71048 , 237.55878 ,  59.83712 , 118.12984 ],
      dtype=float32)}
Success rate:  0.28
{'success': array([False,  True, False, False, False, False,  True, False, False,
       False,  True,  True, False, False, False, False,  True,  True,
       False,  True, False, False,  True,  True,  True, False, False,
       False, False, False, False, False, False, False, False,  True,
       False,  True, False, False,  True, False, False, False,  True,
       False, False, False, False, False]), 'state_dist': array([ 69.417145,  48.610313, 296.8925  ,  76.54264 , 153.6696  ,
       146.26567 , 134.97041 , 103.51317 ,  62.506042, 130.53966 ,
       135.99573 ,  62.351665, 100.657135, 167.99751 ,  90.02185 ,
       113.71668 ,  73.66291 ,  82.79097 , 136.01445 , 100.69604 ,
       408.02292 ,  56.58234 ,  66.8603  , 212.44348 , 332.4227  ,
       131.17393 , 192.77324 , 220.95041 ,  86.41924 , 102.12231 ,
       117.6162  ,  40.157364,  46.19003 , 117.57079 ,  95.47777 ,
        48.096714,  68.1888  , 289.93567 ,  56.277657,  93.03429 ,
         9.758849,  87.069145, 106.80963 , 125.40929 , 194.97537 ,
       183.21211 , 169.39209 , 235.56786 ,  58.60992 , 119.02569 ],
      dtype=float32)}
Success rate:  0.3
{'success': array([False,  True, False, False, False, False,  True, False, False,
       False,  True,  True, False, False,  True, False,  True,  True,
       False,  True, False, False,  True,  True,  True, False, False,
       False, False, False, False, False, False, False, False,  True,
       False,  True, False, False,  True, False, False, False,  True,
       False, False, False, False, False]), 'state_dist': array([ 69.58926 ,  43.239216, 297.41635 ,  78.80549 , 154.7164  ,
       146.27676 , 139.65704 , 121.85985 ,  60.527546, 130.88254 ,
       137.92137 ,  62.603428, 100.78723 , 162.29955 ,  96.30431 ,
       121.03694 ,  70.81469 ,  85.94318 , 134.03726 ,  96.280304,
       409.86896 ,  51.225166,  63.34208 , 217.35431 , 344.65198 ,
       130.3239  , 191.57945 , 220.25357 ,  86.26323 , 101.926476,
       114.98368 ,  40.729286,  43.25831 , 117.66237 ,  95.37927 ,
        46.732365,  67.335236, 291.61444 ,  56.14272 ,  89.932076,
         9.578253,  88.067406, 107.63896 , 129.80457 , 195.57776 ,
       183.38408 , 172.66124 , 245.26375 ,  62.194714, 122.3802  ],
      dtype=float32)}
MPC iter 0 Eval ------- 
Success rate:  0.3
{'success': array([False,  True, False, False, False, False,  True, False, False,
       False,  True,  True, False, False,  True, False,  True,  True,
       False,  True, False, False,  True,  True,  True, False, False,
       False, False, False, False, False, False, False, False,  True,
       False,  True, False, False,  True, False, False, False,  True,
       False, False, False, False, False]), 'state_dist': array([ 69.58926 ,  43.239216, 297.41635 ,  78.80549 , 154.7164  ,
       146.27676 , 139.65704 , 121.85985 ,  60.527546, 130.88254 ,
       137.92137 ,  62.603428, 100.78723 , 162.29955 ,  96.30431 ,
       121.03694 ,  70.81469 ,  85.94318 , 134.03726 ,  96.280304,
       409.86896 ,  51.225166,  63.34208 , 217.35431 , 344.65198 ,
       130.3239  , 191.57945 , 220.25357 ,  86.26323 , 101.926476,
       114.98368 ,  40.729286,  43.25831 , 117.66237 ,  95.37927 ,
        46.732365,  67.335236, 291.61444 ,  56.14272 ,  89.932076,
         9.578253,  88.067406, 107.63896 , 129.80457 , 195.57776 ,
       183.38408 , 172.66124 , 245.26375 ,  62.194714, 122.3802  ],
      dtype=float32)}
self.is_success:  [False  True False False False False  True False False False  True  True
 False False  True False  True  True False  True False False  True  True
  True False False False False False False False False False False  True
 False  True False False  True False False False  True False False False
 False False]
Success rate:  0.28
{'success': array([False,  True, False, False, False, False,  True, False, False,
       False,  True,  True, False, False, False, False, False,  True,
       False,  True, False, False, False,  True,  True, False, False,
       False, False, False, False, False, False, False,  True,  True,
       False,  True, False, False,  True,  True, False, False,  True,
       False, False, False, False, False]), 'state_dist': array([ 73.181244,  49.146503, 352.7791  ,  63.09417 , 216.36607 ,
       132.92142 ,  11.644284, 138.77243 ,  63.73877 , 106.89559 ,
        58.298504,  17.936378,  86.41333 , 177.116   ,  33.168766,
        41.21448 ,  56.420887,  42.94571 , 121.28534 ,  69.82806 ,
       285.09387 ,  34.838547,  73.85209 ,  61.564762, 150.75313 ,
       209.5801  , 199.6841  , 194.93741 ,  90.78963 ,  80.27804 ,
       133.33269 ,  75.87026 ,  57.30326 , 157.65395 ,  97.47503 ,
        82.42385 ,  74.12295 , 169.75377 ,  65.0116  , 117.401924,
        31.909214,  27.849613,  83.61711 ,  86.07579 , 134.92273 ,
       120.23827 , 111.293526, 124.263054, 119.72699 , 122.21298 ],
      dtype=float32)}
Success rate:  0.3
{'success': array([False,  True, False, False, False, False,  True,  True, False,
       False,  True, False, False, False, False, False, False,  True,
       False,  True, False, False,  True,  True,  True, False, False,
       False, False, False, False, False, False, False,  True,  True,
       False,  True, False, False,  True,  True, False, False,  True,
       False, False, False, False, False]), 'state_dist': array([ 88.25858 ,  46.989597, 358.63123 ,  68.27767 , 211.74606 ,
       131.2799  ,  14.394334, 156.02347 ,  59.80182 , 109.13197 ,
        47.314213,  20.669712,  89.39993 , 162.64282 ,  43.17856 ,
        40.749714,  76.18978 ,  47.023552, 121.7469  , 100.893906,
       312.43213 ,  32.46634 ,  62.178356,  56.240597, 167.92528 ,
       233.8548  , 221.718   , 199.4947  ,  82.90151 ,  90.99785 ,
       136.14986 ,  95.955574,  53.389793, 160.649   ,  84.99713 ,
        72.66279 ,  73.233116, 188.10857 ,  65.81595 , 114.204384,
        41.60922 ,  36.36877 ,  93.17699 ,  86.109   , 159.53253 ,
       134.35205 , 118.48276 , 103.56878 , 127.10836 , 123.8343  ],
      dtype=float32)}
Success rate:  0.32
{'success': array([False,  True, False, False, False, False,  True, False, False,
       False,  True,  True, False, False, False, False,  True,  True,
       False,  True, False, False,  True,  True,  True, False, False,
       False, False, False, False, False, False, False,  True,  True,
       False,  True, False, False,  True,  True, False, False,  True,
       False, False, False, False, False]), 'state_dist': array([ 86.752   ,  41.37107 , 358.9126  ,  74.75041 , 215.28413 ,
       131.5964  ,  24.981142, 140.65646 ,  58.93386 , 125.0833  ,
        63.296074,  17.401663,  95.750755, 159.80298 ,  71.250984,
        41.071   ,  63.06112 ,  43.02808 ,  89.38951 ,  92.54495 ,
       334.61816 ,  32.89216 ,  63.04396 ,  76.863846, 162.83167 ,
       235.79785 , 241.66736 , 191.50137 ,  86.16815 , 103.82372 ,
       148.38812 ,  89.56149 ,  59.21063 , 153.01913 ,  84.78226 ,
        77.84265 ,  69.20101 , 201.40044 ,  60.696014, 110.56545 ,
        50.073227,  60.56366 , 103.08243 ,  87.28069 , 166.57158 ,
       138.73042 , 119.79866 ,  88.914894, 131.05026 , 134.91412 ],
      dtype=float32)}
Success rate:  0.3
{'success': array([False,  True, False, False, False, False,  True, False, False,
       False, False,  True, False, False, False, False,  True,  True,
       False,  True, False, False,  True,  True,  True, False, False,
       False, False, False, False, False, False, False,  True,  True,
       False,  True, False, False,  True,  True, False, False,  True,
       False, False, False, False, False]), 'state_dist': array([ 98.61466 ,  40.643463, 370.28696 ,  64.503494, 213.77463 ,
       111.42569 ,  29.75027 , 137.06543 ,  58.549213, 101.908035,
        56.868256,  20.409359,  98.93886 , 156.49931 ,  69.60302 ,
        44.29371 ,  71.177864,  49.939396,  72.37591 ,  78.10361 ,
       347.3468  ,  38.548096,  59.78444 ,  57.15988 , 162.6278  ,
       240.09955 , 251.76396 , 183.00131 ,  98.81701 , 126.6281  ,
       139.4915  ,  82.14889 ,  47.194935, 154.95189 , 102.18003 ,
        70.72699 ,  69.42146 , 197.85173 ,  64.21598 ,  80.6273  ,
        47.1637  ,  73.2119  , 116.11849 , 102.14226 , 158.29305 ,
       147.9708  , 105.04192 ,  84.513435, 145.05254 , 137.72975 ],
      dtype=float32)}
Success rate:  0.32
{'success': array([False,  True, False, False, False, False,  True, False, False,
       False,  True,  True, False, False, False, False,  True,  True,
       False,  True, False, False,  True,  True,  True, False, False,
       False, False, False, False, False, False, False,  True,  True,
       False,  True, False, False,  True,  True, False, False,  True,
       False, False, False, False, False]), 'state_dist': array([118.354355,  48.13581 , 361.10742 ,  63.55903 , 188.60562 ,
       137.3122  ,  32.58958 , 133.51372 ,  60.538273, 109.22865 ,
        75.69904 ,  25.641766,  90.06452 , 154.3116  ,  82.61222 ,
        58.7748  ,  75.55182 ,  57.21057 ,  65.71988 ,  93.81801 ,
       342.90808 ,  45.338573,  59.481052,  55.203415, 162.38358 ,
       226.99611 , 280.6361  , 198.6629  , 101.44293 , 147.59076 ,
       140.07027 ,  79.933136,  50.87673 , 148.0995  ,  99.98745 ,
        68.04964 ,  76.535835, 199.23584 ,  71.42804 ,  87.24963 ,
        48.41794 ,  69.367874, 106.69827 ,  99.45784 , 163.31819 ,
       148.94391 , 104.998215,  84.672745, 153.06055 , 123.27626 ],
      dtype=float32)}
Success rate:  0.28
{'success': array([False,  True, False, False, False, False,  True, False, False,
       False, False,  True, False, False, False, False, False,  True,
       False,  True, False, False,  True,  True,  True, False, False,
       False, False, False, False, False, False, False,  True,  True,
       False,  True, False, False,  True,  True, False, False,  True,
       False, False, False, False, False]), 'state_dist': array([152.89856 ,  36.14108 , 362.33655 ,  69.83513 , 195.54199 ,
       140.12204 ,  31.953293, 127.79458 ,  64.521935, 114.46629 ,
        69.763596,  33.58168 ,  88.79553 , 148.97055 ,  78.294304,
        44.508232,  86.517715,  40.025963,  86.387436,  99.18082 ,
       363.85596 ,  48.631744,  62.944157,  58.370167, 158.54193 ,
       224.24251 , 298.80917 , 195.07999 ,  96.82551 , 147.92815 ,
       136.30843 ,  80.35267 ,  59.316788, 145.76999 , 113.77203 ,
        72.19345 ,  72.050644, 189.22304 ,  70.28405 ,  81.21227 ,
        66.54594 ,  79.71389 , 119.178856, 134.85223 , 153.44174 ,
       163.74582 ,  95.96202 ,  97.468094, 145.6203  , 115.3761  ],
      dtype=float32)}
Success rate:  0.28
{'success': array([False,  True, False, False, False, False,  True, False, False,
       False, False, False, False, False, False, False,  True,  True,
       False,  True, False, False,  True,  True,  True, False, False,
       False, False, False, False, False, False, False,  True,  True,
       False,  True, False, False,  True,  True, False, False,  True,
       False, False, False, False, False]), 'state_dist': array([148.91917 ,  37.180374, 355.9918  ,  71.48084 , 189.19522 ,
       142.39049 ,  30.86623 , 148.42517 ,  65.23648 , 104.09245 ,
        80.86037 ,  42.441696,  94.053604, 143.96564 ,  92.094925,
        41.58094 ,  75.332   ,  44.186546,  89.17717 , 105.78103 ,
       368.05542 ,  57.491756,  63.74583 ,  66.40921 , 140.54659 ,
       211.71268 , 303.74155 , 182.98024 , 113.28714 , 131.25513 ,
       133.68933 ,  78.714294,  58.658474, 153.03864 , 139.67627 ,
        92.1025  ,  68.16915 , 185.20831 ,  73.67054 ,  96.38344 ,
        83.067215,  84.07349 , 125.4871  , 166.0783  , 166.07823 ,
       142.15729 , 101.04197 ,  99.24574 , 141.20474 , 109.90065 ],
      dtype=float32)}
Success rate:  0.3
{'success': array([False,  True, False, False, False, False,  True, False, False,
       False,  True, False, False, False, False, False,  True,  True,
       False,  True, False, False,  True,  True,  True, False, False,
       False, False, False, False, False, False, False,  True,  True,
       False,  True, False, False,  True,  True, False, False,  True,
       False, False, False, False, False]), 'state_dist': array([156.23918 ,  42.50382 , 340.70853 ,  87.91042 , 181.60823 ,
       135.55945 ,  29.078463, 146.4868  ,  61.782642, 104.475426,
        67.97695 ,  48.243988,  85.32117 , 140.91331 ,  91.57115 ,
        56.7242  ,  76.81447 ,  39.992294, 110.058464,  84.931595,
       407.95746 ,  69.282074,  80.306595,  58.447872, 141.69135 ,
       204.73778 , 305.64194 , 182.38817 , 119.69659 , 130.75911 ,
       146.6589  ,  80.645996,  46.08238 , 161.80516 , 152.11472 ,
        96.10599 ,  66.24762 , 200.11684 ,  85.50035 ,  84.03565 ,
        65.42999 ,  80.15859 , 135.17009 , 165.03526 , 153.19847 ,
       146.96143 ,  87.29101 , 104.04852 , 142.5304  , 110.418594],
      dtype=float32)}
Success rate:  0.32
{'success': array([False,  True, False, False, False, False,  True,  True, False,
       False, False,  True, False, False, False, False,  True,  True,
       False,  True, False, False,  True,  True,  True, False, False,
       False, False, False, False, False, False, False,  True,  True,
       False,  True, False, False,  True,  True, False, False,  True,
       False, False, False, False, False]), 'state_dist': array([147.97966 ,  35.13644 , 346.80908 , 106.62689 , 191.59305 ,
       122.41109 ,  26.541065, 138.59067 ,  69.86329 , 106.88965 ,
        62.31457 ,  40.974686,  79.219025, 144.3523  ,  83.76004 ,
        61.501743,  63.590973,  54.845127,  99.37885 ,  94.06009 ,
       427.7027  ,  64.17145 ,  77.1106  ,  66.49765 , 141.23753 ,
       206.21196 , 304.9116  , 174.3158  , 103.71186 , 151.06393 ,
       132.25421 ,  74.16215 ,  54.505924, 161.42558 , 149.842   ,
        91.74431 ,  74.24538 , 201.95961 ,  85.23443 ,  87.54363 ,
        78.06613 ,  77.57328 , 134.77623 , 172.64087 , 148.57968 ,
       165.83385 ,  87.05518 ,  92.92698 , 143.59944 , 114.29552 ],
      dtype=float32)}
Success rate:  0.3
{'success': array([False,  True, False, False, False, False,  True,  True, False,
       False, False, False, False, False, False, False,  True,  True,
       False,  True, False, False,  True,  True,  True, False, False,
       False, False, False, False, False, False, False,  True,  True,
       False,  True, False, False,  True,  True, False, False,  True,
       False, False, False, False, False]), 'state_dist': array([145.36983 ,  37.864403, 342.10944 , 101.40929 , 182.74348 ,
       125.27125 ,  24.027258, 134.26816 ,  72.04821 , 116.41125 ,
        68.15695 ,  47.158905,  79.04242 , 145.22867 ,  80.06858 ,
        71.81704 ,  62.75946 ,  47.633324, 102.515755,  81.438065,
       453.3528  ,  65.98724 ,  80.27103 ,  62.152504, 141.26956 ,
       214.8662  , 301.10034 , 168.87636 , 116.45553 , 157.85643 ,
       138.88524 ,  70.73255 ,  61.82928 , 160.42407 , 146.21036 ,
        96.91863 ,  83.40285 , 204.7202  ,  76.06175 ,  92.95464 ,
        66.54099 , 105.038185, 140.8068  , 160.00482 , 153.85072 ,
       169.05783 ,  86.69416 ,  88.831215, 147.89528 , 109.56977 ],
      dtype=float32)}
Success rate:  0.32
{'success': array([False,  True, False, False, False, False,  True,  True, False,
       False, False,  True, False, False, False, False,  True,  True,
       False,  True, False, False,  True,  True,  True, False, False,
       False, False, False, False, False, False, False,  True,  True,
       False,  True, False, False,  True,  True, False, False,  True,
       False, False, False, False, False]), 'state_dist': array([130.45029 ,  36.92744 , 343.50043 , 102.55634 , 181.00943 ,
       124.71633 ,  22.87213 , 119.04385 ,  72.6035  , 116.58667 ,
        63.90506 ,  46.66573 ,  82.21171 , 135.36748 ,  70.74368 ,
        72.22223 ,  75.52814 ,  42.502773,  97.498955,  87.03782 ,
       471.30124 ,  63.877937,  82.059746,  72.51242 , 156.63022 ,
       224.14162 , 301.39407 , 168.298   , 103.86779 , 177.38966 ,
       144.25789 ,  74.820755,  69.63112 , 157.93378 , 144.43608 ,
        99.502716,  77.5125  , 204.7895  ,  75.09315 ,  99.28472 ,
        73.293785, 109.41868 , 143.69524 , 191.95743 , 144.88004 ,
       172.06297 ,  91.02317 ,  88.608345, 140.64926 , 109.15909 ],
      dtype=float32)}
Success rate:  0.3
{'success': array([False,  True, False, False, False, False,  True,  True, False,
       False, False, False, False, False, False, False,  True,  True,
       False,  True, False, False,  True,  True,  True, False, False,
       False, False, False, False, False, False, False,  True,  True,
       False,  True, False, False,  True,  True, False, False,  True,
       False, False, False, False, False]), 'state_dist': array([133.33618 ,  43.048813, 338.0707  , 119.0728  , 191.3042  ,
       108.05708 ,  20.746922, 126.619225,  68.23162 ,  97.99612 ,
        56.00451 ,  46.622993,  69.788864, 132.4471  ,  61.41453 ,
        64.83493 ,  70.08222 ,  41.51881 ,  77.35912 ,  99.52596 ,
       478.28918 ,  62.296722,  83.51618 ,  60.83419 , 166.70451 ,
       225.97496 , 308.81454 , 157.5402  , 107.41103 , 181.2699  ,
       144.70554 ,  73.714645,  69.151825, 160.61313 , 140.34598 ,
       105.2918  ,  91.23053 , 205.33162 ,  76.70117 ,  85.85558 ,
        79.03504 , 112.14081 , 158.99725 , 206.14323 , 149.64357 ,
       180.8352  ,  84.73639 ,  97.27148 , 154.01564 , 108.784515],
      dtype=float32)}
Success rate:  0.3
{'success': array([False,  True, False, False, False, False,  True,  True, False,
       False, False, False, False, False, False, False,  True,  True,
       False,  True, False, False,  True,  True,  True, False, False,
       False, False, False, False, False, False, False,  True,  True,
       False,  True, False, False,  True,  True, False, False,  True,
       False, False, False, False, False]), 'state_dist': array([132.28168 ,  37.015675, 336.30542 , 139.99164 , 177.06609 ,
        93.631905,  24.236994, 120.17565 ,  69.79414 , 104.28713 ,
        62.13035 ,  41.036358,  67.51953 , 133.7945  ,  74.48397 ,
        74.95362 ,  61.367905,  39.092186,  71.530716,  98.0664  ,
       486.8152  ,  69.1085  ,  67.4306  ,  76.476555, 158.51532 ,
       226.04605 , 307.744   , 155.36754 , 110.522766, 189.65286 ,
       133.5494  ,  70.86366 ,  68.043465, 155.41708 , 141.11089 ,
       100.08682 ,  88.01201 , 208.22394 ,  76.476036,  83.259964,
        83.74884 , 120.92232 , 163.26952 , 208.42499 , 148.76265 ,
       185.21967 ,  83.90496 ,  95.7294  , 162.83911 , 114.115685],
      dtype=float32)}
Success rate:  0.32
{'success': array([False,  True, False, False, False, False,  True,  True, False,
       False, False, False, False, False, False, False,  True,  True,
       False,  True, False, False,  True,  True,  True, False, False,
       False, False, False, False, False, False, False,  True,  True,
       False,  True, False, False,  True,  True, False, False,  True,
       False,  True, False, False, False]), 'state_dist': array([126.95545 ,  33.81789 , 333.113   , 147.47923 , 175.72588 ,
        97.75629 ,  22.326574, 123.65961 ,  74.357605, 109.71163 ,
        50.92077 ,  41.250515,  66.27835 , 139.17465 ,  67.06936 ,
        80.6331  ,  86.33922 ,  30.327147,  70.16786 ,  93.51231 ,
       497.33908 ,  79.86271 ,  68.29572 ,  90.147705, 156.09839 ,
       228.85034 , 300.2586  , 162.83955 , 102.86474 , 186.85863 ,
       134.13661 ,  71.121635,  74.489426, 156.4255  , 146.14435 ,
        98.25541 ,  93.776535, 208.89226 ,  84.44068 ,  87.52458 ,
        70.353485, 124.61621 , 172.45398 , 190.21913 , 135.90056 ,
       181.07216 ,  80.65418 , 105.2651  , 163.17133 , 111.7509  ],
      dtype=float32)}
Success rate:  0.32
{'success': array([False,  True, False, False, False, False,  True,  True, False,
       False, False, False, False, False, False, False,  True,  True,
       False,  True, False, False,  True,  True,  True, False, False,
       False, False, False, False, False, False, False,  True,  True,
       False,  True, False, False,  True,  True, False, False,  True,
       False,  True, False, False, False]), 'state_dist': array([111.826416,  35.25961 , 340.0616  , 151.56018 , 179.35507 ,
        93.964294,  21.884   , 106.18399 ,  84.642395, 100.277534,
        47.250816,  51.256355,  67.12879 , 135.8509  ,  65.28577 ,
        89.208206,  90.208244,  32.39717 ,  76.996574,  90.48343 ,
       502.951   ,  75.899506,  74.316666,  86.5058  , 160.61148 ,
       226.24007 , 310.02155 , 160.86322 , 118.05779 , 181.64017 ,
       132.6709  ,  70.87429 ,  75.94396 , 156.49707 , 145.31555 ,
       101.07114 ,  78.87817 , 211.61961 ,  82.533554,  92.29891 ,
        62.32014 , 122.09511 , 179.91646 , 186.09975 , 138.11574 ,
       171.32524 ,  83.349655, 109.429565, 170.52182 , 106.62434 ],
      dtype=float32)}
Success rate:  0.32
{'success': array([False,  True, False, False, False, False,  True,  True, False,
       False, False, False, False, False, False, False,  True,  True,
       False,  True, False, False,  True,  True,  True, False, False,
       False, False, False, False, False, False, False,  True,  True,
       False,  True, False, False,  True,  True, False, False,  True,
       False,  True, False, False, False]), 'state_dist': array([121.05203 ,  40.330578, 339.70917 , 150.07314 , 162.00755 ,
        94.52869 ,  25.620193, 105.34857 ,  82.36069 , 114.296394,
        55.333458,  52.86152 ,  67.83294 , 126.94613 ,  68.08689 ,
        83.882706, 100.21893 ,  34.68733 ,  74.14656 ,  85.56421 ,
       510.1945  ,  72.200485,  86.762856,  85.83977 , 162.43939 ,
       215.68007 , 310.15665 , 158.39458 , 114.39252 , 183.08629 ,
       136.02573 ,  76.31654 ,  68.77972 , 156.04176 , 147.97409 ,
       101.41987 ,  71.35851 , 212.09758 ,  82.5101  ,  87.92093 ,
        65.24173 , 123.13352 , 160.02612 , 187.0671  , 141.49638 ,
       171.50824 ,  82.88897 , 107.4667  , 179.02567 , 105.8732  ],
      dtype=float32)}
Success rate:  0.3
{'success': array([False,  True, False, False, False, False,  True,  True, False,
       False, False, False, False, False, False, False,  True,  True,
       False,  True, False, False,  True,  True,  True, False, False,
       False, False, False, False, False, False, False,  True,  True,
       False,  True, False, False,  True,  True, False, False,  True,
       False, False, False, False, False]), 'state_dist': array([124.88348 ,  33.27563 , 339.12283 , 155.13387 , 161.22026 ,
        85.06804 ,  28.666721, 101.09653 ,  76.53184 , 106.59818 ,
        54.621815,  56.48122 ,  70.45407 , 135.7471  ,  69.82077 ,
        76.19485 , 100.00379 ,  33.236546,  78.048645,  95.97285 ,
       512.8365  ,  71.42353 ,  90.88056 ,  86.036194, 155.42027 ,
       214.10257 , 295.55453 , 155.56099 , 118.325554, 192.614   ,
       138.09116 ,  74.49928 ,  65.045494, 159.5222  , 162.73952 ,
       100.721085,  69.86656 , 212.15007 ,  85.864075,  86.748055,
        71.70583 , 126.34134 , 167.76283 , 188.66629 , 138.45352 ,
       179.02237 ,  84.318085, 110.552155, 182.17445 , 109.546234],
      dtype=float32)}
Success rate:  0.32
{'success': array([False,  True, False, False, False, False,  True,  True, False,
       False, False, False, False, False, False, False,  True,  True,
       False,  True, False, False,  True,  True,  True, False, False,
       False, False, False, False, False, False, False,  True,  True,
       False,  True, False, False,  True,  True, False, False,  True,
       False,  True, False, False, False]), 'state_dist': array([130.72244 ,  32.648792, 350.11182 , 156.01482 , 166.72789 ,
        76.45283 ,  30.634222, 105.2846  ,  77.23283 , 115.57795 ,
        59.983315,  53.18447 ,  70.660736, 139.51485 ,  65.29057 ,
        75.34252 , 109.90308 ,  37.072002,  81.89608 , 102.16397 ,
       511.50967 ,  67.733444,  90.65622 ,  80.68009 , 149.86903 ,
       214.62016 , 289.66467 , 148.51794 , 109.07608 , 190.21777 ,
       140.91295 ,  77.94042 ,  72.14801 , 159.11024 , 157.82338 ,
       101.710976,  74.53366 , 212.71394 ,  87.604324,  93.09323 ,
        80.46097 , 120.01684 , 161.6457  , 188.96504 , 152.38602 ,
       189.30609 ,  84.48422 , 118.6779  , 183.34883 , 106.5714  ],
      dtype=float32)}
Success rate:  0.3
{'success': array([False,  True, False, False, False, False,  True,  True, False,
       False, False, False, False, False, False, False,  True,  True,
       False,  True, False, False,  True,  True,  True, False, False,
       False, False, False, False, False, False, False,  True,  True,
       False,  True, False, False,  True,  True, False, False,  True,
       False, False, False, False, False]), 'state_dist': array([129.14223 ,  33.037777, 345.62402 , 151.16518 , 162.69475 ,
        80.454704,  28.205202, 100.30117 ,  75.1133  , 115.83434 ,
        55.907524,  51.150024,  69.12891 , 137.05426 ,  67.27997 ,
        80.87536 , 115.731926,  33.975662,  86.64312 , 113.59722 ,
       528.86414 ,  64.10849 ,  86.76416 ,  79.390785, 158.1015  ,
       218.11252 , 302.47418 , 151.76239 , 103.51351 , 190.45525 ,
       133.51463 ,  78.5043  ,  76.01216 , 159.05403 , 152.0951  ,
        93.248795,  78.64093 , 214.4023  ,  82.890175,  96.577995,
        80.4446  , 122.41679 , 160.14296 , 190.97978 , 145.96716 ,
       195.10371 ,  78.4861  , 119.831406, 176.70734 , 105.28667 ],
      dtype=float32)}
Success rate:  0.3
{'success': array([False,  True, False, False, False, False,  True,  True, False,
       False, False, False, False, False, False, False,  True,  True,
       False,  True, False, False,  True,  True,  True, False, False,
       False, False, False, False, False, False, False,  True,  True,
       False,  True, False, False,  True,  True, False, False,  True,
       False, False, False, False, False]), 'state_dist': array([129.43489 ,  37.88677 , 340.74887 , 149.5592  , 180.0901  ,
        84.94532 ,  30.035309, 107.7796  ,  71.963875, 119.95896 ,
        70.51294 ,  56.909637,  77.785484, 139.75629 ,  66.61915 ,
        79.50707 , 120.98826 ,  42.021538,  92.374596, 119.285324,
       533.46155 ,  65.32039 ,  97.24378 ,  80.34985 , 150.68616 ,
       218.67479 , 295.27408 , 146.9021  , 112.09852 , 186.40228 ,
       127.84555 ,  78.43175 ,  73.03987 , 163.20506 , 138.62201 ,
        90.51497 ,  80.79747 , 213.53758 ,  85.48553 ,  88.1287  ,
        73.67828 , 122.04697 , 170.11584 , 200.84213 , 145.71524 ,
       200.84149 ,  73.833275, 119.8714  , 172.05556 , 104.95979 ],
      dtype=float32)}
Success rate:  0.32
{'success': array([False,  True, False, False, False, False,  True,  True, False,
       False, False, False, False, False, False, False,  True,  True,
       False,  True, False, False,  True,  True,  True, False, False,
       False, False, False, False, False, False, False,  True,  True,
       False,  True, False, False,  True,  True, False, False,  True,
       False,  True, False, False, False]), 'state_dist': array([127.83772 ,  34.73321 , 342.73492 , 151.3208  , 178.2431  ,
        88.73029 ,  28.432728,  88.19416 ,  72.57238 , 128.42421 ,
        68.836685,  61.72112 ,  77.485954, 142.48022 ,  72.48845 ,
        79.070465, 117.14807 ,  40.347862,  84.33137 , 124.88963 ,
       530.2042  ,  59.834225,  83.05586 ,  85.381935, 146.06068 ,
       220.4774  , 293.23508 , 144.59679 , 116.39969 , 184.17479 ,
       133.51671 ,  79.86636 ,  78.963806, 174.14127 , 145.16145 ,
        90.56091 ,  78.6704  , 212.73521 ,  85.56771 ,  88.8439  ,
        73.71388 , 122.7402  , 184.233   , 195.68729 , 158.60098 ,
       202.93509 ,  85.50678 , 128.66585 , 163.43085 , 105.27622 ],
      dtype=float32)}
Success rate:  0.32
{'success': array([False,  True, False, False, False, False,  True,  True, False,
       False, False, False, False, False, False, False,  True,  True,
       False,  True, False, False,  True,  True,  True, False, False,
       False, False, False, False, False, False, False,  True,  True,
       False,  True, False, False,  True,  True, False, False,  True,
       False,  True, False, False, False]), 'state_dist': array([131.54486 ,  34.51214 , 341.8817  , 151.70863 , 183.61813 ,
        81.43731 ,  23.418541,  89.79685 ,  73.17119 , 117.54613 ,
        67.15774 ,  56.271313,  71.73739 , 144.46243 ,  75.12027 ,
        72.40844 , 122.697914,  41.534847,  90.698044, 122.663826,
       531.72174 ,  58.890236,  63.92065 ,  85.84411 , 139.27255 ,
       218.94669 , 290.74377 , 143.32767 , 120.92432 , 182.11313 ,
       129.43927 ,  80.663635,  75.93044 , 186.11081 , 140.3804  ,
        88.41556 ,  69.047615, 208.48593 ,  89.3801  ,  88.63828 ,
        69.62514 , 121.872536, 188.6342  , 192.9583  , 154.0417  ,
       199.76123 ,  92.03861 , 128.22687 , 159.72716 , 105.61361 ],
      dtype=float32)}
Success rate:  0.32
{'success': array([False,  True, False, False, False, False,  True,  True, False,
       False, False, False, False, False, False, False,  True,  True,
       False,  True, False, False,  True,  True,  True, False, False,
       False, False, False, False, False, False, False,  True,  True,
       False,  True, False, False,  True,  True, False, False,  True,
       False,  True, False, False, False]), 'state_dist': array([134.96912 ,  46.85196 , 342.40308 , 161.8808  , 193.52646 ,
        83.03425 ,  29.991861,  81.80773 ,  77.22128 , 116.39518 ,
        75.18385 ,  52.235382,  72.74544 , 142.7023  ,  78.62455 ,
        72.98844 , 120.96864 ,  41.03536 ,  83.81344 , 124.19367 ,
       534.2409  ,  59.05693 ,  65.05526 ,  84.69396 , 137.75006 ,
       218.89706 , 292.76965 , 136.1496  , 130.6039  , 183.09492 ,
       127.06541 ,  75.77784 ,  72.88795 , 190.40155 , 134.37509 ,
        85.94564 ,  75.42623 , 208.79744 ,  90.711266,  87.859825,
        74.279564, 126.74751 , 184.1811  , 194.86833 , 153.364   ,
       202.44415 ,  95.44523 , 124.35369 , 157.74454 , 106.87642 ],
      dtype=float32)}
Success rate:  0.32
{'success': array([False,  True, False, False, False, False,  True,  True, False,
       False, False, False, False, False, False, False,  True,  True,
       False,  True, False, False,  True,  True,  True, False, False,
       False, False, False, False, False, False, False,  True,  True,
       False,  True, False, False,  True,  True, False, False,  True,
       False,  True, False, False, False]), 'state_dist': array([141.82042 ,  42.21689 , 335.9953  , 162.56918 , 174.70811 ,
        83.89473 ,  28.538078,  71.61867 ,  76.67649 , 127.697685,
        80.24327 ,  49.936   ,  74.47086 , 144.81894 ,  82.23732 ,
        77.32287 , 120.40279 ,  37.439724,  81.25189 , 130.26108 ,
       536.7512  ,  59.776173,  62.90076 ,  83.781   , 130.60373 ,
       221.02692 , 285.73386 , 134.40903 , 134.75612 , 184.24059 ,
       120.435585,  80.1869  ,  79.78081 , 190.78604 , 133.12329 ,
        86.40368 ,  82.67779 , 210.11798 ,  89.97178 ,  87.433685,
        75.48192 , 122.109566, 181.13664 , 202.10887 , 138.8251  ,
       196.53517 ,  89.624435, 131.49257 , 162.13403 , 105.85957 ],
      dtype=float32)}
Success rate:  0.28
{'success': array([False,  True, False, False, False, False,  True,  True, False,
       False, False, False, False, False, False, False, False,  True,
       False,  True, False, False,  True,  True,  True, False, False,
       False, False, False, False, False, False, False,  True, False,
       False,  True, False, False,  True,  True, False, False,  True,
       False,  True, False, False, False]), 'state_dist': array([146.94969 ,  34.42943 , 337.96588 , 154.9983  , 181.5422  ,
        84.98203 ,  30.345793,  79.301956,  74.93634 , 120.64183 ,
        92.16018 ,  54.514748,  77.62488 , 143.87854 ,  83.364426,
        77.568   , 121.208534,  41.720642,  87.08759 , 135.39024 ,
       545.69244 ,  59.64272 ,  67.698395,  85.36046 , 121.010216,
       223.34647 , 284.49472 , 136.05737 , 116.155785, 183.96643 ,
       116.722496,  78.250435,  78.47047 , 195.3119  , 133.30598 ,
        88.22396 ,  88.162735, 211.12344 ,  88.665535,  88.08713 ,
        69.95803 , 126.71112 , 184.4123  , 209.37569 , 136.70468 ,
       199.23793 ,  87.761734, 137.78139 , 160.90657 , 105.546776],
      dtype=float32)}
Success rate:  0.28
{'success': array([False,  True, False, False, False, False,  True,  True, False,
       False, False, False, False, False, False, False, False,  True,
       False,  True, False, False,  True,  True,  True, False, False,
       False, False, False, False, False, False, False,  True, False,
       False,  True, False, False,  True,  True, False, False,  True,
       False,  True, False, False, False]), 'state_dist': array([148.74799 ,  35.16669 , 340.35974 , 149.42793 , 171.03781 ,
        84.79523 ,  30.74542 ,  88.19451 ,  73.21963 , 120.41189 ,
        94.3051  ,  52.3164  ,  72.3778  , 145.28218 ,  76.59347 ,
        75.83868 , 116.66057 ,  34.72571 ,  88.61778 , 133.83849 ,
       546.76135 ,  62.02612 ,  72.18919 ,  89.54065 , 126.15364 ,
       224.4953  , 285.4264  , 134.56361 , 125.118065, 191.93317 ,
       117.98568 ,  81.04374 ,  81.68516 , 195.62828 , 141.3078  ,
        87.06446 ,  85.87619 , 211.08008 ,  91.790535,  85.15076 ,
        69.095665, 128.9327  , 179.51968 , 207.4223  , 135.78658 ,
       201.13158 ,  90.14744 , 139.76466 , 161.18826 , 105.93094 ],
      dtype=float32)}
Success rate:  0.3
{'success': array([False,  True, False, False, False, False,  True,  True, False,
       False, False, False, False, False, False, False, False,  True,
       False,  True, False, False,  True,  True,  True, False, False,
       False, False, False, False, False, False, False,  True, False,
       False,  True, False, False,  True,  True, False,  True,  True,
       False,  True, False, False, False]), 'state_dist': array([149.97504 ,  37.484627, 342.79727 , 150.66942 , 157.80513 ,
        80.41691 ,  26.747915,  86.63289 ,  75.98355 , 118.96179 ,
       100.417625,  51.79959 ,  67.85159 , 143.21284 ,  72.01905 ,
        77.236084, 114.16351 ,  35.323685,  99.28284 , 133.36122 ,
       544.4254  ,  65.18667 ,  76.70165 ,  90.34987 , 123.31423 ,
       221.75653 , 285.68912 , 133.55217 , 137.67926 , 189.44954 ,
       121.47407 ,  84.44602 ,  88.272835, 197.61441 , 139.3524  ,
        86.19185 ,  93.92578 , 210.64061 ,  92.10886 ,  91.6523  ,
        68.107765, 139.88394 , 178.14769 , 199.14    , 138.00243 ,
       202.14053 ,  87.48299 , 147.52281 , 160.41075 , 108.43121 ],
      dtype=float32)}
Success rate:  0.32
{'success': array([False,  True, False, False, False, False,  True,  True, False,
       False, False, False, False, False, False, False, False,  True,
       False,  True, False, False,  True,  True,  True, False, False,
       False, False, False, False, False, False, False,  True,  True,
       False,  True, False, False,  True,  True, False,  True,  True,
       False,  True, False, False, False]), 'state_dist': array([154.86298 ,  52.230133, 340.45798 , 155.34383 , 155.12561 ,
        87.21967 ,  33.18582 ,  91.757286,  79.59413 , 120.2461  ,
        99.66471 ,  51.81185 ,  69.02127 , 142.47545 ,  70.53522 ,
        78.86351 , 108.456116,  36.175056, 101.26187 , 131.07098 ,
       543.38617 ,  72.79659 ,  69.28314 ,  91.76093 , 117.04247 ,
       225.94144 , 284.8726  , 132.81107 , 167.53749 , 190.86247 ,
       120.23203 ,  86.81954 ,  88.041245, 200.65472 , 140.97896 ,
        86.81575 ,  84.718254, 210.32294 ,  91.72187 ,  83.94096 ,
        74.537735, 145.2033  , 175.188   , 199.81458 , 138.15085 ,
       203.71246 ,  89.174095, 144.90025 , 155.24638 , 107.51346 ],
      dtype=float32)}
Success rate:  0.32
{'success': array([False,  True, False, False, False, False,  True,  True, False,
       False, False, False, False, False, False, False, False,  True,
       False,  True, False, False,  True,  True,  True, False, False,
       False, False, False, False, False, False, False,  True,  True,
       False,  True, False, False,  True,  True, False,  True,  True,
       False,  True, False, False, False]), 'state_dist': array([151.14569 ,  60.99303 , 340.38135 , 153.16454 , 158.90999 ,
        84.77405 ,  33.879585,  88.82049 ,  80.126305, 127.68047 ,
       103.90444 ,  51.02739 ,  67.08026 , 144.45857 ,  71.77986 ,
        80.02258 , 115.44327 ,  36.64535 ,  95.55462 , 136.00032 ,
       548.1978  ,  68.38288 ,  63.414925,  86.45524 , 114.69705 ,
       230.26297 , 282.4834  , 130.824   , 167.14119 , 189.35121 ,
       122.555756,  86.38182 ,  90.46614 , 203.11356 , 137.15268 ,
        87.194275,  91.431244, 210.43379 ,  90.021576,  82.50851 ,
        79.409294, 140.92578 , 177.89714 , 197.71194 , 142.57939 ,
       211.86188 ,  89.734764, 152.33449 , 158.32104 , 107.54819 ],
      dtype=float32)}
Success rate:  0.3
{'success': array([False,  True, False, False, False, False,  True,  True, False,
       False, False, False, False, False, False, False, False,  True,
       False,  True, False, False,  True,  True,  True, False, False,
       False, False, False, False, False, False, False,  True, False,
       False,  True, False, False,  True,  True, False,  True,  True,
       False,  True, False, False, False]), 'state_dist': array([147.70134 ,  57.23235 , 339.6613  , 154.05403 , 152.91226 ,
        89.103165,  35.35683 ,  92.51562 ,  77.68692 , 127.44538 ,
       103.09342 ,  49.963028,  65.1537  , 145.23994 ,  70.31729 ,
        85.864075, 113.16022 ,  38.08658 ,  97.03294 , 128.65967 ,
       550.4904  ,  62.10669 ,  61.84864 ,  86.791985, 115.98807 ,
       229.22638 , 184.52304 , 129.43272 , 173.52667 , 190.02144 ,
       122.77016 ,  84.741165,  91.51742 , 202.41113 , 137.55894 ,
        87.76203 ,  80.38491 , 209.6615  ,  90.584206,  81.10245 ,
        80.80938 , 136.87495 , 171.85907 , 198.012   , 151.4874  ,
       212.15761 ,  94.75948 , 150.31496 , 152.1264  , 109.64793 ],
      dtype=float32)}
MPC iter 1 Eval ------- 
Success rate:  0.4
{'success': array([False,  True, False, False, False, False,  True,  True, False,
       False,  True,  True, False, False,  True, False,  True,  True,
       False,  True, False, False,  True,  True,  True, False, False,
       False, False, False, False, False, False, False,  True,  True,
       False,  True, False, False,  True,  True, False,  True,  True,
       False,  True, False, False, False]), 'state_dist': array([147.76102 ,  43.239216, 339.6529  , 154.12752 , 152.87599 ,
        89.13301 , 139.65704 ,  92.46523 ,  77.766914, 127.441925,
       137.92137 ,  62.603428,  65.10047 , 145.34503 ,  96.30431 ,
        85.91462 ,  70.81469 ,  85.94318 ,  96.81029 ,  96.280304,
       552.324   ,  62.043266,  63.34208 , 217.35431 , 344.65198 ,
       229.61047 , 283.2148  , 129.42467 , 173.26039 , 190.006   ,
       122.67633 ,  84.545204,  91.5564  , 202.68213 , 137.5744  ,
        46.732365,  80.04414 , 291.61444 ,  90.547745,  81.17665 ,
         9.578253, 136.85725 , 171.81395 , 198.00491 , 195.57776 ,
       212.31302 ,  94.73741 , 149.00389 , 151.54144 , 109.79075 ],
      dtype=float32)}
self.is_success:  [False  True False False False False  True  True False False  True  True
 False False  True False  True  True False  True False False  True  True
  True False False False False False False False False False  True  True
 False  True False False  True  True False  True  True False  True False
 False False]
Success rate:  0.34
{'success': array([False,  True, False, False, False, False,  True,  True, False,
       False,  True,  True, False, False, False, False,  True,  True,
       False,  True, False, False, False,  True,  True, False, False,
       False, False, False, False, False, False, False,  True,  True,
       False,  True, False, False,  True,  True, False, False,  True,
       False,  True, False, False, False]), 'state_dist': array([ 67.833885,  51.82891 , 340.9312  ,  80.18127 , 215.028   ,
       166.21596 ,  17.819796, 130.37402 ,  65.153175,  93.80808 ,
        42.77166 ,  17.678843,  91.377815, 159.33878 ,  42.71571 ,
        40.74479 ,  54.227947,  45.86902 , 115.34786 ,  44.531624,
       536.26556 ,  26.987503,  48.75009 ,  77.84209 , 146.58554 ,
       230.68488 , 253.71292 , 204.06725 , 119.80305 ,  88.12276 ,
       154.94649 ,  97.14498 ,  49.71148 , 193.5574  ,  97.02759 ,
        72.83214 ,  69.778534, 169.97739 ,  88.12118 , 112.61687 ,
        31.979673,  44.14036 ,  96.21186 ,  70.907425, 141.29831 ,
       120.29407 , 119.23972 , 107.63898 , 143.70511 , 151.29291 ],
      dtype=float32)}
Success rate:  0.34
{'success': array([False,  True, False, False, False, False,  True,  True, False,
       False,  True,  True, False, False, False, False,  True,  True,
       False,  True, False, False, False,  True,  True, False, False,
       False, False, False, False, False, False, False,  True,  True,
       False,  True, False, False,  True,  True, False, False,  True,
       False,  True, False, False, False]), 'state_dist': array([ 67.87015 ,  51.845993, 337.98193 ,  74.241295, 224.86105 ,
       207.62935 ,  32.829693, 122.97561 ,  60.454926,  98.25564 ,
        35.113384,  17.20795 , 105.29784 , 178.6995  ,  38.81882 ,
        53.252274,  65.60614 ,  47.90862 , 137.10431 ,  41.540623,
       557.2082  ,  32.840168,  41.86175 ,  68.409   , 146.45628 ,
       226.38356 , 260.13947 , 176.0637  , 115.107574,  67.46876 ,
       149.72614 , 100.49812 ,  49.84555 , 186.65848 , 115.279205,
        65.9741  ,  64.696655, 183.30629 , 102.68036 , 124.098816,
        39.97838 ,  42.40116 , 104.49766 ,  54.41495 , 154.54477 ,
       119.38767 , 113.20787 , 100.66954 , 158.99786 , 151.8899  ],
      dtype=float32)}
Success rate:  0.32
{'success': array([False,  True, False, False, False, False,  True,  True, False,
       False,  True,  True, False, False, False, False,  True,  True,
       False,  True, False, False, False,  True,  True, False, False,
       False, False, False, False, False, False, False,  True,  True,
       False,  True, False, False,  True, False, False, False,  True,
       False,  True, False, False, False]), 'state_dist': array([ 74.69843 ,  44.20528 , 363.5355  ,  80.85017 , 235.46565 ,
       200.90128 ,  19.715076, 143.53503 ,  62.126072,  97.08217 ,
        43.929203,  24.03589 ,  92.18038 , 187.72792 ,  46.641846,
        56.87906 ,  62.79631 ,  29.88771 , 151.38286 ,  57.469593,
       579.3219  ,  38.145714,  23.96227 ,  73.78728 , 158.98248 ,
       218.75551 , 256.0023  , 198.35167 , 120.894844,  64.776924,
       141.18964 ,  98.509636,  43.331554, 187.66855 , 129.23749 ,
        64.67315 ,  62.14343 , 194.61977 , 104.13247 , 113.11239 ,
        57.37078 ,  40.334755, 113.3928  ,  40.04271 , 158.24605 ,
       116.212395, 134.30093 ,  90.88766 , 171.25224 , 151.70918 ],
      dtype=float32)}
Success rate:  0.36
{'success': array([False,  True, False, False, False, False,  True,  True, False,
       False,  True,  True, False, False, False, False,  True,  True,
       False,  True, False, False,  True,  True,  True, False, False,
       False, False, False, False, False, False, False,  True,  True,
       False,  True, False, False,  True,  True, False, False,  True,
       False,  True, False, False, False]), 'state_dist': array([ 71.573456,  62.819977, 370.22586 , 100.97617 , 240.1106  ,
       171.43845 ,  36.7759  , 132.21446 ,  62.09405 ,  90.09015 ,
        46.330643,  23.969427,  86.92411 , 182.51668 ,  45.465927,
        63.58296 ,  48.095257,  36.798985, 151.24976 ,  33.332462,
       606.7109  ,  41.961052,  19.125328,  86.82035 , 154.3188  ,
       221.5054  , 256.8441  , 200.93985 , 116.36339 ,  66.64045 ,
       129.411   ,  88.524765,  34.823547, 189.2329  , 122.56136 ,
        77.8     ,  66.00466 , 184.5663  , 117.29366 ,  98.36546 ,
        40.91741 ,  46.116753, 110.47359 ,  62.373177, 188.39035 ,
       116.95934 , 135.26279 ,  97.38923 , 182.6144  , 148.74963 ],
      dtype=float32)}
Success rate:  0.34
{'success': array([False,  True, False, False, False, False,  True,  True, False,
       False,  True,  True, False, False, False, False,  True,  True,
       False,  True, False, False, False,  True,  True, False, False,
       False, False, False, False, False, False, False,  True,  True,
       False,  True, False, False,  True,  True, False, False,  True,
       False,  True, False, False, False]), 'state_dist': array([ 77.99811 ,  60.90343 , 353.60623 , 109.35389 , 255.28905 ,
       146.99126 ,  50.67545 , 138.45668 ,  67.367004,  80.78119 ,
        49.943256,  23.85029 ,  89.9058  , 183.60423 ,  61.318108,
        62.830235,  58.783146,  30.368406, 150.07248 ,  19.142933,
       623.1213  ,  38.669773,  25.793386,  80.320984, 140.46664 ,
       220.77574 , 264.15286 , 203.338   , 112.60126 ,  77.33275 ,
       127.86004 ,  80.85253 ,  28.040411, 200.58281 ,  98.54241 ,
        73.9912  ,  67.29023 , 173.0846  , 115.23297 ,  98.816925,
        49.44302 ,  58.306847, 112.387085,  79.08597 , 181.49832 ,
       123.942726, 131.77919 ,  88.101585, 208.12477 , 153.2942  ],
      dtype=float32)}
Success rate:  0.36
{'success': array([False,  True, False, False, False, False,  True,  True, False,
       False,  True,  True, False, False, False, False,  True,  True,
       False,  True, False, False,  True,  True,  True, False, False,
       False, False, False, False, False, False, False,  True,  True,
       False,  True, False, False,  True,  True, False, False,  True,
       False,  True, False, False, False]), 'state_dist': array([ 85.18585 ,  52.93969 , 361.96542 , 118.50309 , 254.78673 ,
       132.91049 ,  89.15046 , 147.36449 ,  64.41166 ,  67.68955 ,
        56.966362,  24.39671 ,  76.12441 , 186.05132 ,  70.65576 ,
        68.76376 ,  71.63708 ,  23.074524, 150.01389 ,  33.76307 ,
       639.89294 ,  36.176487,  31.750017,  70.2174  , 152.50304 ,
       219.31198 , 257.22925 , 196.2491  , 113.78377 ,  82.590935,
       139.57793 ,  67.07302 ,  33.713043, 203.68852 ,  90.13683 ,
        82.14268 ,  69.99143 , 172.90659 , 117.16511 ,  85.075294,
        49.342487,  54.615227, 113.69182 ,  59.60549 , 180.32675 ,
       121.44763 , 147.14569 ,  86.866325, 205.33455 , 147.53456 ],
      dtype=float32)}
Success rate:  0.38
{'success': array([False,  True, False, False, False, False,  True,  True, False,
       False,  True,  True, False, False, False, False,  True,  True,
       False,  True, False, False,  True,  True,  True, False, False,
       False, False, False, False, False, False, False,  True,  True,
       False,  True, False, False,  True,  True, False,  True,  True,
       False,  True, False, False, False]), 'state_dist': array([ 80.72534 ,  55.016247, 372.06955 , 113.918465, 264.7111  ,
       116.91936 , 106.644615, 173.45438 ,  64.81251 ,  60.18669 ,
        54.38377 ,  27.976435,  75.16662 , 188.32893 ,  72.01077 ,
        75.24781 ,  56.973694,  24.740803, 157.15161 ,  36.839455,
       657.7895  ,  45.58235 ,  40.577164,  70.649185, 139.65852 ,
       209.3306  , 256.68042 , 194.8368  , 107.77987 ,  78.8595  ,
       155.02646 ,  70.01473 ,  42.86174 , 213.987   , 101.74716 ,
        90.161125,  79.88553 , 172.93971 , 104.93699 ,  82.70128 ,
        59.007183,  51.2686  , 122.83882 ,  60.64163 , 193.29344 ,
       119.33096 , 152.92148 ,  94.12812 , 208.49373 , 135.3718  ],
      dtype=float32)}
Success rate:  0.36
{'success': array([False,  True, False, False, False, False,  True,  True, False,
       False,  True, False, False, False, False, False,  True,  True,
       False,  True, False, False,  True,  True,  True, False, False,
       False, False, False, False, False, False, False,  True,  True,
       False,  True, False, False,  True,  True, False,  True,  True,
       False,  True, False, False, False]), 'state_dist': array([ 79.9195  ,  53.64529 , 379.30838 , 112.23948 , 260.8181  ,
       104.01126 , 102.05912 , 185.10796 ,  70.662575,  62.73665 ,
        61.39692 ,  42.07256 ,  80.90398 , 184.21567 , 119.81804 ,
        73.833855,  58.829136,  26.40917 , 143.72148 ,  32.12304 ,
       663.51434 ,  42.683647,  45.047516,  75.320305, 143.16925 ,
       205.62328 , 253.2187  , 180.83421 , 112.252945,  69.835175,
       147.24738 ,  72.826096,  38.233624, 224.4223  , 111.86234 ,
        93.84049 ,  67.62301 , 178.16418 , 106.60722 ,  76.809074,
        62.790337,  55.043037, 122.785255,  55.723583, 215.342   ,
       118.476776, 167.26877 ,  95.982925, 209.60704 , 142.53049 ],
      dtype=float32)}
Success rate:  0.34
{'success': array([False,  True, False, False, False, False,  True,  True, False,
       False,  True, False, False, False, False, False,  True,  True,
       False,  True, False, False,  True,  True,  True, False, False,
       False, False, False, False, False, False, False,  True,  True,
       False,  True, False, False,  True,  True, False, False,  True,
       False,  True, False, False, False]), 'state_dist': array([ 79.69981 ,  46.05273 , 360.7205  , 125.01107 , 258.14407 ,
        96.71144 , 122.03079 , 193.05913 ,  68.89865 ,  60.427097,
        72.44502 ,  39.900654,  85.37835 , 166.61703 , 132.21495 ,
        74.421585,  71.52029 ,  17.535526, 137.59593 ,  24.75932 ,
       659.82654 ,  40.48596 ,  42.362392,  80.02895 , 140.4199  ,
       206.85876 , 253.7289  , 179.88353 , 110.782074,  59.93778 ,
       133.57005 ,  81.0925  ,  32.771545, 226.52061 , 116.768364,
        96.15849 ,  65.36994 , 182.77933 , 106.029   ,  75.89995 ,
        52.019573,  51.766438, 109.85991 ,  51.26911 , 226.03873 ,
       123.37866 , 166.28711 ,  97.87444 , 204.59215 , 130.97597 ],
      dtype=float32)}
Success rate:  0.32
{'success': array([False, False, False, False, False, False,  True,  True, False,
       False,  True, False, False, False, False, False,  True,  True,
       False,  True, False, False,  True,  True,  True, False, False,
       False, False, False, False, False, False, False,  True,  True,
       False,  True, False, False,  True,  True, False, False,  True,
       False,  True, False, False, False]), 'state_dist': array([ 73.74407 ,  50.160656, 374.2905  , 136.63986 , 257.48602 ,
        87.602776, 100.91336 , 184.82678 ,  65.93574 ,  68.09801 ,
        82.618034,  36.694717,  98.119095, 169.88719 , 151.09668 ,
        74.22247 ,  74.14049 ,  20.268974, 140.18597 ,  19.243849,
       663.9027  ,  41.82146 ,  47.042973,  75.690735, 126.81703 ,
       201.39848 , 248.92892 , 190.84013 , 114.94325 ,  58.200245,
       132.09834 ,  88.992455,  32.90123 , 224.14612 , 117.17206 ,
        87.68161 ,  72.77877 , 185.6969  ,  93.3717  ,  70.35256 ,
        58.15487 ,  58.517944, 126.340744,  56.173424, 235.09822 ,
       117.30734 , 167.51913 ,  98.26845 , 221.13475 , 127.394356],
      dtype=float32)}
Success rate:  0.32
{'success': array([False, False, False, False, False, False,  True,  True, False,
       False,  True, False, False, False, False, False,  True,  True,
       False,  True, False, False,  True,  True,  True, False, False,
       False, False, False, False, False, False, False,  True,  True,
       False,  True, False, False,  True,  True, False, False,  True,
       False,  True, False, False, False]), 'state_dist': array([ 80.87455 ,  59.56584 , 361.79474 , 150.1264  , 257.9003  ,
        78.69072 , 100.72187 , 177.43854 ,  65.39091 ,  69.721436,
        80.55866 ,  36.511852, 103.40391 , 167.26051 , 154.98921 ,
        71.49542 ,  66.42304 ,  20.554968, 139.03384 ,  18.364012,
       667.8721  ,  43.984955,  34.84488 ,  80.97684 , 127.9648  ,
       192.15489 , 248.57928 , 188.71924 , 117.18429 ,  55.715015,
       137.80286 ,  73.013176,  31.78274 , 240.28828 , 118.18495 ,
        78.21586 ,  83.91503 , 187.82831 ,  93.73796 ,  62.03085 ,
        52.82576 ,  62.911118, 124.47351 ,  63.801064, 233.37386 ,
       121.1723  , 161.35155 , 104.17822 , 225.10262 , 131.8262  ],
      dtype=float32)}
Success rate:  0.32
{'success': array([False, False, False, False, False, False,  True,  True, False,
       False,  True, False, False, False, False, False,  True,  True,
       False,  True, False, False,  True,  True,  True, False, False,
       False, False, False, False, False, False, False,  True,  True,
       False,  True, False, False,  True,  True, False, False,  True,
       False,  True, False, False, False]), 'state_dist': array([ 72.16025 ,  59.2408  , 362.33463 , 141.83746 , 262.87897 ,
        70.07552 , 114.40911 , 187.81268 ,  63.377075,  64.32078 ,
        68.3126  ,  46.2212  , 112.16108 , 166.55246 , 167.79659 ,
        73.13579 ,  54.93809 ,  29.214388, 157.39793 ,  26.99586 ,
       675.7715  ,  47.43602 ,  43.904778,  83.83589 , 138.74127 ,
       188.29233 , 248.55135 , 193.24992 , 117.174065,  57.853344,
       137.38951 ,  64.39048 ,  45.277252, 239.65584 , 122.74741 ,
        95.85877 ,  82.52691 , 186.19641 , 138.05606 ,  55.155663,
        49.5746  ,  58.390488, 131.53781 ,  57.045288, 235.78961 ,
       122.45021 , 158.7411  , 105.00746 , 232.06197 , 137.46217 ],
      dtype=float32)}
Success rate:  0.32
{'success': array([False, False, False, False, False, False,  True,  True, False,
       False,  True, False, False, False, False, False,  True,  True,
       False,  True, False, False,  True,  True,  True, False, False,
       False, False, False, False, False, False, False,  True,  True,
       False,  True, False, False,  True,  True, False, False,  True,
       False,  True, False, False, False]), 'state_dist': array([ 69.920456,  56.852768, 345.70975 , 145.10867 , 275.40558 ,
        61.196033, 132.87509 , 187.93462 ,  62.57985 ,  64.040375,
        79.50219 ,  53.089905, 112.00559 , 167.17776 , 185.41222 ,
        76.10427 ,  65.06707 ,  21.612492, 161.99312 ,  42.31818 ,
       664.7779  ,  40.144672,  49.533764,  79.93136 , 154.73459 ,
       188.73613 , 250.55779 , 189.0214  , 121.03578 ,  60.67685 ,
       138.01332 ,  58.82006 ,  51.49893 , 246.74876 , 133.93655 ,
       108.89466 ,  84.99972 , 178.26776 , 144.99213 ,  50.82298 ,
        48.5509  ,  49.15966 , 133.25894 ,  51.48295 , 237.93173 ,
       125.992874, 154.87119 , 107.87222 , 229.81403 , 140.24487 ],
      dtype=float32)}
Success rate:  0.32
{'success': array([False, False, False, False, False, False,  True,  True, False,
       False,  True, False, False, False, False, False,  True,  True,
       False,  True, False, False,  True,  True,  True, False, False,
       False, False, False, False, False, False, False,  True,  True,
       False,  True, False, False,  True,  True, False, False,  True,
       False,  True, False, False, False]), 'state_dist': array([ 63.411694,  54.802963, 350.4468  , 139.62068 , 273.97812 ,
        50.335007, 123.81457 , 204.79019 ,  62.420475,  65.21421 ,
        77.89689 ,  61.017357, 116.54009 , 172.1093  , 181.91867 ,
        71.93404 ,  51.84155 ,  21.048336, 161.35902 ,  41.173576,
       659.6916  ,  40.40281 ,  47.020706,  83.78034 , 163.35641 ,
       182.75188 , 251.56223 , 186.05948 , 125.03448 ,  65.99398 ,
       132.36765 ,  70.80158 ,  49.715557, 243.16086 , 142.52167 ,
       102.787674,  85.88914 , 177.73325 , 165.3896  ,  59.20494 ,
        33.971188,  52.147846, 132.44438 ,  55.001675, 237.59642 ,
       128.57999 , 149.757   , 121.974525, 237.87646 , 140.17516 ],
      dtype=float32)}
Success rate:  0.32
{'success': array([False, False, False, False, False, False,  True,  True, False,
       False,  True, False, False, False, False, False,  True,  True,
       False,  True, False, False,  True,  True,  True, False, False,
       False, False, False, False, False, False, False,  True,  True,
       False,  True, False, False,  True,  True, False, False,  True,
       False,  True, False, False, False]), 'state_dist': array([ 64.92928 ,  60.70198 , 346.9093  , 144.46135 , 273.3951  ,
        44.40489 , 110.14946 , 198.14255 ,  64.64796 ,  60.703014,
        93.419876,  52.8301  , 105.77472 , 172.49612 , 173.39693 ,
        76.01163 ,  45.00388 ,  18.70521 , 168.14798 ,  43.337914,
       661.729   ,  39.376907,  70.17799 ,  75.605705, 158.07468 ,
       180.81544 , 253.08005 , 182.5025  , 131.36015 ,  65.90697 ,
       127.636635,  67.17207 ,  57.71205 , 253.68465 , 139.52304 ,
        98.488625,  71.65864 , 179.62674 , 172.04028 ,  65.81853 ,
        29.969193,  55.864216, 131.40036 ,  54.354164, 244.25685 ,
       126.89225 , 153.56445 , 117.70725 , 249.69452 , 139.76387 ],
      dtype=float32)}
Success rate:  0.32
{'success': array([False, False, False, False, False, False,  True,  True, False,
       False,  True, False, False, False, False, False,  True,  True,
       False,  True, False, False,  True,  True,  True, False, False,
       False, False, False, False, False, False, False,  True,  True,
       False,  True, False, False,  True,  True, False, False,  True,
       False,  True, False, False, False]), 'state_dist': array([ 64.40297 ,  58.64116 , 336.57733 , 135.456   , 272.57895 ,
        43.46279 , 101.20619 , 203.24974 ,  63.31622 ,  58.680763,
        89.22889 ,  42.829685, 107.709946, 161.98674 , 156.50359 ,
        77.045204,  52.80912 ,  16.983814, 156.31157 ,  47.29288 ,
       662.3785  ,  34.14422 ,  77.93426 ,  67.37998 , 163.28563 ,
       182.29726 , 195.17549 , 185.43938 , 133.944   ,  68.729416,
       128.17297 ,  62.82425 ,  53.909046, 252.21373 , 134.76393 ,
        89.977455,  79.48827 , 177.01242 , 171.56317 ,  59.826893,
        33.468872,  62.717266, 134.82184 ,  39.33208 , 235.35432 ,
       134.65948 , 148.96863 , 126.338715, 255.17842 , 140.45421 ],
      dtype=float32)}
Success rate:  0.3
{'success': array([False, False, False, False, False, False,  True,  True, False,
       False, False, False, False, False, False, False,  True,  True,
       False,  True, False, False,  True,  True,  True, False, False,
       False, False, False, False, False, False, False,  True,  True,
       False,  True, False, False,  True,  True, False, False,  True,
       False,  True, False, False, False]), 'state_dist': array([ 70.32139 ,  56.23874 , 337.7712  , 122.8066  , 275.6552  ,
        38.201145, 118.374565, 212.07915 ,  61.83829 ,  56.816597,
       102.52903 ,  26.79914 , 108.89644 , 160.70819 , 150.19292 ,
        69.859436,  53.94485 ,  46.15041 , 148.14243 ,  42.32883 ,
       665.13196 ,  33.366467,  85.292725,  67.39544 , 163.33722 ,
       177.23947 , 197.30165 , 188.1572  , 131.16934 ,  65.89045 ,
       135.9577  ,  57.041317,  53.13446 , 255.5521  , 140.01543 ,
        89.536255,  71.49221 , 173.81995 , 191.11676 ,  66.31374 ,
        30.179882,  68.9177  , 138.28818 ,  40.459118, 233.03813 ,
       139.47223 , 146.025   , 135.18095 , 250.95021 , 136.73605 ],
      dtype=float32)}
Success rate:  0.3
{'success': array([False, False, False, False, False, False,  True,  True, False,
       False, False, False, False, False, False, False,  True,  True,
       False,  True, False, False,  True,  True,  True, False, False,
       False, False, False, False, False, False, False,  True,  True,
       False,  True, False, False,  True,  True, False, False,  True,
       False,  True, False, False, False]), 'state_dist': array([ 66.09169 ,  51.904953, 337.61118 , 123.56211 , 281.4182  ,
        41.943714, 126.4367  , 208.67284 ,  59.904964,  67.6263  ,
       124.8577  ,  29.842913, 104.062065, 164.67032 , 138.32942 ,
        68.410034,  55.467552,  61.002377, 139.66225 ,  34.091377,
       662.3979  ,  32.026337,  92.80486 ,  65.2157  , 162.53781 ,
       176.85484 , 195.81822 , 191.53955 , 127.39136 ,  66.62413 ,
       134.9704  ,  56.577236,  60.716625, 259.55768 , 146.44858 ,
        93.773544,  78.844536, 171.34618 , 194.7011  ,  71.18614 ,
        28.010132,  79.85067 , 136.09033 ,  40.20435 , 221.61293 ,
       137.03357 , 142.45406 , 127.45311 , 256.73822 , 142.70424 ],
      dtype=float32)}
Success rate:  0.3
{'success': array([False, False, False, False, False, False,  True,  True, False,
       False, False, False, False, False, False, False,  True,  True,
       False,  True, False, False,  True,  True,  True, False, False,
       False, False, False, False, False, False, False,  True,  True,
       False,  True, False, False,  True,  True, False, False,  True,
       False,  True, False, False, False]), 'state_dist': array([ 64.524315,  55.33905 , 337.1571  , 116.25359 , 284.27704 ,
        43.26919 , 120.598946, 209.83545 ,  59.61496 ,  65.99157 ,
       144.8166  ,  28.122986, 105.32254 , 173.54059 , 148.7473  ,
        70.53177 ,  61.022346,  48.303207, 137.62935 ,  34.765934,
       667.28827 ,  30.278498,  97.72774 ,  56.92268 , 161.84787 ,
       176.2823  , 193.97983 , 192.88234 , 124.94103 ,  64.66172 ,
       135.46407 ,  55.44932 ,  62.001236, 255.7253  , 131.3404  ,
        98.28354 ,  79.64587 , 172.92053 , 207.13933 ,  66.76962 ,
        27.582518,  81.0857  , 131.29942 ,  42.309963, 216.20512 ,
       149.66614 , 147.28084 , 143.7566  , 252.18651 , 149.20718 ],
      dtype=float32)}
Success rate:  0.3
{'success': array([False, False, False, False, False, False,  True,  True, False,
       False, False, False, False, False, False, False,  True,  True,
       False,  True, False, False,  True,  True,  True, False, False,
       False, False, False, False, False, False, False,  True,  True,
       False,  True, False, False,  True,  True, False, False,  True,
       False,  True, False, False, False]), 'state_dist': array([ 66.1305  ,  46.317543, 340.63345 , 110.65863 , 291.6098  ,
        45.479675, 122.601654, 213.28778 ,  60.116108,  59.774006,
       141.40062 ,  23.309847, 109.56218 , 186.51427 , 158.9866  ,
        66.35769 ,  51.22012 ,  56.582775, 141.91626 ,  31.815485,
       666.1687  ,  31.679373, 104.079735,  60.41696 , 161.4429  ,
       170.63268 , 198.57492 , 192.23648 , 120.21916 ,  72.21163 ,
       131.54626 ,  55.52928 ,  60.20115 , 258.26978 , 142.40038 ,
       101.53969 ,  86.07228 , 172.4396  , 216.25304 ,  67.447495,
        27.204142,  79.9317  , 130.34146 ,  50.943012, 216.00667 ,
       155.16568 , 144.03146 , 150.49905 , 248.3258  , 145.9534  ],
      dtype=float32)}
Success rate:  0.32
{'success': array([False, False, False, False, False, False,  True,  True, False,
       False,  True, False, False, False, False, False,  True,  True,
       False,  True, False, False,  True,  True,  True, False, False,
       False, False, False, False, False, False, False,  True,  True,
       False,  True, False, False,  True,  True, False, False,  True,
       False,  True, False, False, False]), 'state_dist': array([ 66.02814 ,  48.82705 , 338.21918 , 113.45516 , 304.80002 ,
        40.792336, 124.05266 , 217.38306 ,  64.94657 ,  59.387524,
       136.88226 ,  25.882317, 113.5012  , 176.83795 , 136.25497 ,
        61.271255,  39.19466 ,  65.53405 , 138.77258 ,  29.88347 ,
       661.81384 ,  32.40676 , 107.5211  ,  61.573116, 163.2238  ,
       168.45782 , 197.35338 , 193.09537 , 126.009964,  70.85149 ,
       130.38957 ,  55.31863 ,  59.76024 , 260.7014  , 141.34529 ,
       100.47327 ,  97.300575, 176.83104 , 202.06625 ,  70.43504 ,
        30.057505,  82.508606, 125.94931 ,  51.18116 , 215.79532 ,
       162.84251 , 150.40619 , 152.44261 , 241.83788 , 143.29237 ],
      dtype=float32)}
Success rate:  0.36
{'success': array([False, False, False, False, False, False,  True,  True, False,
       False,  True,  True, False, False, False, False,  True,  True,
       False,  True, False, False,  True,  True,  True, False, False,
       False, False, False, False, False, False, False,  True,  True,
       False,  True, False, False,  True,  True, False,  True,  True,
       False,  True, False, False, False]), 'state_dist': array([ 64.5483  ,  72.51073 , 338.62952 , 123.40378 , 297.0591  ,
        39.69619 , 118.09604 , 213.92213 ,  67.9225  ,  56.96466 ,
       117.66595 ,  26.02582 , 112.27118 , 182.88051 , 133.15388 ,
        61.962772,  43.465366,  73.09887 , 140.43916 ,  33.698215,
       661.6462  ,  31.73739 , 101.18612 ,  67.3298  , 164.20271 ,
       168.37267 , 196.64452 , 194.8781  , 124.06812 ,  76.68743 ,
       128.88066 ,  53.63137 ,  62.52513 , 262.00714 , 153.83574 ,
       100.68478 , 106.3211  , 175.41971 , 213.29001 ,  79.16113 ,
        22.391338,  82.088165, 122.33923 ,  55.465008, 212.15036 ,
       168.15437 , 131.23602 , 160.10391 , 243.7243  , 141.71492 ],
      dtype=float32)}
Success rate:  0.36
{'success': array([False, False, False, False, False, False,  True,  True, False,
       False,  True,  True, False, False, False, False,  True,  True,
       False,  True, False, False,  True,  True,  True, False, False,
       False, False, False, False, False, False, False,  True,  True,
       False,  True, False, False,  True,  True, False,  True,  True,
       False,  True, False, False, False]), 'state_dist': array([ 69.343956,  72.22033 , 337.5826  , 124.85218 , 291.03137 ,
        37.209003, 124.817894, 212.28996 ,  67.70688 ,  54.45989 ,
       107.92972 ,  28.925121, 116.29715 , 186.36328 , 129.14746 ,
        64.127   ,  49.32179 ,  62.87493 , 139.68013 ,  30.202568,
       664.821   ,  31.545885, 107.476006,  67.75074 , 166.80899 ,
       165.6475  , 194.98859 , 193.57513 , 127.368286,  84.02383 ,
       131.04669 ,  53.204784,  64.96972 , 261.72455 , 156.98497 ,
       101.01871 , 104.45754 , 175.20955 , 219.16669 ,  79.68108 ,
        25.510677,  84.663345, 125.941025,  67.63773 , 204.11252 ,
       177.03296 , 123.8505  , 163.04085 , 242.06857 , 138.46367 ],
      dtype=float32)}
Success rate:  0.36
{'success': array([False, False, False, False, False, False,  True,  True, False,
       False,  True,  True, False, False, False, False,  True,  True,
       False,  True, False, False,  True,  True,  True, False, False,
       False, False, False, False, False, False, False,  True,  True,
       False,  True, False, False,  True,  True, False,  True,  True,
       False,  True, False, False, False]), 'state_dist': array([ 71.21702 ,  60.757805, 333.50995 , 118.74091 , 291.40424 ,
        42.283226, 132.07231 , 203.63538 ,  65.07588 ,  54.714436,
       104.23666 ,  36.83867 , 116.85411 , 186.09068 , 111.00982 ,
        65.664566,  45.69313 ,  74.79796 , 139.90259 ,  18.27026 ,
       664.32294 ,  30.976389, 109.76075 ,  69.88657 , 169.80344 ,
       162.02762 , 196.1601  , 195.40308 , 132.4759  ,  87.55114 ,
       131.77858 ,  52.40274 ,  65.444725, 253.34747 , 152.14119 ,
       105.932175, 116.05965 , 177.1722  , 216.73749 ,  82.3895  ,
        19.778887,  78.32812 , 120.953125,  61.40972 , 194.75374 ,
       175.04439 , 123.76214 , 162.50157 , 236.34653 , 140.53224 ],
      dtype=float32)}
Success rate:  0.36
{'success': array([False, False, False, False, False, False,  True,  True, False,
       False,  True,  True, False, False, False, False,  True,  True,
       False,  True, False, False,  True,  True,  True, False, False,
       False, False, False, False, False, False, False,  True,  True,
       False,  True, False, False,  True,  True, False,  True,  True,
       False,  True, False, False, False]), 'state_dist': array([ 75.21648 ,  64.650375, 333.85635 , 112.74941 , 287.36295 ,
        41.992317, 140.04462 , 202.6711  ,  74.03034 ,  58.69387 ,
        97.4209  ,  38.848396, 115.57366 , 189.27974 , 112.44311 ,
        71.30061 ,  58.650898,  78.20819 , 139.1908  ,  21.024881,
       668.02496 ,  33.062992, 107.89316 ,  69.95227 , 170.66556 ,
       157.58107 , 191.6416  , 195.10054 , 132.86389 ,  89.08674 ,
       130.78271 ,  52.715477,  65.98997 , 251.44162 , 152.89719 ,
       104.95338 , 118.75617 , 176.61876 , 230.60403 ,  85.92147 ,
        23.206573,  76.54821 , 116.71175 ,  55.85146 , 205.47813 ,
       184.76768 , 125.560425, 181.25578 , 238.89734 , 144.8477  ],
      dtype=float32)}
Success rate:  0.36
{'success': array([False, False, False, False, False, False,  True,  True, False,
       False,  True,  True, False, False, False, False,  True,  True,
       False,  True, False, False,  True,  True,  True, False, False,
       False, False, False, False, False, False, False,  True,  True,
       False,  True, False, False,  True,  True, False,  True,  True,
       False,  True, False, False, False]), 'state_dist': array([ 82.13311 ,  69.35115 , 330.7161  , 115.08377 , 285.33148 ,
        44.447144, 142.77113 , 196.8454  ,  75.57562 ,  57.403027,
        89.94612 ,  43.5537  , 116.18231 , 186.79123 , 104.67422 ,
        71.74971 ,  59.162987,  78.57954 , 144.40703 ,  17.131405,
       668.37054 ,  31.882492, 107.949326,  72.61362 , 177.27473 ,
       155.55737 , 191.68208 , 197.34294 , 133.55095 ,  92.647675,
       129.31607 ,  55.32638 ,  61.49816 , 245.08157 , 156.39427 ,
       108.25381 , 125.18733 , 176.23947 , 231.15204 ,  85.62932 ,
        23.451548,  75.52161 , 117.01295 ,  49.25526 , 207.25656 ,
       187.55238 , 125.52917 , 184.42421 , 236.94406 , 140.25243 ],
      dtype=float32)}
Success rate:  0.36
{'success': array([False, False, False, False, False, False,  True,  True, False,
       False,  True,  True, False, False, False, False,  True,  True,
       False,  True, False, False,  True,  True,  True, False, False,
       False, False, False, False, False, False, False,  True,  True,
       False,  True, False, False,  True,  True, False,  True,  True,
       False,  True, False, False, False]), 'state_dist': array([ 86.02793 ,  66.55133 , 326.7435  , 112.84498 , 283.26044 ,
        48.47187 , 145.89046 , 191.41978 ,  73.7941  ,  58.216614,
        94.28761 ,  44.313553, 113.641846, 185.8937  , 100.76775 ,
        71.46637 ,  55.46804 ,  77.66359 , 145.52788 ,  14.533916,
       670.1799  ,  32.20615 , 109.43715 ,  75.01189 , 180.38962 ,
       157.10614 , 191.19128 , 200.67526 , 132.93324 ,  97.65124 ,
       130.75642 ,  54.488213,  62.813686, 242.74121 , 155.30205 ,
       106.34687 , 126.56996 , 176.55841 , 237.12805 ,  90.729385,
        24.931353,  77.37861 , 118.68929 ,  49.238457, 205.71953 ,
       196.1192  , 128.81573 , 184.78215 , 233.01694 , 137.84221 ],
      dtype=float32)}
Success rate:  0.34
{'success': array([False, False, False, False, False, False,  True,  True, False,
       False, False,  True, False, False, False, False,  True,  True,
       False,  True, False, False,  True,  True,  True, False, False,
       False, False, False, False, False, False, False,  True,  True,
       False,  True, False, False,  True,  True, False,  True,  True,
       False,  True, False, False, False]), 'state_dist': array([ 81.488686,  64.31636 , 320.93643 , 117.50369 , 282.38046 ,
        48.59697 , 150.04678 , 189.08212 ,  72.78011 ,  54.41345 ,
       100.05634 ,  39.511574, 115.58677 , 183.21292 ,  95.68825 ,
        71.799385,  55.066628,  74.481606, 142.79875 ,  19.960674,
       672.57794 ,  31.737934, 106.3611  ,  77.67364 , 184.73996 ,
       157.7253  , 192.15501 , 201.21628 , 133.47952 , 100.20602 ,
       131.33676 ,  54.69306 ,  73.32695 , 243.73381 , 155.06892 ,
       102.18739 , 128.1586  , 176.18254 , 236.8318  ,  93.34762 ,
        33.940327,  73.62271 , 119.19922 ,  47.24468 , 199.2826  ,
       196.87683 , 129.67584 , 190.95984 , 227.69302 , 138.84877 ],
      dtype=float32)}
Success rate:  0.34
{'success': array([False, False, False, False, False, False,  True,  True, False,
       False,  True,  True, False, False, False, False,  True,  True,
       False,  True, False, False,  True,  True, False, False, False,
       False, False, False, False, False, False, False,  True,  True,
       False,  True, False, False,  True,  True, False,  True,  True,
       False,  True, False, False, False]), 'state_dist': array([ 82.405846,  59.002316, 320.75543 , 118.23338 , 280.04883 ,
        50.348087, 152.37381 , 186.07385 ,  73.573235,  54.079582,
        98.67937 ,  42.19431 , 114.576996, 176.75871 , 100.74481 ,
        78.9184  ,  59.047012,  78.02625 , 139.35545 ,  18.106945,
       672.9231  ,  32.844692,  97.08787 ,  82.43892 , 187.75407 ,
       155.731   , 191.70453 , 201.3617  , 135.65358 , 103.82636 ,
       131.63437 ,  53.486866,  82.54482 , 244.83382 , 153.3358  ,
        99.47182 , 132.9842  , 174.03386 , 236.41972 ,  97.106766,
        38.99435 ,  73.16001 , 120.11779 ,  42.670044, 197.85852 ,
       202.04672 , 131.9243  , 188.84038 , 228.46663 , 138.4596  ],
      dtype=float32)}
Success rate:  0.34
{'success': array([False, False, False, False, False, False,  True,  True, False,
       False,  True,  True, False, False, False, False,  True,  True,
       False,  True, False, False,  True,  True, False, False, False,
       False, False, False, False, False, False, False,  True,  True,
       False,  True, False, False,  True,  True, False,  True,  True,
       False,  True, False, False, False]), 'state_dist': array([ 83.790634,  54.39252 , 320.8694  , 122.764145, 280.9446  ,
        55.65377 , 158.72351 , 182.75545 ,  71.46096 ,  54.762196,
        97.5962  ,  37.121647, 113.19992 , 175.00487 ,  97.249435,
        77.12349 ,  58.59821 ,  70.761856, 139.79604 ,  19.869015,
       672.4457  ,  34.23778 , 100.2289  ,  97.609886, 185.93454 ,
       155.52728 , 191.6735  , 202.43379 , 135.67305 , 103.75234 ,
       132.01544 ,  51.293274,  86.98812 , 244.55264 , 151.32547 ,
       101.77468 , 141.18344 , 180.90262 , 243.43391 , 102.713905,
        29.792013,  74.80516 , 119.79417 ,  34.209927, 192.5177  ,
       200.3952  , 128.85065 , 194.69379 , 232.25967 , 136.65329 ],
      dtype=float32)}
MPC iter 2 Eval ------- 
Success rate:  0.4
{'success': array([False,  True, False, False, False, False,  True,  True, False,
       False,  True,  True, False, False,  True, False,  True,  True,
       False,  True, False, False,  True,  True,  True, False, False,
       False, False, False, False, False, False, False,  True,  True,
       False,  True, False, False,  True,  True, False,  True,  True,
       False,  True, False, False, False]), 'state_dist': array([ 84.09365 ,  43.239216, 320.8853  , 122.50713 , 280.93436 ,
        55.820736, 139.65704 ,  92.46523 ,  71.55209 ,  54.809917,
       137.92137 ,  62.603428, 113.3526  , 174.96228 ,  96.30431 ,
        77.25659 ,  70.81469 ,  85.94318 , 139.69803 ,  96.280304,
       670.4082  ,  34.092094,  63.34208 , 217.35431 , 344.65198 ,
       156.24472 , 192.8344  , 202.41028 , 134.76639 , 103.555984,
       132.03972 ,  50.783447,  86.91112 , 245.26334 , 137.5744  ,
        46.732365, 141.18292 , 291.61444 , 243.47575 , 102.76652 ,
         9.578253, 136.85725 , 119.5997  , 198.00491 , 195.57776 ,
       200.40422 ,  94.73741 , 194.46323 , 232.02553 , 136.44962 ],
      dtype=float32)}
self.is_success:  [False  True False False False False  True  True False False  True  True
 False False  True False  True  True False  True False False  True  True
  True False False False False False False False False False  True  True
 False  True False False  True  True False  True  True False  True False
 False False]
Success rate:  0.34
{'success': array([False,  True, False, False, False, False,  True,  True, False,
       False,  True,  True, False, False, False, False,  True,  True,
       False,  True, False, False, False,  True,  True, False, False,
       False, False, False, False, False, False, False,  True,  True,
       False,  True, False, False,  True,  True, False, False,  True,
       False,  True, False, False, False]), 'state_dist': array([ 70.36535 ,  56.62695 , 359.7123  ,  80.36865 , 194.04575 ,
       135.53038 ,  21.874783, 138.81303 ,  80.08026 , 113.565865,
        33.61586 ,  40.7051  ,  94.40259 , 176.10602 ,  43.989513,
        46.161945,  50.412655,  56.19266 , 105.56889 ,  56.007088,
       683.484   ,  30.284733,  70.68025 ,  48.179764, 147.94922 ,
       221.6119  , 165.70264 , 208.12474 , 145.08862 ,  78.76433 ,
       145.18365 ,  99.737915,  41.001312, 272.10696 ,  83.63469 ,
        76.995766,  70.7756  , 159.73282 ,  59.139313, 143.10045 ,
        29.93044 ,  48.9399  ,  85.696236,  80.50326 , 156.07675 ,
       123.18542 , 127.48895 , 134.60138 , 165.51906 , 141.70555 ],
      dtype=float32)}
Success rate:  0.34
{'success': array([False,  True, False, False, False, False,  True,  True, False,
       False,  True,  True, False, False, False, False,  True,  True,
       False,  True, False, False, False,  True,  True, False, False,
       False, False, False, False, False, False, False,  True,  True,
       False,  True, False, False,  True,  True, False, False,  True,
       False,  True, False, False, False]), 'state_dist': array([ 73.169945,  67.42871 , 370.28482 ,  76.98767 , 210.9258  ,
       110.65327 ,  22.868315, 129.23874 ,  83.864296, 142.05984 ,
        42.416294,  16.626064, 110.134   , 184.21019 ,  35.99848 ,
        46.61708 ,  51.96884 ,  21.595488,  95.055565,  41.30373 ,
       713.64014 ,  27.126448,  53.066864,  32.381046, 116.27759 ,
       213.50604 , 167.22871 , 204.07414 , 175.9117  ,  69.50324 ,
       142.27504 , 115.723434,  53.265377, 300.39264 ,  72.91946 ,
        83.90793 ,  68.81041 , 170.66048 ,  67.363014, 143.38287 ,
        35.799633,  57.67246 ,  83.56326 ,  79.31361 , 155.52672 ,
       121.84576 , 148.27887 , 129.71114 , 162.19324 , 146.53636 ],
      dtype=float32)}
Success rate:  0.34
{'success': array([False,  True, False, False, False, False,  True,  True, False,
       False,  True,  True, False, False, False, False,  True,  True,
       False,  True, False, False, False,  True,  True, False, False,
       False, False, False, False, False, False, False,  True,  True,
       False,  True, False, False,  True,  True, False, False,  True,
       False,  True, False, False, False]), 'state_dist': array([ 69.9036  ,  96.81891 , 362.3616  ,  72.01047 , 209.78452 ,
       136.74069 ,  15.791656, 150.52707 ,  92.17174 , 137.31342 ,
        34.671783,  20.779495, 117.665016, 182.06326 ,  31.338757,
        58.398117,  71.13536 ,  36.953358,  95.28232 ,  52.326435,
       730.74805 ,  31.186068,  51.038742,  13.971566, 107.96566 ,
       196.57323 , 171.48576 , 200.28053 , 183.44936 ,  80.20428 ,
       141.82118 ,  95.961075,  62.412098, 308.14005 ,  47.1071  ,
        92.08961 ,  65.08366 , 175.54343 ,  70.40744 , 136.42888 ,
        32.76806 ,  59.598793,  86.07297 ,  60.197395, 146.50114 ,
       122.95598 , 148.55153 , 119.38135 , 171.57431 , 130.18813 ],
      dtype=float32)}
Success rate:  0.34
{'success': array([False,  True, False, False, False, False,  True,  True, False,
       False,  True,  True, False, False, False, False,  True,  True,
       False,  True, False, False, False,  True,  True, False, False,
       False, False, False, False, False, False, False,  True,  True,
       False,  True, False, False,  True,  True, False, False,  True,
       False,  True, False, False, False]), 'state_dist': array([ 68.83874 , 103.29875 , 374.01587 ,  74.40436 , 248.89255 ,
       129.85051 ,  10.388104, 161.5291  , 105.38757 , 121.11744 ,
        40.4793  ,  25.27205 , 117.308014, 179.2787  ,  43.262745,
        72.31514 ,  84.696396,  45.709915, 108.44931 ,  48.15997 ,
       761.51996 ,  30.885414,  68.48739 ,  18.496775, 123.078186,
       190.74446 , 173.53369 , 197.3009  , 183.23259 ,  77.76416 ,
       156.51161 ,  91.50615 ,  55.036186, 306.684   ,  75.16431 ,
       105.52075 ,  72.52393 , 173.4621  ,  73.817696, 132.06816 ,
        36.402077,  35.45169 ,  90.45283 ,  60.290794, 171.91658 ,
       125.102516, 147.98476 , 115.04128 , 170.75267 , 116.26734 ],
      dtype=float32)}
Success rate:  0.36
{'success': array([False,  True, False, False, False, False,  True,  True, False,
       False,  True,  True, False, False, False, False,  True,  True,
       False,  True, False, False, False,  True,  True, False, False,
       False, False, False, False, False, False, False,  True,  True,
       False,  True, False, False,  True,  True, False,  True,  True,
       False,  True, False, False, False]), 'state_dist': array([ 74.1412  , 127.55556 , 379.11066 ,  71.56847 , 273.53976 ,
       123.61897 ,  14.477311, 154.44469 , 128.54263 , 115.163536,
        54.6273  ,  28.497313, 118.04172 , 186.41934 ,  43.324993,
        76.16981 ,  85.46769 ,  46.017765, 122.11235 ,  57.77422 ,
       789.6731  ,  32.261868,  83.7438  ,  22.102686, 147.32028 ,
       184.99242 , 174.99123 , 197.82312 , 179.381   ,  91.31614 ,
       155.29523 ,  79.880806,  61.327145, 313.6707  ,  78.637215,
       100.01464 ,  84.62505 , 183.8521  ,  81.615555, 130.4973  ,
        47.04682 ,  19.04067 ,  92.16797 ,  51.306458, 171.95651 ,
       122.9108  , 142.74504 , 118.559265, 164.52078 , 114.115135],
      dtype=float32)}
Success rate:  0.36
{'success': array([False,  True, False, False, False, False,  True,  True, False,
       False,  True,  True, False, False, False, False,  True,  True,
       False,  True, False, False, False,  True,  True, False, False,
       False, False, False, False, False, False, False,  True,  True,
       False,  True, False, False,  True,  True, False,  True,  True,
       False,  True, False, False, False]), 'state_dist': array([ 73.00537 , 133.63466 , 372.89508 ,  81.34583 , 268.05725 ,
       129.63399 ,  14.271762, 153.79857 , 111.21847 , 117.54654 ,
        69.5075  ,  40.750507, 117.30423 , 184.61736 ,  38.978497,
        67.3547  , 106.58783 ,  58.804924, 126.46649 ,  46.534286,
       813.5477  ,  32.03642 ,  87.27332 ,  37.66748 , 133.25294 ,
       173.54079 , 166.44832 , 192.85033 , 188.38559 ,  93.37205 ,
       151.75417 ,  69.4762  ,  65.59355 , 309.0781  ,  64.99483 ,
        73.68518 ,  82.70427 , 187.55864 ,  80.37755 , 123.75508 ,
        44.29073 ,  23.015982,  96.62414 ,  47.877316, 172.77406 ,
       123.15814 , 132.55191 , 116.76011 , 166.32372 , 113.67135 ],
      dtype=float32)}
Success rate:  0.34
{'success': array([False,  True, False, False, False, False,  True,  True, False,
       False,  True,  True, False, False, False, False, False,  True,
       False,  True, False, False, False,  True,  True, False, False,
       False, False, False, False, False, False, False,  True,  True,
       False,  True, False, False,  True,  True, False,  True,  True,
       False,  True, False, False, False]), 'state_dist': array([ 71.51172 , 120.598915, 373.00507 ,  77.82209 , 265.11258 ,
       123.50192 ,  16.390108, 166.80687 , 112.471695, 129.31825 ,
        70.24788 ,  38.04856 , 120.82719 , 199.46169 ,  41.19019 ,
        62.124966, 101.210365,  73.48757 , 126.37324 ,  58.106842,
       834.90045 ,  35.628006,  76.807335,  30.526648, 140.45082 ,
       159.83359 , 168.5692  , 184.17087 , 186.921   ,  94.470314,
       151.44588 ,  67.1613  ,  63.019596, 308.64752 ,  66.722176,
        72.69452 ,  76.573875, 181.15218 ,  73.25581 , 119.04366 ,
        46.754482,  54.125824,  91.76579 ,  48.606277, 188.95712 ,
       130.37479 , 133.36507 , 121.37865 , 177.47243 , 113.4547  ],
      dtype=float32)}
Success rate:  0.34
{'success': array([False,  True, False, False, False, False,  True,  True, False,
       False,  True,  True, False, False, False, False, False,  True,
       False,  True, False, False, False,  True,  True, False, False,
       False, False, False, False, False, False, False,  True,  True,
       False,  True, False, False,  True,  True, False,  True,  True,
       False,  True, False, False, False]), 'state_dist': array([ 75.51038 , 110.61456 , 367.50674 ,  76.31548 , 264.251   ,
       132.12958 ,  37.244843, 166.84535 , 111.590515, 119.74913 ,
        60.34422 ,  32.677402, 116.46707 , 186.47124 ,  36.338554,
        71.864555, 105.5374  ,  75.25434 , 134.98529 ,  65.38682 ,
       848.0609  ,  40.2612  ,  83.609   ,   8.555013, 136.92383 ,
       155.80428 , 168.9698  , 191.57996 , 175.82942 , 103.285416,
       145.30609 ,  58.314163,  68.575424, 314.93683 ,  66.08199 ,
        43.19104 ,  85.77734 , 188.13937 ,  82.08612 , 127.763275,
        33.951454,  43.059143,  86.774864,  45.2303  , 180.46681 ,
       127.839005, 134.9801  , 124.92926 , 185.84059 , 104.84011 ],
      dtype=float32)}
Success rate:  0.36
{'success': array([False,  True, False, False, False, False,  True,  True, False,
       False,  True,  True, False, False, False, False, False,  True,
       False,  True, False, False,  True,  True,  True, False, False,
       False, False, False, False, False, False, False,  True,  True,
       False,  True, False, False,  True,  True, False,  True,  True,
       False,  True, False, False, False]), 'state_dist': array([ 77.60725 , 105.8174  , 386.52814 ,  83.01055 , 273.5469  ,
       132.25961 ,  32.4875  , 168.84207 , 121.400795, 116.25552 ,
        47.557632,  25.135078, 116.64156 , 179.88048 ,  30.851994,
        75.28804 ,  87.32563 ,  75.30777 , 148.2886  ,  59.05902 ,
       863.1594  ,  32.32318 ,  69.3529  ,   9.004559, 139.02852 ,
       153.36249 , 167.79082 , 178.6776  , 169.7047  , 109.76714 ,
       148.1196  ,  53.91044 ,  66.622536, 316.04413 ,  74.30727 ,
        34.838505,  84.741585, 205.19736 ,  86.06386 , 126.78085 ,
        45.87959 ,  37.307846,  82.598656,  46.005676, 173.95088 ,
       133.66365 , 128.23457 , 130.7156  , 194.18546 , 112.37927 ],
      dtype=float32)}
Success rate:  0.36
{'success': array([False,  True, False, False, False, False,  True,  True, False,
       False,  True,  True, False, False, False, False, False,  True,
       False,  True, False, False,  True,  True,  True, False, False,
       False, False, False, False, False, False, False,  True,  True,
       False,  True, False, False,  True,  True, False,  True,  True,
       False,  True, False, False, False]), 'state_dist': array([ 77.321846, 108.38811 , 383.88156 ,  80.11792 , 294.31042 ,
       132.06432 ,  50.81706 , 169.6784  , 129.27629 , 120.3336  ,
        48.577293,  42.83376 , 115.96246 , 174.26315 ,  34.189457,
        77.78176 , 105.98216 ,  78.08684 , 159.00279 ,  58.94808 ,
       867.1448  ,  37.846027,  67.538765,  14.186568, 148.86823 ,
       154.3263  , 166.73752 , 161.26611 , 172.83388 , 105.461266,
       151.95917 ,  51.35285 ,  69.34919 , 318.89783 ,  65.2696  ,
        37.14985 ,  85.463875, 217.6127  ,  85.7141  , 120.08133 ,
        38.68089 ,  38.797337,  85.13251 ,  49.02888 , 167.17273 ,
       131.79277 , 134.82849 , 128.4099  , 206.12817 , 116.937065],
      dtype=float32)}
Success rate:  0.36
{'success': array([False,  True, False, False, False, False,  True,  True, False,
       False,  True,  True, False, False, False, False, False,  True,
       False,  True, False, False,  True,  True,  True, False, False,
       False, False, False, False, False, False, False,  True,  True,
       False,  True, False, False,  True,  True, False,  True,  True,
       False,  True, False, False, False]), 'state_dist': array([ 75.495674, 104.744255, 381.14307 ,  81.00579 , 306.4039  ,
       132.68759 ,  45.06444 , 174.04332 , 148.78226 , 121.52662 ,
        60.523712,  40.069817, 116.5714  , 173.98708 ,  24.8797  ,
        91.84702 , 114.62204 ,  72.34243 , 156.66037 ,  64.45176 ,
       874.43555 ,  34.20667 ,  79.93241 ,  13.192358, 148.00713 ,
       157.61734 , 167.27956 , 171.53833 , 173.01233 , 107.40345 ,
       153.11646 ,  49.679955,  67.67292 , 321.5041  ,  47.390034,
        57.413914,  90.05824 , 214.6172  ,  86.79801 , 113.08817 ,
        42.247845,  44.683125,  87.684654,  47.818405, 151.12958 ,
       128.63876 , 134.38896 , 131.04742 , 212.2854  , 109.03879 ],
      dtype=float32)}
Success rate:  0.36
{'success': array([False,  True, False, False, False, False,  True,  True, False,
       False,  True,  True, False, False, False, False, False,  True,
       False,  True, False, False,  True,  True,  True, False, False,
       False, False, False, False, False, False, False,  True,  True,
       False,  True, False, False,  True,  True, False,  True,  True,
       False,  True, False, False, False]), 'state_dist': array([ 76.85011 , 114.44972 , 384.34406 ,  82.21523 , 297.75085 ,
       139.33212 ,  61.934853, 183.81409 , 149.22641 , 115.70161 ,
        55.14545 ,  43.698433, 106.28261 , 167.2995  ,  27.880758,
       104.84798 , 123.92113 ,  52.72186 , 168.31754 ,  64.88469 ,
       879.45276 ,  30.242857,  76.8065  ,  20.37482 , 148.49559 ,
       158.05315 , 162.2062  , 168.51962 , 167.91118 , 115.16956 ,
       149.06195 ,  53.190193,  65.14513 , 322.50235 ,  37.822704,
        50.978455,  86.533005, 227.71458 ,  88.276306, 112.80322 ,
        37.146915,  51.392296,  89.07396 ,  44.92466 , 176.78108 ,
       135.40488 , 142.13792 , 127.94536 , 207.86797 , 107.516335],
      dtype=float32)}
Success rate:  0.36
{'success': array([False,  True, False, False, False, False,  True,  True, False,
       False,  True,  True, False, False, False, False, False,  True,
       False,  True, False, False,  True,  True,  True, False, False,
       False, False, False, False, False, False, False,  True,  True,
       False,  True, False, False,  True,  True, False,  True,  True,
       False,  True, False, False, False]), 'state_dist': array([ 73.054665, 117.32029 , 392.3154  ,  81.8408  , 312.6382  ,
       122.97557 ,  55.57439 , 186.731   , 152.85638 , 108.00507 ,
        47.044334,  44.628227, 112.169655, 176.17798 ,  27.76538 ,
       107.37092 , 123.36884 ,  52.320976, 174.34352 ,  77.46254 ,
       887.62976 ,  31.242218,  78.27368 ,  21.77291 , 151.87311 ,
       157.86836 , 162.43553 , 181.37779 , 165.2637  , 121.56968 ,
       151.09454 ,  50.548275,  64.0806  , 320.2591  ,  35.409924,
        58.703335,  84.618774, 237.152   ,  87.31061 ,  97.2202  ,
        30.73996 ,  58.882553,  89.569214,  43.041515, 159.58229 ,
       129.66968 , 148.06711 , 129.37276 , 199.22232 , 105.59617 ],
      dtype=float32)}
Success rate:  0.36
{'success': array([False,  True, False, False, False, False,  True,  True, False,
       False,  True,  True, False, False, False, False,  True,  True,
       False,  True, False, False,  True,  True,  True, False, False,
       False, False, False, False, False, False, False,  True,  True,
       False,  True, False, False,  True,  True, False,  True, False,
       False,  True, False, False, False]), 'state_dist': array([ 74.883965, 124.29723 , 381.8476  ,  83.40674 , 317.23444 ,
       135.95674 ,  70.79936 , 186.04448 , 150.94719 , 114.20858 ,
        50.572792,  49.423397, 120.978485, 192.49309 ,  30.239826,
       117.03602 , 118.98143 ,  65.89377 , 173.9434  ,  84.26134 ,
       891.0413  ,  31.270107,  73.20499 ,  16.243286, 155.93228 ,
       156.56436 , 164.59317 , 178.32124 , 165.12129 , 120.89792 ,
       157.117   ,  63.86956 ,  61.928757, 334.00168 ,  30.64914 ,
        42.174015,  92.921555, 225.26802 ,  93.40692 ,  90.932045,
        31.491985,  66.342804,  84.25884 ,  43.531757, 143.15984 ,
       126.91384 , 149.50806 , 124.61952 , 206.76953 , 110.9736  ],
      dtype=float32)}
Success rate:  0.36
{'success': array([False,  True, False, False, False, False,  True,  True, False,
       False,  True,  True, False, False, False, False,  True,  True,
       False,  True, False, False,  True,  True,  True, False, False,
       False, False, False, False, False, False, False,  True,  True,
       False,  True, False, False,  True,  True, False,  True, False,
       False,  True, False, False, False]), 'state_dist': array([ 74.76347 , 127.0861  , 393.07938 ,  89.780235, 316.56143 ,
       139.34474 ,  69.24291 , 184.96342 , 133.24287 , 115.488075,
        43.445236,  46.392902, 121.125206, 198.97589 ,  40.328354,
       140.03687 , 114.06061 ,  58.42772 , 173.48793 ,  88.0211  ,
       896.3953  ,  33.46876 ,  76.96324 ,  12.182655, 148.836   ,
       157.69762 , 165.64215 , 174.40811 , 167.46495 , 117.39625 ,
       166.17812 ,  66.961555,  53.87256 , 343.80676 ,  26.598415,
        46.058365,  94.47263 , 216.16985 , 118.8453  ,  95.02096 ,
        37.684654,  57.584118,  87.12658 ,  34.275604, 143.5408  ,
       124.05261 , 150.22972 , 126.75342 , 213.92229 , 107.36102 ],
      dtype=float32)}
Success rate:  0.36
{'success': array([False,  True, False, False, False, False,  True,  True, False,
       False,  True,  True, False, False, False, False,  True,  True,
       False,  True, False, False,  True,  True,  True, False, False,
       False, False, False, False, False, False, False,  True,  True,
       False,  True, False, False,  True,  True, False,  True, False,
       False,  True, False, False, False]), 'state_dist': array([ 72.87673 , 127.102554, 412.6005  ,  89.03478 , 309.85785 ,
       146.01448 ,  66.086174, 189.02933 , 138.63547 , 106.719604,
        51.813606,  43.49838 , 121.71186 , 217.2657  ,  40.42294 ,
       137.74147 , 116.82877 ,  58.28511 , 178.419   ,  89.62689 ,
       903.3521  ,  37.103867,  76.285774,  31.333206, 154.25455 ,
       163.03351 , 166.81459 , 185.81003 , 169.60492 , 118.78409 ,
       166.39558 ,  73.11687 ,  53.1976  , 337.91794 ,  30.963589,
        49.436684,  91.70459 , 207.3315  , 112.5976  ,  94.65049 ,
        36.839848,  53.68238 ,  87.07094 ,  39.038097, 119.8434  ,
       127.07818 , 147.88564 , 120.44795 , 215.42056 , 108.6362  ],
      dtype=float32)}
Success rate:  0.36
{'success': array([False,  True, False, False, False, False,  True,  True, False,
       False,  True,  True, False, False, False, False,  True,  True,
       False,  True, False, False,  True,  True,  True, False, False,
       False, False, False, False, False, False, False,  True,  True,
       False,  True, False, False,  True,  True, False,  True, False,
       False,  True, False, False, False]), 'state_dist': array([ 73.95796 , 122.83546 , 406.98627 ,  94.206566, 319.26556 ,
       152.08513 ,  72.018   , 192.46664 , 141.81407 , 103.43488 ,
        51.96925 ,  39.53343 , 131.09447 , 226.73978 ,  35.726063,
       136.90921 , 116.71474 ,  65.75407 , 180.72237 ,  91.34003 ,
       911.49884 ,  40.134224,  77.608185,  36.373646, 159.89854 ,
       165.55193 , 172.20105 , 182.8981  , 169.19682 , 121.468704,
       166.04617 ,  81.66276 ,  51.65881 , 338.88477 ,  38.49467 ,
        48.652756,  92.93769 , 197.82852 , 118.28009 ,  89.42718 ,
        33.817265,  43.17698 ,  92.9773  ,  36.88917 , 127.89542 ,
       124.73609 , 148.33308 , 123.11434 , 209.55164 , 108.87042 ],
      dtype=float32)}
Success rate:  0.36
{'success': array([False,  True, False, False, False, False,  True,  True, False,
       False,  True,  True, False, False, False, False,  True,  True,
       False,  True, False, False,  True,  True,  True, False, False,
       False, False, False, False, False, False, False,  True,  True,
       False,  True, False, False,  True,  True, False,  True, False,
       False,  True, False, False, False]), 'state_dist': array([ 75.40546 , 128.86401 , 410.00504 ,  97.34047 , 325.81094 ,
       151.8014  ,  79.23571 , 187.93121 , 142.17058 , 106.43399 ,
        47.01437 ,  43.818092, 125.94888 , 235.20184 ,  40.443836,
       150.6113  , 117.51559 ,  73.256096, 176.88681 , 105.837814,
       914.3313  ,  31.834154,  77.41989 ,  23.464886, 159.75064 ,
       168.89609 , 172.38885 , 174.47067 , 168.8833  , 121.316284,
       165.68765 ,  76.605354,  47.541122, 336.60876 ,  52.474346,
        42.231434,  96.37613 , 188.2126  , 113.231186,  89.00976 ,
        39.84265 ,  42.077732,  87.979675,  39.824753, 112.35218 ,
       124.718346, 152.27641 , 120.149796, 210.76001 , 108.84057 ],
      dtype=float32)}
Success rate:  0.36
{'success': array([False,  True, False, False, False, False,  True,  True, False,
       False,  True,  True, False, False, False, False,  True,  True,
       False,  True, False, False,  True,  True,  True, False, False,
       False, False, False, False, False, False, False,  True,  True,
       False,  True, False, False,  True,  True, False,  True, False,
       False,  True, False, False, False]), 'state_dist': array([ 78.03458 , 135.09926 , 403.30365 ,  92.91695 , 331.23987 ,
       157.28194 ,  87.48376 , 190.55612 , 134.71265 , 107.17834 ,
        41.54683 ,  46.727352, 126.678474, 245.25226 ,  45.875225,
       160.72339 , 117.82725 ,  72.48869 , 180.22653 , 104.669174,
       917.12524 ,  25.998295,  76.98014 ,  17.949383, 161.78012 ,
       184.90111 , 179.32428 , 176.97981 , 166.52074 , 121.729385,
       164.39552 ,  78.279915,  46.730907, 336.43204 ,  37.085487,
        55.311466, 104.9116  , 186.19308 , 108.90124 ,  73.771454,
        33.213055,  49.760616,  81.86088 ,  40.53814 , 115.03989 ,
       123.218216, 149.53842 , 126.01652 , 211.75705 , 111.940384],
      dtype=float32)}
Success rate:  0.36
{'success': array([False,  True, False, False, False, False,  True,  True, False,
       False,  True,  True, False, False, False, False,  True,  True,
       False,  True, False, False,  True,  True,  True, False, False,
       False, False, False, False, False, False, False,  True,  True,
       False,  True, False, False,  True,  True, False,  True, False,
       False,  True, False, False, False]), 'state_dist': array([ 78.321266, 129.31876 , 401.89783 ,  91.543915, 331.3028  ,
       156.50932 ,  85.591576, 190.73169 , 132.72437 , 105.42578 ,
        45.065514,  55.253094, 119.00922 , 250.45346 ,  51.604893,
       179.80481 , 117.47951 ,  80.75716 , 174.8805  ,  99.2103  ,
       917.3544  ,  31.892746,  79.24907 ,  21.088118, 162.90881 ,
       197.37856 , 182.0943  , 188.15231 , 168.16    , 121.88096 ,
       164.16061 ,  76.95336 ,  43.812202, 337.6025  ,  38.88101 ,
        57.302017,  97.47423 , 180.05124 , 105.572754,  75.02614 ,
        35.697678,  43.14545 ,  83.05158 ,  43.54    , 122.88076 ,
       123.6544  , 146.88219 , 129.86955 , 209.10266 , 110.25158 ],
      dtype=float32)}
Success rate:  0.34
{'success': array([False,  True, False, False, False, False,  True,  True, False,
       False,  True, False, False, False, False, False,  True,  True,
       False,  True, False, False,  True,  True,  True, False, False,
       False, False, False, False, False, False, False,  True,  True,
       False,  True, False, False,  True,  True, False,  True, False,
       False,  True, False, False, False]), 'state_dist': array([ 80.054344, 123.17152 , 409.1189  ,  81.9719  , 329.00406 ,
       154.32693 ,  88.91913 , 194.46906 , 135.0037  , 101.67276 ,
        51.57038 ,  60.368668, 116.449745, 244.93512 ,  49.55656 ,
       194.7014  , 112.82267 ,  85.367485, 172.97719 , 105.73121 ,
       920.8346  ,  25.18061 ,  75.182014,  27.228367, 160.86052 ,
       204.88475 , 179.92563 , 178.97794 , 171.41216 , 123.25239 ,
       162.59877 ,  80.18469 ,  45.80258 , 347.0425  ,  51.13349 ,
        55.747807,  93.57305 , 173.31735 , 115.36873 ,  62.21798 ,
        36.828   ,  47.37122 ,  80.91087 ,  41.119793, 112.24573 ,
       123.29497 , 149.70786 , 127.82946 , 208.08011 , 107.66875 ],
      dtype=float32)}
Success rate:  0.34
{'success': array([False,  True, False, False, False, False,  True,  True, False,
       False,  True, False, False, False, False, False,  True,  True,
       False,  True, False, False,  True,  True,  True, False, False,
       False, False, False, False, False, False, False,  True,  True,
       False,  True, False, False,  True,  True, False,  True, False,
       False,  True, False, False, False]), 'state_dist': array([ 76.54331 , 131.04184 , 415.34122 ,  79.035126, 336.77258 ,
       153.74297 ,  76.23901 , 195.18318 , 126.15235 , 102.46851 ,
        55.57188 ,  65.589226, 116.579254, 235.51895 ,  44.110836,
       197.00102 , 110.71612 ,  84.751755, 180.96094 , 107.539566,
       921.51587 ,  30.400251,  72.275024,  44.74698 , 159.08221 ,
       204.95172 , 186.47778 , 193.07312 , 170.67809 , 124.70463 ,
       168.32047 ,  77.95446 ,  45.241955, 355.8198  ,  60.477123,
        52.389507,  95.90916 , 179.2319  , 118.57336 ,  54.322292,
        31.331709,  45.290405,  79.31624 ,  41.05339 , 118.75837 ,
       125.14824 , 156.29407 , 129.98947 , 201.22548 , 105.98418 ],
      dtype=float32)}
Success rate:  0.34
{'success': array([False,  True, False, False, False, False,  True,  True, False,
       False,  True, False, False, False, False, False,  True,  True,
       False,  True, False, False,  True,  True,  True, False, False,
       False, False, False, False, False, False, False,  True,  True,
       False,  True, False, False,  True,  True, False,  True, False,
       False,  True, False, False, False]), 'state_dist': array([ 78.20191 , 126.0726  , 422.38562 ,  83.490166, 338.89972 ,
       145.51222 ,  73.82541 , 194.11226 , 118.24626 , 102.21642 ,
        50.94532 ,  64.42991 , 106.68427 , 230.68275 ,  43.670082,
       187.78152 , 112.935005,  75.801   , 176.18146 , 106.68769 ,
       921.6152  ,  30.558676,  75.2875  ,  52.387688, 162.12175 ,
       207.28505 , 183.95058 , 183.1474  , 171.48628 , 125.2081  ,
       169.56424 ,  80.81607 ,  41.783096, 354.13068 ,  66.66807 ,
        52.90846 ,  93.40541 , 183.91383 , 122.61469 ,  46.26985 ,
        31.305656,  49.79414 ,  82.007095,  40.800682, 110.50243 ,
       127.57247 , 166.31009 , 128.00063 , 204.13846 , 107.652954],
      dtype=float32)}
Success rate:  0.34
{'success': array([False,  True, False, False, False, False,  True,  True, False,
       False,  True, False, False, False, False, False,  True,  True,
       False,  True, False, False,  True,  True,  True, False, False,
       False, False, False, False, False, False, False,  True,  True,
       False,  True, False, False,  True,  True, False,  True, False,
       False,  True, False, False, False]), 'state_dist': array([ 79.53971 , 128.13135 , 423.39307 ,  85.682884, 340.42984 ,
       145.1519  ,  60.37699 , 195.36177 , 113.06923 , 101.433815,
        56.43942 ,  75.27926 , 114.28003 , 225.43707 ,  44.215424,
       193.0417  , 116.79572 ,  80.82888 , 169.96208 , 101.48499 ,
       921.72253 ,  47.070786,  85.01902 ,  48.84282 , 162.83826 ,
       211.18416 , 186.40555 , 162.82874 , 171.48477 , 124.66715 ,
       171.08311 ,  78.072655,  44.007477, 361.20255 ,  82.26511 ,
        55.214394,  86.55924 , 199.10919 , 117.99925 ,  53.41432 ,
        34.569866,  56.40885 ,  81.64936 ,  39.941795, 106.115685,
       127.864426, 168.46922 , 133.27954 , 208.87596 , 105.93955 ],
      dtype=float32)}
Success rate:  0.34
{'success': array([False,  True, False, False, False, False,  True,  True, False,
       False,  True, False, False, False, False, False,  True,  True,
       False,  True, False, False,  True,  True,  True, False, False,
       False, False, False, False, False, False, False,  True,  True,
       False,  True, False, False,  True,  True, False,  True, False,
       False,  True, False, False, False]), 'state_dist': array([ 78.11976 , 145.5567  , 423.55756 ,  89.56365 , 342.48923 ,
       142.7789  ,  65.66761 , 194.82404 , 109.2781  ,  96.719086,
        57.411083,  73.10921 , 114.27364 , 228.64403 ,  41.99532 ,
       200.57271 , 114.16324 ,  85.69242 , 173.21826 ,  99.54244 ,
       922.00714 ,  52.44472 ,  70.01654 ,  53.289825, 163.16231 ,
       215.75139 , 188.90295 , 159.6641  , 170.5671  , 124.46719 ,
       170.23466 ,  77.498024,  45.60929 , 366.34042 ,  81.412384,
        59.86012 ,  86.91685 , 196.9511  , 115.16839 ,  42.263805,
        35.808517,  57.047047,  80.90759 ,  44.644505, 108.082756,
       129.00414 , 167.0198  , 128.80196 , 203.07672 , 104.82523 ],
      dtype=float32)}
Success rate:  0.34
{'success': array([False,  True, False, False, False, False,  True,  True, False,
       False,  True, False, False, False, False, False,  True,  True,
       False,  True, False, False,  True,  True,  True, False, False,
       False, False, False, False, False, False, False,  True,  True,
       False,  True, False, False,  True,  True, False,  True, False,
       False,  True, False, False, False]), 'state_dist': array([ 81.45394 , 147.53725 , 418.247   ,  90.7479  , 342.68622 ,
       141.44545 ,  63.44029 , 192.13312 , 109.524025,  99.18445 ,
        55.71699 ,  77.38117 , 107.38938 , 230.57993 ,  40.022816,
       211.2624  , 111.87428 ,  88.11277 , 170.54066 , 102.930016,
       923.13324 ,  55.7424  ,  73.713806,  45.359375, 164.60378 ,
       216.01659 , 187.75905 , 156.23671 , 169.14182 , 125.93762 ,
       173.10843 ,  76.14542 ,  45.08143 , 367.80505 ,  67.42243 ,
        62.66833 ,  88.578735, 207.31877 , 115.16745 ,  39.396057,
        37.45838 ,  62.247684,  81.06616 ,  44.718277, 107.63495 ,
       127.66454 , 168.95317 , 129.83182 , 204.12146 , 105.41531 ],
      dtype=float32)}
Success rate:  0.36
{'success': array([False,  True, False, False, False, False,  True,  True, False,
       False,  True,  True, False, False, False, False,  True,  True,
       False,  True, False, False,  True,  True,  True, False, False,
       False, False, False, False, False, False, False,  True,  True,
       False,  True, False, False,  True,  True, False,  True, False,
       False,  True, False, False, False]), 'state_dist': array([ 84.14612 , 146.08244 , 420.68713 ,  94.58859 , 342.75113 ,
       135.78745 ,  68.656525, 193.15431 , 108.856255,  99.618095,
        59.18322 ,  78.57264 , 109.75961 , 232.03142 ,  40.915802,
       212.60423 , 110.40058 , 101.9289  , 171.68579 ,  97.75008 ,
       922.6111  ,  59.30566 ,  71.8882  ,  45.873077, 163.86931 ,
       221.26295 , 188.77364 , 165.35265 , 169.43922 , 126.340515,
       173.25653 ,  76.9445  ,  44.397156, 368.5367  ,  72.33529 ,
        59.88702 ,  89.25704 , 208.59682 , 113.36934 ,  38.91814 ,
        37.03131 ,  64.53394 ,  81.46158 ,  38.69263 , 111.14218 ,
       127.575386, 170.32204 , 131.58243 , 204.03761 , 104.334885],
      dtype=float32)}
Success rate:  0.36
{'success': array([False,  True, False, False, False, False,  True,  True, False,
       False,  True,  True, False, False, False, False,  True,  True,
       False,  True, False, False,  True,  True,  True, False, False,
       False, False, False, False, False, False, False,  True,  True,
       False,  True, False, False,  True,  True, False,  True, False,
       False,  True, False, False, False]), 'state_dist': array([ 82.478745, 140.88947 , 419.66772 , 106.42904 , 340.8024  ,
       140.73045 ,  65.02422 , 192.58318 , 114.38581 ,  99.11131 ,
        60.037457,  82.76738 , 110.57536 , 228.62503 ,  46.574066,
       207.5538  , 111.27379 , 105.68736 , 172.4875  ,  99.43614 ,
       922.33997 ,  58.718025,  67.68045 ,  46.84934 , 164.03307 ,
       224.67508 , 187.91656 , 167.78912 , 171.57327 , 125.34059 ,
       174.55925 ,  73.9522  ,  44.90095 , 368.06454 ,  74.204216,
        58.71879 ,  92.03701 , 204.4597  , 111.32513 ,  34.611866,
        37.03044 ,  63.621407,  81.35132 ,  39.542812, 107.64626 ,
       127.89889 , 173.64317 , 137.14108 , 204.5501  , 103.159706],
      dtype=float32)}
Success rate:  0.36
{'success': array([False,  True, False, False, False, False,  True,  True, False,
       False,  True,  True, False, False, False, False,  True,  True,
       False,  True, False, False,  True,  True,  True, False, False,
       False, False, False, False, False, False, False,  True,  True,
       False,  True, False, False,  True,  True, False,  True, False,
       False,  True, False, False, False]), 'state_dist': array([ 83.79272 , 135.06364 , 422.21356 , 105.497215, 343.39047 ,
       142.79329 ,  63.255577, 192.89627 , 119.360664,  97.47994 ,
        61.824017,  86.02525 , 112.47959 , 230.34798 ,  48.57209 ,
       205.75856 , 111.831825, 111.61609 , 174.78271 , 100.33688 ,
       921.5012  ,  63.103603,  73.297035,  45.214203, 162.04518 ,
       228.413   , 188.74806 , 170.5135  , 168.45296 , 125.77399 ,
       175.5237  ,  79.26316 ,  43.14069 , 369.42545 ,  66.103165,
        59.41229 ,  93.47144 , 206.96468 , 109.32399 ,  34.6335  ,
        34.64565 ,  72.39265 ,  81.61991 ,  39.427643, 108.88249 ,
       128.55057 , 178.01299 , 136.32751 , 203.78188 , 104.17923 ],
      dtype=float32)}
Success rate:  0.34
{'success': array([False,  True, False, False, False, False,  True,  True, False,
       False,  True, False, False, False, False, False,  True,  True,
       False,  True, False, False,  True,  True,  True, False, False,
       False, False, False, False, False, False, False,  True,  True,
       False,  True, False, False,  True,  True, False,  True, False,
       False,  True, False, False, False]), 'state_dist': array([ 81.63903 , 141.10936 , 422.15137 , 111.65251 , 340.95038 ,
       141.15019 ,  64.40383 , 192.35324 , 123.52055 ,  97.807816,
        58.68583 ,  85.34116 , 113.18264 , 230.5507  ,  46.951546,
       197.43875 , 110.57773 , 113.28816 , 178.34677 , 101.295074,
       921.7136  ,  69.53431 ,  66.47255 ,  41.464184, 159.37048 ,
       236.68788 , 187.9367  , 162.38596 , 169.42831 , 125.67538 ,
       175.16373 ,  76.70444 ,  40.653797, 368.53616 ,  64.88373 ,
        63.117188,  97.54525 , 199.45193 , 109.774086,  31.609829,
        35.357193,  87.00405 ,  81.09186 ,  37.656223, 103.789276,
       128.3377  , 178.6937  , 138.4252  , 204.51239 , 103.2032  ],
      dtype=float32)}
MPC iter 3 Eval ------- 
Success rate:  0.4
{'success': array([False,  True, False, False, False, False,  True,  True, False,
       False,  True,  True, False, False,  True, False,  True,  True,
       False,  True, False, False,  True,  True,  True, False, False,
       False, False, False, False, False, False, False,  True,  True,
       False,  True, False, False,  True,  True, False,  True,  True,
       False,  True, False, False, False]), 'state_dist': array([ 81.86187 ,  43.239216, 422.14468 , 111.32797 , 340.96152 ,
       141.31078 , 139.65704 ,  92.46523 , 123.52205 ,  97.85059 ,
       137.92137 ,  62.603428, 113.59093 , 230.65143 ,  96.30431 ,
       197.38191 ,  70.81469 ,  85.94318 , 178.36836 ,  96.280304,
       920.1704  ,  69.51216 ,  63.34208 , 217.35431 , 344.65198 ,
       237.17473 , 188.02808 , 162.35732 , 169.08101 , 125.64638 ,
       175.19319 ,  76.52014 ,  40.953564, 368.87076 , 137.5744  ,
        46.732365,  97.5685  , 291.61444 , 109.33889 ,  31.659006,
         9.578253, 136.85725 ,  80.88804 , 198.00491 , 195.57776 ,
       127.933495,  94.73741 , 138.0629  , 204.90239 , 103.48765 ],
      dtype=float32)}
self.is_success:  [False  True False False False False  True  True False False  True  True
 False False  True False  True  True False  True False False  True  True
  True False False False False False False False False False  True  True
 False  True False False  True  True False  True  True False  True False
 False False]
Success rate:  0.34
{'success': array([False,  True, False, False, False, False,  True,  True, False,
       False,  True,  True, False, False, False, False,  True,  True,
       False,  True, False, False, False,  True,  True, False, False,
       False, False, False, False, False, False, False,  True,  True,
       False,  True, False, False,  True,  True, False, False,  True,
       False,  True, False, False, False]), 'state_dist': array([ 72.89957 ,  75.567345, 356.9725  ,  79.9093  , 219.55467 ,
       149.188   ,  39.290146, 124.85357 ,  74.51844 ,  97.42417 ,
        42.306267,  27.891413,  91.67165 , 166.03014 ,  52.489468,
        47.649765,  46.751625,  22.5735  ,  91.97232 ,  87.77271 ,
       927.4489  ,  36.16382 ,  61.53912 ,  41.016453, 127.036285,
       210.51497 , 173.89369 , 228.41197 , 140.54929 ,  67.6817  ,
       149.29234 , 105.105606,  48.368046, 350.8445  ,  89.48123 ,
        68.467514,  66.60019 , 166.76555 ,  83.88064 , 100.517975,
        35.052917,  54.793327,  95.09759 ,  93.51785 , 179.6948  ,
       123.15529 , 120.06069 , 102.04608 , 158.08217 , 156.3183  ],
      dtype=float32)}
Success rate:  0.32
{'success': array([False,  True, False, False, False, False,  True,  True, False,
       False,  True,  True, False, False, False, False,  True,  True,
       False,  True, False, False, False,  True,  True, False, False,
       False, False, False, False, False, False, False,  True,  True,
       False,  True, False, False,  True,  True, False, False, False,
       False,  True, False, False, False]), 'state_dist': array([ 78.307686,  77.083336, 371.76404 ,  90.0011  , 223.05554 ,
       161.36288 ,  42.86534 , 115.09358 ,  76.19389 , 127.46645 ,
        43.44914 ,  34.64215 ,  75.62887 , 162.4489  ,  40.831276,
        47.567753,  64.33551 ,  32.735138,  81.56702 ,  95.13055 ,
       939.25964 ,  28.13058 ,  74.50477 ,  31.27314 , 141.11441 ,
       218.35275 , 176.79219 , 247.96849 , 129.52734 ,  72.225815,
       158.65173 , 113.63362 ,  38.713154, 381.34076 ,  96.25141 ,
        59.825653,  64.063965, 161.69344 ,  83.95603 , 119.446396,
        29.476286,  50.490475,  93.12274 ,  96.830795, 169.80698 ,
       121.43341 , 134.0271  , 111.64321 , 164.27504 , 167.98123 ],
      dtype=float32)}
Success rate:  0.36
{'success': array([False,  True, False, False, False, False,  True,  True, False,
       False,  True,  True, False, False, False, False, False,  True,
       False,  True, False, False,  True,  True,  True, False, False,
       False, False, False, False, False, False, False,  True,  True,
       False,  True, False, False,  True,  True, False,  True,  True,
       False,  True, False, False, False]), 'state_dist': array([ 71.02323 ,  86.18329 , 373.59982 , 101.24598 , 204.53914 ,
       153.38184 ,  27.452606, 148.34789 ,  79.95549 , 119.90098 ,
        50.86418 ,  41.110878,  69.74197 , 135.17674 ,  36.366493,
        48.19743 ,  65.77643 ,  46.055088,  74.19053 ,  91.99605 ,
       960.9349  ,  37.431072,  81.54562 ,  65.59956 , 149.8406  ,
       200.77754 , 180.20912 , 248.79999 , 134.81895 ,  68.65695 ,
       157.78307 , 120.31291 ,  38.968807, 387.91293 , 100.5355  ,
        73.14527 ,  62.82199 , 171.26501 ,  79.516396, 132.15181 ,
        38.805954,  52.27709 ,  94.42564 ,  96.969406, 185.34235 ,
       125.03556 , 126.150734, 113.25509 , 179.82758 , 157.72363 ],
      dtype=float32)}
Success rate:  0.34
{'success': array([False,  True, False, False, False, False,  True,  True, False,
       False,  True,  True, False, False, False, False, False,  True,
       False,  True, False, False,  True,  True,  True, False, False,
       False, False, False, False, False, False, False,  True,  True,
       False,  True, False, False,  True,  True, False, False,  True,
       False,  True, False, False, False]), 'state_dist': array([ 76.426125, 101.49603 , 363.44516 ,  93.07323 , 221.88431 ,
       163.09055 ,  25.105434, 146.28958 ,  92.68027 , 134.07599 ,
        46.14643 ,  32.27917 ,  73.420166, 136.98196 ,  40.495476,
        48.292633,  65.08407 ,  50.75005 ,  75.3081  ,  94.1221  ,
       988.3369  ,  41.90009 ,  84.40493 ,  64.323   , 142.60721 ,
       191.56316 , 179.09917 , 255.44131 , 136.10826 ,  58.346798,
       150.1027  , 110.01921 ,  34.918755, 382.7805  ,  76.26874 ,
        65.67445 ,  63.363827, 157.88248 ,  78.91782 , 115.57725 ,
        52.04879 ,  42.269604,  96.73356 ,  93.66184 , 178.92831 ,
       128.12625 , 147.33244 , 115.76087 , 188.06502 , 151.12798 ],
      dtype=float32)}
Success rate:  0.34
{'success': array([False,  True, False, False, False, False,  True,  True, False,
       False,  True,  True, False, False, False, False,  True,  True,
       False,  True, False, False, False,  True,  True, False, False,
       False, False, False, False, False, False, False,  True,  True,
       False,  True, False, False,  True,  True, False, False,  True,
       False,  True, False, False, False]), 'state_dist': array([ 71.413826,  89.830635, 368.5254  ,  98.369286, 228.62953 ,
       152.91344 ,  19.37604 , 136.77022 , 100.41513 , 124.88646 ,
        36.94264 ,  55.162487,  73.70506 , 142.88002 ,  25.170038,
        56.14183 ,  67.67839 ,  40.460007,  70.4725  ,  76.64277 ,
       998.0439  ,  40.874184,  84.52585 ,  59.19618 , 165.326   ,
       194.61845 , 180.64157 , 262.51273 , 129.01213 ,  71.55137 ,
       134.97072 ,  98.78316 ,  27.86463 , 390.75766 ,  62.093975,
        74.99733 ,  65.27886 , 156.38362 ,  78.88815 , 116.94548 ,
        51.15202 ,  66.92287 ,  91.08417 , 100.97197 , 181.79172 ,
       124.88136 , 135.98198 , 108.37309 , 188.74629 , 155.0005  ],
      dtype=float32)}
Success rate:  0.32
{'success': array([False,  True, False, False, False, False,  True,  True, False,
       False,  True,  True, False, False, False, False, False,  True,
       False,  True, False, False,  True,  True,  True, False, False,
       False, False, False, False, False, False, False,  True, False,
       False,  True, False, False,  True,  True, False, False,  True,
       False,  True, False, False, False]), 'state_dist': array([ 76.37565 , 109.46165 , 390.57065 ,  95.939674, 229.49951 ,
       166.70317 ,   4.441276, 123.888985,  86.56421 , 124.34513 ,
        27.646759,  71.00623 ,  74.54637 , 152.94496 ,  29.686579,
        49.381466,  70.112114,  35.598854,  79.046715,  63.420074,
       989.8049  ,  39.62231 ,  61.225952,  72.5942  , 167.46848 ,
       199.28127 , 182.42966 , 270.4216  , 127.081245,  76.25388 ,
       129.80646 , 100.81274 ,  27.150991, 382.11203 ,  77.3031  ,
        73.931305,  82.519775, 157.46739 ,  85.23194 , 128.96902 ,
        52.149513,  72.188286,  96.26759 ,  98.78297 , 174.58942 ,
       127.278244, 143.44183 , 109.64541 , 195.18167 , 155.21371 ],
      dtype=float32)}
Success rate:  0.38
{'success': array([False,  True, False, False, False, False,  True,  True, False,
       False,  True,  True, False, False, False, False,  True,  True,
       False,  True, False, False,  True,  True,  True, False, False,
       False, False, False, False, False,  True, False,  True, False,
       False,  True, False, False,  True,  True, False,  True,  True,
       False,  True, False, False, False]), 'state_dist': array([  81.093315,  106.010956,  403.00793 ,   97.11276 ,  230.42715 ,
        165.99023 ,   12.550915,  113.232704,   89.856575,  125.25521 ,
         13.005959,   65.07192 ,   85.34582 ,  153.42226 ,   23.449503,
         43.60043 ,   81.10709 ,   39.307983,   70.07831 ,   59.697395,
       1010.3143  ,   32.017204,   66.450485,   50.895515,  182.53076 ,
        199.71251 ,  185.15611 ,  269.99988 ,  133.0622  ,   84.34666 ,
        126.04745 ,   86.534035,   25.228449,  380.95303 ,   72.944984,
         66.9845  ,   74.597755,  162.27263 ,   86.76595 ,  128.08772 ,
         58.64078 ,   70.04641 ,  109.33411 ,   85.14    ,  180.7907  ,
        134.30507 ,  120.12408 ,  112.12873 ,  200.06659 ,  154.95187 ],
      dtype=float32)}
Success rate:  0.38
{'success': array([False,  True, False, False, False, False,  True,  True, False,
       False,  True,  True, False, False, False, False,  True,  True,
       False,  True, False, False,  True,  True,  True, False, False,
       False, False, False, False, False,  True, False,  True, False,
       False,  True, False, False,  True,  True, False,  True,  True,
       False,  True, False, False, False]), 'state_dist': array([  85.545204,   74.60153 ,  415.05405 ,  102.79171 ,  231.67331 ,
        165.60158 ,   11.577051,  110.72547 ,   83.06739 ,  126.960464,
         26.627247,   76.82252 ,  112.63242 ,  149.32707 ,   27.081886,
         57.609077,   73.79594 ,   41.45803 ,   72.23458 ,   53.924225,
       1020.74536 ,   32.329998,   72.705894,   55.828068,  188.32635 ,
        200.6836  ,  180.66197 ,  273.81885 ,  137.09955 ,   93.104416,
        124.41274 ,   84.72741 ,   26.901766,  383.34976 ,   75.102165,
         71.223785,   86.78426 ,  167.27722 ,   86.88803 ,  119.48158 ,
         63.15035 ,   64.30903 ,  114.30206 ,  110.38354 ,  186.42445 ,
        141.5532  ,  135.24289 ,  114.962616,  216.63554 ,  159.52898 ],
      dtype=float32)}
Success rate:  0.36
{'success': array([False,  True, False, False, False, False,  True,  True, False,
       False,  True,  True, False, False, False, False,  True,  True,
       False,  True, False, False,  True,  True,  True, False, False,
       False, False, False, False, False,  True, False,  True, False,
       False,  True, False, False,  True,  True, False,  True,  True,
       False, False, False, False, False]), 'state_dist': array([  95.87317 ,   88.42349 ,  425.68286 ,  106.11224 ,  234.2702  ,
        168.31528 ,   13.350131,  125.9656  ,   74.86106 ,  133.43498 ,
         45.577106,   72.58929 ,  109.9361  ,  154.83023 ,   27.126804,
         73.57987 ,   70.02445 ,   28.197699,   76.78964 ,   57.530453,
       1021.7906  ,   31.76939 ,   75.13312 ,   48.580692,  190.87639 ,
        198.14743 ,  182.279   ,  271.19504 ,  148.1213  ,   92.85763 ,
        127.74014 ,   74.85622 ,   31.664082,  393.3127  ,   93.016754,
         71.23899 ,   91.16118 ,  162.38625 ,   97.11974 ,  118.95365 ,
         63.701355,   60.28172 ,   94.29763 ,  113.220695,  183.74023 ,
        139.92235 ,  154.92407 ,  116.66214 ,  216.7574  ,  161.92548 ],
      dtype=float32)}
Success rate:  0.36
{'success': array([False,  True, False, False, False, False,  True,  True, False,
       False,  True,  True, False, False, False, False,  True,  True,
       False,  True, False, False,  True,  True,  True, False, False,
       False, False, False, False, False,  True, False,  True, False,
       False,  True, False, False,  True,  True, False, False,  True,
       False,  True, False, False, False]), 'state_dist': array([ 104.754524,   70.55516 ,  411.31256 ,  113.03568 ,  241.86562 ,
        181.34962 ,   22.03262 ,  130.45999 ,   74.94536 ,  138.7651  ,
         42.855392,   76.06047 ,   98.206055,  166.8828  ,   30.70733 ,
         77.60275 ,   69.77689 ,   58.41024 ,   85.405464,   62.58037 ,
       1029.7787  ,   31.29639 ,   79.37337 ,   57.123825,  178.30067 ,
        192.55345 ,  181.72887 ,  271.11087 ,  154.53241 ,   96.828995,
        125.239845,   74.46354 ,   30.86115 ,  394.20093 ,   75.40182 ,
         77.39228 ,  101.28609 ,  153.79962 ,  105.4745  ,  119.79797 ,
         62.918976,   36.275963,   93.711914,  129.64265 ,  192.83527 ,
        148.73727 ,  175.56462 ,  116.98523 ,  221.58783 ,  161.40297 ],
      dtype=float32)}
Success rate:  0.38
{'success': array([False,  True, False, False, False, False,  True,  True, False,
       False,  True,  True, False, False, False, False,  True,  True,
       False,  True, False, False,  True,  True,  True, False, False,
       False, False, False, False, False,  True, False,  True, False,
       False,  True, False, False,  True,  True, False,  True,  True,
       False,  True, False, False, False]), 'state_dist': array([ 110.62849  ,   74.93118  ,  402.65204  ,  107.78076  ,
        243.71896  ,  197.40417  ,   15.7579155,  126.814224 ,
         78.162094 ,  133.5011   ,   38.11695  ,   77.62539  ,
         88.111206 ,  151.11847  ,   32.220592 ,   97.83155  ,
         66.71186  ,   42.982372 ,   80.194916 ,   62.83708  ,
       1036.5326   ,   36.48076  ,   85.174866 ,   63.253456 ,
        191.78006  ,  186.36467  ,  181.48198  ,  277.16095  ,
        152.72847  ,  103.45662  ,  124.00867  ,   67.749374 ,
         38.168247 ,  392.29913  ,  113.64767  ,   69.3039   ,
        107.48465  ,  157.67085  ,  107.091156 ,  123.590904 ,
         67.34898  ,   49.949158 ,  101.06215  ,  121.156586 ,
        192.7975   ,  144.49033  ,  191.55212  ,  114.93296  ,
        230.0743   ,  157.40425  ], dtype=float32)}
Success rate:  0.38
{'success': array([False,  True, False, False, False, False,  True,  True, False,
       False,  True,  True, False, False, False, False,  True,  True,
       False,  True, False, False,  True,  True,  True, False, False,
       False, False, False, False, False,  True, False,  True, False,
       False,  True, False, False,  True,  True, False,  True,  True,
       False,  True, False, False, False]), 'state_dist': array([ 117.15041 ,   87.2127  ,  404.15805 ,  106.394485,  244.66808 ,
        196.59637 ,   24.546635,  119.84025 ,   81.101685,  136.76082 ,
         59.687794,   91.5729  ,   89.943634,  161.27989 ,   40.813396,
         97.05901 ,   68.75423 ,   57.17106 ,   81.342766,   62.65644 ,
       1045.4703  ,   32.208862,   78.176834,   59.640896,  185.78857 ,
        184.17569 ,  186.4556  ,  278.87268 ,  157.38681 ,   98.64021 ,
        119.99752 ,   67.74938 ,   33.45332 ,  394.4662  ,  134.52827 ,
         64.78894 ,  114.51007 ,  151.12885 ,  102.346565,  113.653275,
         62.09909 ,   57.199863,  102.34981 ,  129.03458 ,  192.42085 ,
        139.07683 ,  198.25883 ,  111.27421 ,  233.16171 ,  159.83357 ],
      dtype=float32)}
Success rate:  0.36
{'success': array([False,  True, False, False, False, False,  True,  True, False,
       False,  True,  True, False, False, False, False,  True,  True,
       False,  True, False, False, False,  True,  True, False, False,
       False, False, False, False, False,  True, False,  True, False,
       False,  True, False, False,  True,  True, False,  True,  True,
       False,  True, False, False, False]), 'state_dist': array([ 124.9923  ,   85.11533 ,  411.22522 ,  105.60889 ,  247.55298 ,
        200.96396 ,   17.394728,  122.91288 ,   95.13547 ,  140.2923  ,
         58.19089 ,   83.07405 ,   96.08402 ,  173.75127 ,   44.421944,
         91.93785 ,   70.64572 ,   51.599243,   87.44037 ,   61.76865 ,
       1050.7655  ,   31.285526,   75.736115,   65.69351 ,  177.82806 ,
        181.80887 ,  194.45084 ,  278.52798 ,  163.80026 ,  103.7199  ,
        120.15233 ,   60.288475,   31.052942,  393.5533  ,  129.64406 ,
         64.85702 ,  110.03917 ,  155.62639 ,   95.0769  ,  121.705734,
         59.951595,   62.375854,  106.64638 ,  147.28337 ,  179.66948 ,
        140.58278 ,  193.13992 ,  123.03259 ,  237.58612 ,  162.2392  ],
      dtype=float32)}
Success rate:  0.38
{'success': array([False,  True, False, False, False, False,  True,  True, False,
       False,  True,  True, False, False, False, False,  True,  True,
       False,  True, False, False,  True,  True,  True, False, False,
       False, False, False, False, False,  True, False,  True, False,
       False,  True, False, False,  True,  True, False,  True,  True,
       False,  True, False, False, False]), 'state_dist': array([ 130.7246  ,   85.77783 ,  401.69855 ,  113.409546,  249.7051  ,
        202.68846 ,   23.90879 ,  138.67609 ,  103.98676 ,  133.96487 ,
         59.933006,   90.83459 ,   85.02537 ,  168.64627 ,   59.298347,
         97.58867 ,   69.68893 ,   54.20123 ,   83.258934,   66.38121 ,
       1058.5354  ,   33.171207,   76.47562 ,   57.820873,  164.4451  ,
        194.4747  ,  205.74619 ,  271.22748 ,  166.27565 ,  106.73341 ,
        123.06954 ,   64.458855,   40.67815 ,  396.59967 ,  134.36194 ,
         63.968338,  115.53465 ,  155.4186  ,   99.246414,  124.70927 ,
         61.834145,   67.32937 ,  113.25946 ,  156.81335 ,  177.22432 ,
        139.39014 ,  200.90825 ,  136.1009  ,  243.86111 ,  162.57687 ],
      dtype=float32)}
Success rate:  0.38
{'success': array([False,  True, False, False, False, False,  True,  True, False,
       False,  True,  True, False, False, False, False,  True,  True,
       False,  True, False, False,  True,  True,  True, False, False,
       False, False, False, False, False,  True, False,  True, False,
       False,  True, False, False,  True,  True, False,  True,  True,
       False,  True, False, False, False]), 'state_dist': array([ 146.56847 ,   78.953606,  424.61505 ,  108.06388 ,  257.41385 ,
        188.126   ,   31.256187,  155.09756 ,  102.910774,  127.23771 ,
         79.56942 ,   81.570526,   89.76956 ,  183.11981 ,   45.419415,
        104.975815,   74.46182 ,   94.09659 ,   83.46695 ,   71.95173 ,
       1060.6045  ,   25.949915,   79.12894 ,   61.961693,  163.7129  ,
        186.55046 ,  218.12128 ,  263.84302 ,  167.81404 ,  100.9198  ,
        131.93219 ,   63.712784,   45.98472 ,  401.70566 ,  142.04733 ,
         63.537975,  120.24948 ,  154.24033 ,   91.92087 ,  119.58036 ,
         64.46807 ,   66.476105,  128.85815 ,  158.37009 ,  178.25783 ,
        138.39456 ,  197.03287 ,  132.68744 ,  239.53755 ,  159.17662 ],
      dtype=float32)}
Success rate:  0.38
{'success': array([False,  True, False, False, False, False,  True,  True, False,
       False,  True,  True, False, False, False, False,  True,  True,
       False,  True, False, False,  True,  True,  True, False, False,
       False, False, False, False, False,  True, False,  True, False,
       False,  True, False, False,  True,  True, False,  True,  True,
       False,  True, False, False, False]), 'state_dist': array([ 131.16193 ,   76.3429  ,  417.10068 ,  108.89593 ,  251.52388 ,
        214.16296 ,   38.1277  ,  145.20866 ,   96.18931 ,  129.49377 ,
         76.190704,   63.955666,  101.59317 ,  178.19167 ,   45.26544 ,
        103.51522 ,   75.306984,   99.184135,   80.23211 ,   68.504265,
       1068.7716  ,   22.687246,   78.293976,   57.497025,  167.91217 ,
        185.76204 ,  214.16966 ,  260.9549  ,  171.86806 ,  110.46838 ,
        138.8198  ,   64.66515 ,   44.05965 ,  405.1881  ,  143.30342 ,
         66.39359 ,  128.9862  ,  151.07007 ,   87.73446 ,  120.63666 ,
         64.2962  ,   66.96335 ,  120.56668 ,  155.98434 ,  179.89178 ,
        144.08925 ,  206.3066  ,  137.89478 ,  244.59267 ,  156.00746 ],
      dtype=float32)}
Success rate:  0.38
{'success': array([False,  True, False, False, False, False,  True,  True, False,
       False,  True,  True, False, False, False, False,  True,  True,
       False,  True, False, False,  True,  True,  True, False, False,
       False, False, False, False, False,  True, False,  True, False,
       False,  True, False, False,  True,  True, False,  True,  True,
       False,  True, False, False, False]), 'state_dist': array([ 150.69698 ,   72.12818 ,  428.72086 ,  117.28561 ,  238.63708 ,
        197.65466 ,   46.999866,  152.79509 ,   99.848236,  126.6583  ,
        101.031685,   56.488777,  100.48116 ,  178.43164 ,   46.503304,
         99.85318 ,   73.09095 ,  108.36666 ,   81.81205 ,   65.1926  ,
       1085.1615  ,   22.569408,   72.80609 ,   68.59163 ,  182.0516  ,
        182.24202 ,  228.73184 ,  258.34146 ,  168.0147  ,  114.66613 ,
        140.66533 ,   68.91417 ,   46.670574,  405.49646 ,  132.36342 ,
         63.8729  ,  121.450325,  155.20866 ,   88.22357 ,  117.530334,
         63.98366 ,   65.13731 ,  124.94413 ,  163.2319  ,  176.572   ,
        141.73404 ,  214.10533 ,  143.3919  ,  243.10464 ,  156.31241 ],
      dtype=float32)}
Success rate:  0.38
{'success': array([False,  True, False, False, False, False,  True,  True, False,
       False,  True,  True, False, False, False, False,  True,  True,
       False,  True, False, False,  True,  True,  True, False, False,
       False, False, False, False, False,  True, False,  True, False,
       False,  True, False, False,  True,  True, False,  True,  True,
       False,  True, False, False, False]), 'state_dist': array([ 153.25189 ,   74.93398 ,  427.62534 ,  118.160805,  235.71239 ,
        187.33632 ,   52.53641 ,  155.9559  ,   94.681816,  137.1562  ,
        106.40593 ,   48.858322,   99.574   ,  185.10088 ,   48.68963 ,
         97.60019 ,   66.964874,  106.02201 ,   84.66014 ,   59.293694,
       1107.4999  ,   30.079338,   71.87128 ,   71.14161 ,  174.69148 ,
        183.79    ,  225.29732 ,  264.93716 ,  170.30484 ,  109.41454 ,
        141.21349 ,   74.89093 ,   44.469284,  407.40085 ,  129.66391 ,
         61.744465,  125.11438 ,  156.85982 ,   84.934326,  116.468704,
         59.030727,   61.53925 ,  114.9823  ,  172.3197  ,  171.37262 ,
        141.04341 ,  201.756   ,  139.18367 ,  244.39896 ,  149.37103 ],
      dtype=float32)}
Success rate:  0.38
{'success': array([False,  True, False, False, False, False,  True,  True, False,
       False,  True,  True, False, False, False, False,  True,  True,
       False,  True, False, False,  True,  True,  True, False, False,
       False, False, False, False, False,  True, False,  True, False,
       False,  True, False, False,  True,  True, False,  True,  True,
       False,  True, False, False, False]), 'state_dist': array([ 151.78401 ,   83.76444 ,  420.1659  ,  115.949234,  234.09293 ,
        185.8261  ,   52.90855 ,  156.83324 ,   93.91485 ,  146.1128  ,
        106.23544 ,   39.487854,   97.95912 ,  191.5413  ,   40.441162,
         89.66974 ,   65.10386 ,  123.425095,   84.32886 ,   59.001694,
       1118.8549  ,   31.61494 ,   74.26231 ,   69.82106 ,  177.49106 ,
        179.14978 ,  225.37514 ,  266.45377 ,  173.80212 ,  102.89015 ,
        135.57686 ,   69.12891 ,   55.384384,  405.73535 ,  136.04233 ,
         65.64067 ,  123.406906,  160.99654 ,   85.076355,  120.845024,
         57.055527,   56.167248,  107.22205 ,  164.34935 ,  175.91571 ,
        142.70964 ,  205.11853 ,  135.70311 ,  237.13316 ,  147.40094 ],
      dtype=float32)}
Success rate:  0.38
{'success': array([False,  True, False, False, False, False,  True,  True, False,
       False,  True,  True, False, False, False, False,  True,  True,
       False,  True, False, False,  True,  True,  True, False, False,
       False, False, False, False, False,  True, False,  True, False,
       False,  True, False, False,  True,  True, False,  True,  True,
       False,  True, False, False, False]), 'state_dist': array([ 153.71602 ,   86.87623 ,  438.38406 ,  126.07454 ,  229.61667 ,
        177.93025 ,   58.631428,  140.01059 ,   99.19093 ,  148.96223 ,
        105.44832 ,   43.503296,   99.40346 ,  190.99535 ,   31.105234,
         86.85639 ,   65.666985,  110.20641 ,   87.04053 ,   59.88729 ,
       1133.7625  ,   31.653536,   73.86075 ,   69.889755,  179.52925 ,
        177.15851 ,  229.4287  ,  269.9978  ,  176.17906 ,  109.07419 ,
        131.55908 ,   62.6431  ,   56.84529 ,  405.10638 ,  146.60843 ,
         66.43623 ,  127.772896,  164.67052 ,   84.75449 ,  116.23885 ,
         56.634182,   45.815475,  109.63036 ,  165.65916 ,  174.43243 ,
        140.04909 ,  210.1608  ,  138.13448 ,  241.15468 ,  149.33641 ],
      dtype=float32)}
Success rate:  0.38
{'success': array([False,  True, False, False, False, False,  True,  True, False,
       False,  True,  True, False, False, False, False,  True,  True,
       False,  True, False, False,  True,  True,  True, False, False,
       False, False, False, False, False,  True, False,  True, False,
       False,  True, False, False,  True,  True, False,  True,  True,
       False,  True, False, False, False]), 'state_dist': array([ 155.4779  ,  101.360725,  457.48343 ,  117.03572 ,  228.32907 ,
        173.96466 ,   61.161743,  137.96294 ,   99.60297 ,  148.56241 ,
        100.19831 ,   45.43261 ,   99.09309 ,  180.65265 ,   31.295092,
         81.67644 ,   62.845448,  127.4387  ,   84.33419 ,   56.646477,
       1149.9812  ,   32.594376,   73.705505,   68.2892  ,  185.44597 ,
        171.79167 ,  218.58539 ,  271.622   ,  174.4413  ,  106.072136,
        135.66347 ,   60.16567 ,   62.330215,  406.7311  ,  133.90741 ,
         64.6526  ,  129.35347 ,  160.43745 ,   86.89743 ,  117.48617 ,
         56.818142,   43.719612,  111.15966 ,  164.45758 ,  177.8269  ,
        141.42233 ,  211.70772 ,  138.56277 ,  237.7832  ,  151.74637 ],
      dtype=float32)}
Success rate:  0.38
{'success': array([False,  True, False, False, False, False,  True,  True, False,
       False,  True,  True, False, False, False, False,  True,  True,
       False,  True, False, False,  True,  True,  True, False, False,
       False, False, False, False, False,  True, False,  True, False,
       False,  True, False, False,  True,  True, False,  True,  True,
       False,  True, False, False, False]), 'state_dist': array([ 156.76991 ,   83.94794 ,  458.24817 ,  116.75835 ,  237.3992  ,
        175.62117 ,   52.817757,  130.7052  ,  106.03248 ,  148.85782 ,
        101.36538 ,   48.568737,   95.28939 ,  181.87807 ,   31.696833,
         82.19214 ,   65.2025  ,  141.00201 ,   88.05537 ,   60.0783  ,
       1155.026   ,   36.710938,   71.74522 ,   69.63789 ,  194.53502 ,
        171.28705 ,  228.47739 ,  273.06238 ,  170.15688 ,  105.276855,
        138.60628 ,   56.914303,   65.716934,  404.73532 ,  130.76656 ,
         66.3853  ,  120.353546,  165.13097 ,   89.03212 ,  116.90271 ,
         59.71178 ,   42.755013,  100.23825 ,  162.42017 ,  177.756   ,
        143.96353 ,  213.16447 ,  139.56291 ,  234.37372 ,  150.93217 ],
      dtype=float32)}
Success rate:  0.36
{'success': array([False,  True, False, False, False, False,  True,  True, False,
       False,  True,  True, False, False, False, False,  True,  True,
       False,  True, False, False,  True,  True,  True, False, False,
       False, False, False, False, False,  True, False,  True, False,
       False,  True, False, False,  True,  True, False, False,  True,
       False,  True, False, False, False]), 'state_dist': array([ 154.69298 ,   82.57579 ,  436.52386 ,  113.89734 ,  235.13026 ,
        174.52731 ,   62.46118 ,  128.7623  ,  101.25173 ,  146.1313  ,
         94.170586,   47.252796,   95.793076,  184.94969 ,   28.652857,
         92.834496,   66.24004 ,  149.69054 ,   89.32567 ,   59.291008,
       1158.5925  ,   37.92333 ,   72.89721 ,   68.44853 ,  192.62146 ,
        171.77563 ,  228.82065 ,  274.41776 ,  175.43962 ,  110.24788 ,
        137.9683  ,   59.019146,   65.79843 ,  403.15695 ,  129.83833 ,
         65.47537 ,  116.60233 ,  175.68999 ,   90.97931 ,  117.54054 ,
         62.23322 ,   35.885956,  105.8378  ,  163.57635 ,  183.97357 ,
        144.58202 ,  220.92603 ,  139.90445 ,  235.49022 ,  149.14589 ],
      dtype=float32)}
Success rate:  0.36
{'success': array([False,  True, False, False, False, False,  True,  True, False,
       False,  True,  True, False, False, False, False,  True,  True,
       False,  True, False, False,  True,  True,  True, False, False,
       False, False, False, False, False,  True, False,  True, False,
       False,  True, False, False,  True,  True, False, False,  True,
       False,  True, False, False, False]), 'state_dist': array([ 153.33005 ,   83.025345,  428.12244 ,  116.99592 ,  228.33325 ,
        172.40703 ,   67.47897 ,  128.99165 ,   94.843994,  149.9711  ,
         93.302895,   46.672745,   90.470024,  183.82898 ,   26.427998,
         86.92471 ,   64.91096 ,  162.39969 ,   87.05565 ,   63.271248,
       1164.8259  ,   37.785572,   76.382515,   73.17625 ,  196.46948 ,
        168.83035 ,  245.08739 ,  273.92868 ,  180.66988 ,  110.317955,
        139.1702  ,   65.04232 ,   68.453804,  406.0354  ,  133.18997 ,
         67.505325,  106.54842 ,  178.7147  ,   90.00084 ,  117.41453 ,
         62.422306,   33.425804,   99.75442 ,  173.01662 ,  182.59845 ,
        141.4552  ,  217.28734 ,  142.06721 ,  237.26077 ,  148.91176 ],
      dtype=float32)}
Success rate:  0.36
{'success': array([False,  True, False, False, False, False,  True,  True, False,
       False,  True,  True, False, False, False, False,  True,  True,
       False,  True, False, False,  True,  True,  True, False, False,
       False, False, False, False, False,  True, False,  True, False,
       False,  True, False, False,  True,  True, False, False,  True,
       False,  True, False, False, False]), 'state_dist': array([ 134.28336 ,   91.29031 ,  421.4224  ,  119.98984 ,  223.51265 ,
        170.82841 ,   68.28192 ,  134.09558 ,   93.45431 ,  150.79417 ,
         92.20589 ,   45.49868 ,   92.62411 ,  184.94836 ,   25.294743,
         87.33456 ,   61.65633 ,  174.50711 ,   85.78904 ,   64.66219 ,
       1167.7411  ,   34.614807,   76.193504,   74.67151 ,  190.64034 ,
        167.62537 ,  239.71486 ,  270.28992 ,  180.23894 ,  106.25067 ,
        138.95222 ,   69.242355,   73.41749 ,  405.62347 ,  139.40976 ,
         67.459625,  107.42168 ,  176.2081  ,   87.739525,  118.19732 ,
         64.50377 ,   35.874756,  104.8538  ,  173.9964  ,  186.48007 ,
        142.41447 ,  215.9723  ,  142.12073 ,  240.961   ,  148.47815 ],
      dtype=float32)}
Success rate:  0.34
{'success': array([False,  True, False, False, False, False,  True,  True, False,
       False,  True,  True, False, False, False, False,  True,  True,
       False,  True, False, False,  True,  True,  True, False, False,
       False, False, False, False, False,  True, False,  True, False,
       False,  True, False, False, False,  True, False, False,  True,
       False,  True, False, False, False]), 'state_dist': array([ 133.57933 ,   99.39575 ,  428.08917 ,  113.87903 ,  232.25453 ,
        158.14702 ,   63.212627,  135.60191 ,   98.07909 ,  149.91165 ,
         91.99337 ,   53.933067,   92.20839 ,  186.00626 ,   25.507421,
         90.85969 ,   57.59307 ,  163.23161 ,   75.67724 ,   67.2059  ,
       1167.6896  ,   33.622246,   79.179214,   73.27687 ,  194.00401 ,
        163.52933 ,  236.96246 ,  269.84714 ,  171.046   ,  107.08083 ,
        137.4976  ,   61.82096 ,   72.010216,  405.81644 ,  140.60556 ,
         69.24484 ,  110.658226,  175.46289 ,   87.659706,  117.227486,
         65.3294  ,   36.993504,  102.313995,  169.36095 ,  187.01363 ,
        147.22989 ,  218.15196 ,  137.17853 ,  238.26314 ,  144.69846 ],
      dtype=float32)}
Success rate:  0.34
{'success': array([False,  True, False, False, False, False,  True,  True, False,
       False,  True,  True, False, False, False, False,  True,  True,
       False,  True, False, False,  True,  True,  True, False, False,
       False, False, False, False, False,  True, False,  True, False,
       False,  True, False, False, False,  True, False, False,  True,
       False,  True, False, False, False]), 'state_dist': array([ 137.19194 ,  105.1265  ,  428.79172 ,  113.90911 ,  233.01054 ,
        168.30574 ,   68.32474 ,  137.0993  ,   97.259636,  146.82553 ,
        101.95549 ,   56.060772,   93.530365,  188.80125 ,   24.259281,
         90.78323 ,   55.659817,  149.936   ,   78.308495,   68.83455 ,
       1174.6986  ,   33.511467,   83.06429 ,   72.15087 ,  197.89606 ,
        161.93213 ,  240.36272 ,  270.1362  ,  174.7781  ,  107.60483 ,
        137.12453 ,   58.25714 ,   81.5707  ,  404.92004 ,  138.09737 ,
         69.948204,  109.469475,  173.09904 ,   87.38458 ,  118.08142 ,
         64.24809 ,   36.777092,   99.59678 ,  172.30975 ,  192.93008 ,
        153.17743 ,  224.63707 ,  138.9384  ,  235.81058 ,  147.13965 ],
      dtype=float32)}
Success rate:  0.34
{'success': array([False,  True, False, False, False, False,  True,  True, False,
       False,  True,  True, False, False, False, False,  True,  True,
       False,  True, False, False,  True,  True,  True, False, False,
       False, False, False, False, False,  True, False,  True, False,
       False,  True, False, False, False,  True, False, False,  True,
       False,  True, False, False, False]), 'state_dist': array([ 138.49461 ,   99.92063 ,  425.59808 ,  115.29517 ,  232.60854 ,
        159.84337 ,   76.85438 ,  136.67693 ,   96.62526 ,  147.16452 ,
        106.32409 ,   62.02866 ,   95.67932 ,  187.19554 ,   24.02833 ,
         93.529594,   53.392403,  164.7874  ,   79.60913 ,   66.90037 ,
       1178.5308  ,   34.73755 ,   83.844215,   69.2414  ,  199.73286 ,
        161.88481 ,  240.44873 ,  270.97964 ,  174.26971 ,  102.14424 ,
        137.22513 ,   57.79046 ,   80.1017  ,  406.23947 ,  140.00734 ,
         70.630516,  105.49148 ,  178.0079  ,   88.42907 ,  118.50758 ,
         63.071335,   37.699196,  101.51486 ,  167.55646 ,  196.21626 ,
        149.07452 ,  228.30331 ,  140.3684  ,  236.24118 ,  148.39572 ],
      dtype=float32)}
Success rate:  0.34
{'success': array([False,  True, False, False, False, False,  True,  True, False,
       False,  True,  True, False, False, False, False,  True,  True,
       False,  True, False, False,  True,  True,  True, False, False,
       False, False, False, False, False,  True, False,  True, False,
       False,  True, False, False, False,  True, False, False,  True,
       False,  True, False, False, False]), 'state_dist': array([ 136.93637 ,  112.074455,  432.41824 ,  114.58627 ,  228.05064 ,
        165.48492 ,   79.64984 ,  126.24778 ,   99.082054,  146.3403  ,
        108.16475 ,   61.76382 ,   91.15866 ,  185.91714 ,   26.126835,
         91.77198 ,   57.124252,  162.01314 ,   81.59839 ,   59.630127,
       1179.0594  ,   30.557842,   85.17781 ,   70.18115 ,  198.84073 ,
        160.5058  ,  241.80153 ,  268.30515 ,  170.47496 ,  104.92713 ,
        136.75179 ,   58.851326,   84.09801 ,  405.15298 ,  135.26309 ,
         71.35849 ,  106.07794 ,  177.67299 ,   88.67485 ,  121.51759 ,
         65.112885,   35.957897,  102.03938 ,  167.31065 ,  196.60454 ,
        147.72365 ,  221.5432  ,  142.55656 ,  235.91035 ,  150.33568 ],
      dtype=float32)}
Success rate:  0.34
{'success': array([False,  True, False, False, False, False,  True,  True, False,
       False,  True,  True, False, False, False, False,  True,  True,
       False,  True, False, False,  True,  True,  True, False, False,
       False, False, False, False, False,  True, False,  True, False,
       False,  True, False, False, False,  True, False, False,  True,
       False,  True, False, False, False]), 'state_dist': array([ 137.00401 ,  102.16444 ,  434.4361  ,  113.34882 ,  231.11447 ,
        168.822   ,   83.69451 ,  141.98296 ,   97.27063 ,  143.60373 ,
        109.42014 ,   66.72247 ,   87.25268 ,  184.53192 ,   26.35397 ,
         89.151695,   58.97576 ,  162.91992 ,   85.64016 ,   58.16961 ,
       1180.6154  ,   30.158566,   86.018936,   65.95039 ,  193.74718 ,
        159.35158 ,  240.71628 ,  267.07025 ,  175.35342 ,  105.21777 ,
        137.37086 ,   59.253456,   83.56109 ,  403.87265 ,  134.75107 ,
         69.32338 ,  111.335175,  178.18633 ,   88.72272 ,  119.814026,
         65.311455,   35.43612 ,  100.69709 ,  169.94084 ,  196.221   ,
        154.84778 ,  220.05186 ,  138.25659 ,  234.37845 ,  149.6869  ],
      dtype=float32)}
MPC iter 4 Eval ------- 
Success rate:  0.42
{'success': array([False,  True, False, False, False, False,  True,  True, False,
       False,  True,  True, False, False,  True, False,  True,  True,
       False,  True, False, False,  True,  True,  True, False, False,
       False, False, False, False, False,  True, False,  True,  True,
       False,  True, False, False,  True,  True, False,  True,  True,
       False,  True, False, False, False]), 'state_dist': array([ 133.29991 ,   43.239216,  434.34012 ,  113.237   ,  230.99184 ,
        168.84236 ,  139.65704 ,   92.46523 ,   97.096596,  143.55519 ,
        137.92137 ,   62.603428,   87.4778  ,  184.20601 ,   96.30431 ,
         89.24939 ,   70.81469 ,   85.94318 ,   85.77748 ,   96.280304,
       1179.2524  ,   30.189453,   63.34208 ,  217.35431 ,  344.65198 ,
        160.23341 ,  240.60551 ,  267.05173 ,  175.30165 ,  105.172386,
        137.38264 ,   58.913105,   83.53995 ,  404.689   ,  137.5744  ,
         46.732365,  111.30756 ,  291.61444 ,   88.288666,  119.71747 ,
          9.578253,  136.85725 ,  100.797516,  198.00491 ,  195.57776 ,
        154.8218  ,   94.73741 ,  138.20338 ,  234.42442 ,  149.44736 ],
      dtype=float32)}
self.is_success:  [False  True False False False False  True  True False False  True  True
 False False  True False  True  True False  True False False  True  True
  True False False False False False False False  True False  True  True
 False  True False False  True  True False  True  True False  True False
 False False]
Success rate:  0.34
{'success': array([False,  True, False, False, False, False,  True,  True, False,
       False,  True, False, False, False, False, False,  True,  True,
       False,  True, False, False,  True,  True,  True, False, False,
       False, False, False, False, False, False, False,  True,  True,
       False,  True, False, False,  True,  True, False, False,  True,
       False,  True, False, False, False]), 'state_dist': array([ 132.52367 ,   53.80053 ,  333.43777 ,   72.6967  ,  178.32733 ,
        156.9294  ,   22.172943,  115.99478 ,   73.871864,  106.997734,
         47.811813,   32.76979 ,  102.46623 ,  148.55495 ,   29.807121,
         50.86084 ,   38.1339  ,   45.89975 ,  115.381996,   63.79844 ,
       1130.99    ,   25.71847 ,   61.832123,   36.07579 ,  170.81451 ,
        227.5427  ,  171.2075  ,  214.85588 ,  108.76348 ,   78.74394 ,
        159.57996 ,  103.89382 ,   66.4848  ,  436.2976  ,  101.0679  ,
         66.05709 ,   62.583717,  182.37987 ,   65.049904,  117.1482  ,
         20.574728,   54.922523,   89.43335 ,   94.98455 ,  160.19559 ,
        120.48002 ,  111.66532 ,  144.01237 ,  152.22742 ,  144.90842 ],
      dtype=float32)}
Success rate:  0.28
{'success': array([False,  True, False, False, False, False,  True,  True, False,
       False,  True, False, False, False, False, False, False,  True,
       False,  True, False, False, False,  True,  True, False, False,
       False, False, False, False, False, False, False,  True,  True,
       False,  True, False, False,  True,  True, False, False, False,
       False,  True, False, False, False]), 'state_dist': array([ 162.74144 ,   49.350086,  313.8552  ,   73.767006,  176.79745 ,
        134.00584 ,   27.307804,  106.08747 ,   74.12266 ,  107.81665 ,
         58.852585,   43.3377  ,  102.60675 ,  155.38335 ,   26.227224,
         70.804794,   44.553207,   49.089375,  124.91703 ,   66.98525 ,
       1158.2094  ,   32.19783 ,   66.71326 ,   53.289574,  168.6285  ,
        242.86794 ,  172.09042 ,  216.88393 ,   88.48446 ,   72.78393 ,
        141.17546 ,  112.02973 ,   83.80482 ,  464.95728 ,   95.12597 ,
         80.5065  ,   62.92811 ,  199.9027  ,   63.022804,  113.972755,
         27.449814,   55.81789 ,   91.29019 ,   83.7649  ,  148.73607 ,
        122.652   ,  111.03279 ,  144.2587  ,  164.17181 ,  150.63843 ],
      dtype=float32)}
Success rate:  0.3
{'success': array([False,  True, False, False, False, False,  True,  True, False,
       False,  True, False, False, False, False, False,  True,  True,
       False,  True, False, False, False,  True,  True, False, False,
       False, False, False, False, False, False, False,  True,  True,
       False,  True, False, False,  True,  True, False, False, False,
       False,  True, False, False, False]), 'state_dist': array([ 176.20287 ,   43.282433,  311.76746 ,   69.25869 ,  164.05388 ,
        139.47708 ,   49.68788 ,  127.55562 ,   61.372383,  112.97903 ,
         56.887867,   75.275375,  102.50999 ,  152.58362 ,   35.594593,
         63.157715,   46.28386 ,   57.997997,  115.84091 ,   70.64956 ,
       1185.9012  ,   33.05146 ,   53.794617,   36.409546,  157.64952 ,
        243.45589 ,  173.10048 ,  235.68108 ,   96.116234,   65.33693 ,
        143.54099 ,  109.702576,   77.61905 ,  481.49954 ,  121.58584 ,
         70.035065,   63.919876,  202.15605 ,   66.43376 ,  121.875984,
         25.68904 ,   59.24041 ,   88.53448 ,   85.46181 ,  152.38269 ,
        125.53753 ,  112.70615 ,  147.23735 ,  161.47508 ,  149.93439 ],
      dtype=float32)}
Success rate:  0.34
{'success': array([False,  True, False, False, False, False,  True,  True, False,
       False,  True, False, False, False, False, False,  True,  True,
       False,  True, False, False, False,  True,  True, False, False,
       False, False, False, False, False, False, False,  True,  True,
       False,  True, False, False,  True,  True, False,  True,  True,
       False,  True, False, False, False]), 'state_dist': array([ 179.95525 ,   40.082104,  313.69846 ,   72.98208 ,  153.08838 ,
        130.61803 ,   73.92649 ,  165.42816 ,   68.02595 ,  103.348   ,
         58.18732 ,   84.91744 ,   93.04197 ,  164.15608 ,   37.754307,
         73.60026 ,   33.679104,   57.139793,  119.59168 ,   75.004715,
       1193.9406  ,   51.608494,   47.78229 ,   40.681183,  145.02977 ,
        231.69708 ,  173.11653 ,  242.32217 ,  109.7239  ,   76.27339 ,
        148.13583 ,  100.77227 ,   94.24297 ,  479.05673 ,  137.3525  ,
         68.93668 ,   63.788925,  205.00253 ,   71.94807 ,  137.97517 ,
         15.396729,   50.78178 ,   92.18197 ,   76.90888 ,  149.14915 ,
        126.269424,  103.5477  ,  143.59706 ,  165.04892 ,  144.5711  ],
      dtype=float32)}
Success rate:  0.38
{'success': array([False,  True, False, False, False, False,  True,  True, False,
       False,  True,  True, False, False, False, False,  True,  True,
       False,  True, False, False,  True,  True,  True, False, False,
       False, False, False, False, False, False, False,  True,  True,
       False,  True, False, False,  True,  True, False,  True,  True,
       False,  True, False, False, False]), 'state_dist': array([ 191.08618 ,   26.953693,  344.1784  ,   72.6593  ,  162.36504 ,
        135.19464 ,   63.960503,  163.77861 ,   62.8603  ,  104.52579 ,
         60.29748 ,   91.48463 ,   92.53546 ,  171.72487 ,   66.71891 ,
         82.86649 ,   40.237946,   47.574238,  131.28403 ,   83.96558 ,
       1204.7428  ,   47.4394  ,   33.49398 ,   59.85782 ,  164.84673 ,
        227.11679 ,  173.92258 ,  249.19925 ,  131.00754 ,   68.54092 ,
        144.80077 ,  104.26285 ,   86.8522  ,  481.84576 ,  128.0043  ,
         54.183193,   66.90053 ,  206.6396  ,   77.48029 ,  132.24982 ,
         18.420181,   47.24234 ,   96.343414,   65.87792 ,  162.81659 ,
        125.99309 ,  122.842705,  144.23619 ,  175.08772 ,  140.02263 ],
      dtype=float32)}
Success rate:  0.34
{'success': array([False,  True, False, False, False, False,  True,  True, False,
       False,  True, False, False, False, False, False,  True,  True,
       False,  True, False, False, False,  True,  True, False, False,
       False, False, False, False, False, False, False,  True,  True,
       False,  True, False, False,  True,  True, False,  True,  True,
       False,  True, False, False, False]), 'state_dist': array([ 183.68155 ,   14.118859,  349.30206 ,   84.032555,  161.12953 ,
        142.09312 ,   59.68792 ,  159.8141  ,   71.830025,  124.60798 ,
         51.32654 ,  100.860344,   89.43501 ,  161.58153 ,   55.441452,
         75.953316,   43.771595,   46.81346 ,  129.46143 ,   61.364468,
       1208.5056  ,   35.486393,   37.058743,   59.572987,  181.55803 ,
        221.0064  ,  172.48524 ,  254.99251 ,  137.34639 ,   67.070496,
        142.97006 ,   95.87362 ,   90.025246,  481.5175  ,  130.88623 ,
         61.342464,   68.38606 ,  210.62978 ,   77.679016,  107.21808 ,
         17.713768,   41.551056,   93.30623 ,   66.411026,  167.92326 ,
        131.3724  ,  126.0539  ,  143.3398  ,  175.72888 ,  130.40631 ],
      dtype=float32)}
Success rate:  0.3
{'success': array([False,  True, False, False, False, False,  True,  True, False,
       False,  True, False, False, False, False, False,  True,  True,
       False,  True, False, False, False,  True,  True, False, False,
       False, False, False, False, False, False, False, False,  True,
       False,  True, False, False,  True,  True, False, False,  True,
       False,  True, False, False, False]), 'state_dist': array([ 187.6427  ,   24.434973,  345.52792 ,   92.46424 ,  176.0096  ,
        143.68355 ,   56.435413,  138.9323  ,  109.08785 ,  140.53256 ,
         44.292423,  110.537476,   86.95333 ,  151.37779 ,   43.347435,
         78.43501 ,   50.131645,   50.391663,  120.74604 ,   37.1967  ,
       1219.2438  ,   36.45957 ,   41.49608 ,   59.489635,  156.86983 ,
        218.37741 ,  175.00124 ,  251.04053 ,  138.03244 ,   63.491806,
        144.94951 ,   91.63595 ,   90.07502 ,  482.60092 ,  134.36852 ,
         61.125732,   75.32549 ,  196.17325 ,   72.06836 ,  111.840416,
         19.801329,   45.92015 ,   93.406006,   78.3141  ,  170.76384 ,
        140.5929  ,  121.276794,  141.65207 ,  182.2249  ,  124.2572  ],
      dtype=float32)}
Success rate:  0.38
{'success': array([False,  True, False, False, False, False,  True,  True, False,
       False,  True,  True, False, False, False, False,  True,  True,
       False,  True, False, False,  True,  True,  True, False, False,
       False, False, False, False, False, False, False,  True,  True,
       False,  True, False, False,  True,  True, False,  True,  True,
       False,  True, False, False, False]), 'state_dist': array([ 184.02321 ,   33.92957 ,  350.78442 ,   90.22677 ,  161.81053 ,
        149.733   ,   51.995014,  117.89364 ,  107.527306,  138.95517 ,
         49.645306,  109.209045,   70.80235 ,  154.85054 ,   33.029423,
         77.74202 ,   55.83361 ,   57.337395,  120.224144,   25.790808,
       1221.8251  ,   44.022667,   37.858948,   63.5828  ,  151.25467 ,
        212.648   ,  178.31178 ,  256.2242  ,  139.64647 ,   75.21162 ,
        143.3612  ,   93.18261 ,   94.96786 ,  484.37674 ,  144.95003 ,
         56.48538 ,   76.61227 ,  201.90216 ,   75.80846 ,  112.756805,
         36.919838,   49.726604,   95.27412 ,   84.88482 ,  171.09793 ,
        142.43532 ,  129.37363 ,  140.56128 ,  196.38208 ,  130.78505 ],
      dtype=float32)}
Success rate:  0.36
{'success': array([False,  True, False, False, False, False,  True,  True, False,
       False,  True,  True, False, False, False, False,  True,  True,
       False,  True, False, False, False,  True,  True, False, False,
       False, False, False, False, False, False, False,  True,  True,
       False,  True, False, False,  True,  True, False,  True,  True,
       False,  True, False, False, False]), 'state_dist': array([ 187.68265 ,   30.838167,  363.61096 ,   73.82998 ,  176.40643 ,
        159.48392 ,   40.43709 ,  106.71528 ,  131.24644 ,  154.26894 ,
         38.509678,  101.46174 ,   72.09831 ,  166.7029  ,   38.17086 ,
         74.73486 ,   48.923855,   56.04286 ,  118.60831 ,   27.032433,
       1223.8597  ,   41.16221 ,   39.455063,   52.856316,  152.58391 ,
        206.29724 ,  180.64886 ,  248.80055 ,  134.68262 ,   70.92382 ,
        138.59937 ,   89.87027 ,   92.686745,  489.25092 ,  138.04897 ,
         59.968506,   81.252655,  187.38623 ,   90.070984,  101.64519 ,
         35.131523,   63.36056 ,   91.53716 ,   89.00559 ,  171.907   ,
        138.4657  ,  166.0611  ,  144.5779  ,  199.59012 ,  126.00593 ],
      dtype=float32)}
Success rate:  0.38
{'success': array([False,  True, False, False, False, False,  True,  True, False,
       False,  True,  True, False, False, False, False,  True,  True,
       False,  True, False, False,  True,  True,  True, False, False,
       False, False, False, False, False, False, False,  True,  True,
       False,  True, False, False,  True,  True, False,  True,  True,
       False,  True, False, False, False]), 'state_dist': array([ 190.58824 ,   31.063368,  366.61395 ,   74.59676 ,  169.7763  ,
        160.1813  ,   38.9743  ,  105.419754,  125.820435,  150.29979 ,
         34.5441  ,  107.9249  ,   72.020836,  168.73422 ,   35.393364,
         76.41292 ,   45.08557 ,   61.747303,  125.87501 ,   42.971893,
       1227.0831  ,   46.059967,   50.29924 ,   57.027016,  161.72491 ,
        191.80461 ,  178.54306 ,  247.82509 ,  137.92073 ,   72.307594,
        135.91808 ,   95.71601 ,   98.843895,  487.60342 ,  144.92041 ,
         59.041313,   83.29932 ,  209.68536 ,   94.191635,   99.65449 ,
         28.394073,   28.845062,   97.43932 ,   90.616295,  166.98232 ,
        139.54803 ,  166.04677 ,  142.88522 ,  199.07074 ,  120.58562 ],
      dtype=float32)}
Success rate:  0.38
{'success': array([False,  True, False, False, False, False,  True,  True, False,
       False,  True,  True, False, False, False, False,  True,  True,
       False,  True, False, False,  True,  True,  True, False, False,
       False, False, False, False, False, False, False,  True,  True,
       False,  True, False, False,  True,  True, False,  True,  True,
       False,  True, False, False, False]), 'state_dist': array([ 184.45302 ,   24.855911,  348.17398 ,   95.57777 ,  179.8224  ,
        159.12383 ,   30.242188,   98.69233 ,  123.497894,  151.73769 ,
         39.855465,  116.98144 ,   85.327385,  179.84692 ,   25.284752,
         83.56131 ,   44.520855,   62.731243,  136.00804 ,   41.242138,
       1230.197   ,   52.144413,   42.557587,   80.512505,  160.63268 ,
        180.86775 ,  176.85846 ,  245.09119 ,  151.80339 ,   68.560234,
        130.25725 ,   92.17236 ,  105.44827 ,  487.43472 ,  144.90396 ,
         54.975243,   91.295235,  229.6469  ,   91.118034,   93.25959 ,
         25.377136,   38.525917,  102.16157 ,   95.1621  ,  175.6833  ,
        131.69696 ,  168.59964 ,  144.19865 ,  194.65681 ,  120.18748 ],
      dtype=float32)}
Success rate:  0.32
{'success': array([False,  True, False, False, False, False,  True,  True, False,
       False, False,  True, False, False, False, False,  True,  True,
       False,  True, False, False, False, False,  True, False, False,
       False, False, False, False, False, False, False,  True,  True,
       False,  True, False, False,  True,  True, False,  True,  True,
       False,  True, False, False, False]), 'state_dist': array([ 181.45955 ,   25.675413,  347.70248 ,  100.0234  ,  183.76862 ,
        155.6397  ,   31.580132,   98.89616 ,  128.99286 ,  162.36798 ,
         38.892105,  129.3608  ,   86.47487 ,  184.1391  ,   33.51254 ,
         89.48346 ,   42.7171  ,   61.475655,  140.67209 ,   38.691635,
       1235.4263  ,   48.75177 ,   47.56827 ,  106.02415 ,  159.04979 ,
        175.25455 ,  174.48534 ,  247.30814 ,  168.2279  ,   66.12496 ,
        139.6108  ,   91.064865,   96.143   ,  483.8717  ,  145.018   ,
         57.10972 ,  112.86437 ,  224.02863 ,   86.426735,   93.777245,
         28.93185 ,   41.08586 ,  104.43105 ,   93.708206,  180.1418  ,
        138.46669 ,  180.88477 ,  142.15508 ,  198.65114 ,  120.98858 ],
      dtype=float32)}
Success rate:  0.32
{'success': array([False,  True, False, False, False, False,  True,  True, False,
       False,  True, False, False, False, False, False,  True,  True,
       False,  True, False, False, False, False,  True, False, False,
       False, False, False, False, False, False, False,  True,  True,
       False,  True, False, False,  True,  True, False,  True,  True,
       False,  True, False, False, False]), 'state_dist': array([ 185.55612 ,   29.438587,  334.97095 ,  102.3119  ,  183.99423 ,
        153.0892  ,   50.398846,   87.89993 ,  121.76047 ,  179.35591 ,
         44.678993,  130.72145 ,   95.810425,  186.41585 ,   39.874138,
         85.66382 ,   43.882156,   63.574303,  145.88083 ,   34.092052,
       1241.554   ,   40.778046,   53.67916 ,   83.03452 ,  169.44153 ,
        167.03186 ,  174.45859 ,  242.71352 ,  170.47217 ,   67.04715 ,
        142.21866 ,   87.91567 ,   93.6631  ,  488.15497 ,  141.22676 ,
         58.95889 ,  106.551476,  240.53424 ,   79.085014,   96.25567 ,
         35.938587,   49.223427,  111.075066,   91.656364,  182.43498 ,
        148.11707 ,  178.63005 ,  135.92708 ,  206.13329 ,  124.56827 ],
      dtype=float32)}
Success rate:  0.28
{'success': array([False,  True, False, False, False, False,  True,  True, False,
       False, False,  True, False, False, False, False,  True,  True,
       False,  True, False, False, False, False,  True, False, False,
       False, False, False, False, False, False, False,  True,  True,
       False,  True, False, False,  True,  True, False, False, False,
       False,  True, False, False, False]), 'state_dist': array([ 188.8102  ,   34.43725 ,  337.86423 ,  110.77313 ,  178.7283  ,
        145.39757 ,   33.07271 ,   98.944016,  116.89306 ,  181.9546  ,
         56.75541 ,  136.98782 ,   79.00118 ,  194.7321  ,   48.379005,
         98.04431 ,   47.186882,   64.49811 ,  137.17575 ,   30.980831,
       1242.2864  ,   41.450775,   60.6997  ,   79.57365 ,  168.37155 ,
        166.178   ,  174.65356 ,  237.02428 ,  171.05724 ,   67.628624,
        152.51884 ,   89.51451 ,   92.08444 ,  485.64212 ,  138.16948 ,
         62.835377,   95.56455 ,  231.9448  ,   83.276276,   92.96025 ,
         35.621864,   46.57326 ,  117.52147 ,   94.37568 ,  181.68419 ,
        161.41513 ,  161.53487 ,  129.31047 ,  208.7486  ,  128.23798 ],
      dtype=float32)}
Success rate:  0.32
{'success': array([False,  True, False, False, False, False,  True,  True, False,
       False, False,  True, False, False, False, False,  True,  True,
       False,  True, False, False,  True, False,  True, False, False,
       False, False, False, False, False, False, False,  True,  True,
       False,  True, False, False,  True,  True, False, False,  True,
       False,  True, False, False, False]), 'state_dist': array([ 188.02774 ,   32.457382,  332.70172 ,   98.746315,  180.10652 ,
        146.73106 ,   24.953465,   97.43775 ,  111.90391 ,  176.1505  ,
         71.20876 ,  132.0352  ,   74.00614 ,  198.8683  ,   51.32187 ,
         93.61167 ,   43.68975 ,   67.64092 ,  124.829704,   23.81466 ,
       1247.2227  ,   51.30779 ,   56.06067 ,   68.531906,  180.9211  ,
        162.17575 ,  176.10956 ,  236.17334 ,  174.59013 ,   65.49567 ,
        157.5663  ,   95.95597 ,   95.701805,  490.5605  ,  135.2559  ,
         55.42076 ,   84.199715,  211.45547 ,   79.10408 ,   90.793465,
         42.237743,   48.98919 ,  113.88615 ,   97.454926,  179.29103 ,
        158.86772 ,  168.55421 ,  125.56451 ,  220.31546 ,  122.62917 ],
      dtype=float32)}
Success rate:  0.32
{'success': array([False,  True, False, False, False, False,  True,  True, False,
       False,  True,  True, False, False, False, False,  True,  True,
       False,  True, False, False, False, False,  True, False, False,
       False, False, False, False, False, False, False,  True,  True,
       False,  True, False, False,  True,  True, False,  True, False,
       False,  True, False, False, False]), 'state_dist': array([ 184.62085 ,   38.715202,  330.2452  ,   89.875275,  183.4489  ,
        153.19716 ,   29.32977 ,   95.25626 ,  119.20788 ,  176.2646  ,
         55.331326,  137.34526 ,   84.33507 ,  195.78328 ,   54.213646,
        100.20286 ,   46.804493,   76.80575 ,  132.13246 ,   22.448269,
       1253.1881  ,   47.578636,   62.047695,   55.29068 ,  184.02412 ,
        158.82188 ,  177.71082 ,  240.62053 ,  171.06587 ,   66.432274,
        161.53224 ,   95.5733  ,   91.4863  ,  492.46835 ,  126.32509 ,
         56.115414,   83.08372 ,  211.85246 ,   80.49331 ,   88.57711 ,
         44.521072,   62.526493,  107.8233  ,   91.86264 ,  174.9725  ,
        172.92374 ,  172.65607 ,  129.49771 ,  222.89967 ,  122.31036 ],
      dtype=float32)}
Success rate:  0.32
{'success': array([False,  True, False, False, False, False,  True,  True, False,
       False,  True, False, False, False, False, False,  True,  True,
       False,  True, False, False,  True, False,  True, False, False,
       False, False, False, False, False, False, False,  True,  True,
       False,  True, False, False,  True,  True, False, False,  True,
       False,  True, False, False, False]), 'state_dist': array([ 185.9207  ,   47.437298,  332.1448  ,   85.11903 ,  178.56795 ,
        155.00903 ,   25.278526,   89.646866,  129.07906 ,  171.17491 ,
         54.152035,  147.86919 ,   84.13704 ,  200.45064 ,   56.740734,
        102.13023 ,   49.451317,   80.06688 ,  131.77693 ,   19.727848,
       1253.3785  ,   56.27772 ,   58.021248,   54.87229 ,  193.57828 ,
        154.28593 ,  180.99626 ,  236.23634 ,  159.70137 ,   66.9259  ,
        165.44347 ,   95.66635 ,   96.25497 ,  492.7463  ,  125.03122 ,
         55.60866 ,   81.67302 ,  227.19756 ,   77.329636,   89.72323 ,
         41.129387,   58.262524,  111.46676 ,   95.138824,  174.01186 ,
        180.59767 ,  157.63397 ,  130.74094 ,  229.40335 ,  122.28868 ],
      dtype=float32)}
Success rate:  0.3
{'success': array([False,  True, False, False, False, False,  True,  True, False,
       False,  True, False, False, False, False, False,  True,  True,
       False,  True, False, False,  True, False,  True, False, False,
       False, False, False, False, False, False, False, False,  True,
       False,  True, False, False,  True,  True, False,  True, False,
       False,  True, False, False, False]), 'state_dist': array([ 175.77516 ,   43.566433,  333.0859  ,   82.93963 ,  184.488   ,
        161.09032 ,   33.067135,  103.10063 ,  128.90547 ,  172.0282  ,
         49.72381 ,  155.7281  ,   78.580215,  205.93272 ,   61.778927,
        104.00076 ,   53.01719 ,   83.06481 ,  134.02101 ,   19.950735,
       1252.8518  ,   66.858246,   69.59554 ,   47.593063,  193.42255 ,
        154.51268 ,  181.3361  ,  237.26428 ,  175.7289  ,   67.12772 ,
        168.05882 ,   93.4546  ,   95.30246 ,  493.6887  ,  122.1692  ,
         51.137974,   78.95309 ,  218.21443 ,   75.80778 ,   93.791626,
         44.12009 ,   63.06043 ,  109.71638 ,   87.59914 ,  176.9845  ,
        195.39944 ,  157.8742  ,  136.70592 ,  226.19566 ,  123.26266 ],
      dtype=float32)}
Success rate:  0.32
{'success': array([False,  True, False, False, False, False,  True,  True, False,
       False,  True, False, False, False, False, False,  True,  True,
       False,  True, False, False,  True, False,  True, False, False,
       False, False, False, False, False, False, False,  True,  True,
       False,  True, False, False,  True,  True, False,  True, False,
       False,  True, False, False, False]), 'state_dist': array([ 174.89331 ,   41.374897,  333.97876 ,   86.81078 ,  186.38646 ,
        161.11993 ,   36.376778,   95.08121 ,  128.7869  ,  168.17378 ,
         47.36302 ,  157.04268 ,   82.08257 ,  206.75026 ,   55.28918 ,
        111.11411 ,   51.787388,   92.77756 ,  136.28137 ,   21.823032,
       1253.7958  ,   58.55267 ,   70.04836 ,   43.283215,  194.97495 ,
        155.59607 ,  181.77338 ,  242.13737 ,  176.52939 ,   67.39432 ,
        174.25262 ,   91.0959  ,   97.20181 ,  493.02872 ,  115.457115,
         50.090748,   76.172264,  220.04987 ,   74.58976 ,   84.965096,
         36.43122 ,   60.204945,  108.20439 ,   84.66587 ,  182.23001 ,
        195.23999 ,  149.24675 ,  137.30641 ,  228.24011 ,  120.96579 ],
      dtype=float32)}
Success rate:  0.28
{'success': array([False,  True, False, False, False, False,  True,  True, False,
       False,  True, False, False, False, False, False,  True,  True,
       False,  True, False, False,  True, False,  True, False, False,
       False, False, False, False, False, False, False, False,  True,
       False,  True, False, False,  True,  True, False, False, False,
       False,  True, False, False, False]), 'state_dist': array([ 175.08054 ,   39.852978,  333.5286  ,   89.95336 ,  190.09134 ,
        167.67819 ,   30.878662,   96.64709 ,  126.700424,  178.11894 ,
         42.27634 ,  162.41875 ,   76.150696,  200.34921 ,   53.20529 ,
        120.4808  ,   52.795353,   88.84173 ,  135.32642 ,   19.649443,
       1255.8813  ,   58.171635,   77.43509 ,   49.313442,  193.2815  ,
        155.42896 ,  182.11142 ,  246.89038 ,  165.17395 ,   68.37355 ,
        182.23378 ,   93.95231 ,   94.37578 ,  495.5372  ,  120.37571 ,
         46.576637,   71.85848 ,  237.92993 ,   76.09109 ,   87.831314,
         35.686687,   63.961407,  104.87837 ,   82.377594,  180.20627 ,
        180.96957 ,  142.57925 ,  138.84186 ,  225.46167 ,  125.45287 ],
      dtype=float32)}
Success rate:  0.3
{'success': array([False,  True, False, False, False, False,  True,  True, False,
       False,  True, False, False, False, False, False,  True,  True,
       False,  True, False, False,  True, False,  True, False, False,
       False, False, False, False, False, False, False, False,  True,
       False,  True, False, False,  True,  True, False,  True, False,
       False,  True, False, False, False]), 'state_dist': array([ 175.72638 ,   28.564484,  334.0429  ,   83.94584 ,  185.93985 ,
        177.23082 ,   31.169907,   91.05626 ,  123.63736 ,  165.27563 ,
         37.155785,  179.10014 ,   78.41635 ,  196.7562  ,   56.531578,
        126.5654  ,   56.597813,   85.65141 ,  140.8864  ,   17.202244,
       1256.1925  ,   48.037617,   75.77721 ,   45.56    ,  199.08606 ,
        153.23863 ,  183.76543 ,  247.90533 ,  163.96797 ,   69.28555 ,
        180.6936  ,   91.99013 ,   94.676384,  495.5929  ,  123.33264 ,
         42.098083,   84.24496 ,  232.17455 ,   78.596565,  100.279175,
         38.25569 ,   65.9244  ,  105.79807 ,   83.00716 ,  180.41742 ,
        194.00017 ,  134.95828 ,  139.37573 ,  227.4592  ,  127.73892 ],
      dtype=float32)}
Success rate:  0.28
{'success': array([False,  True, False, False, False, False,  True,  True, False,
       False, False, False, False, False, False, False,  True,  True,
       False,  True, False, False,  True, False,  True, False, False,
       False, False, False, False, False, False, False, False,  True,
       False,  True, False, False,  True,  True, False,  True, False,
       False,  True, False, False, False]), 'state_dist': array([ 176.42015 ,   31.00789 ,  332.2889  ,   81.42477 ,  185.47043 ,
        175.9978  ,   26.612104,   89.61904 ,  121.677505,  158.52292 ,
         46.08787 ,  190.9321  ,   79.453224,  198.51169 ,   53.826054,
        135.42255 ,   57.210594,   84.164185,  139.89485 ,   17.44351 ,
       1254.1544  ,   58.1346  ,   77.22975 ,   49.011875,  206.51024 ,
        150.39603 ,  182.33022 ,  248.83754 ,  158.33089 ,   70.84461 ,
        179.7332  ,   90.5963  ,   90.33818 ,  493.10306 ,  123.98616 ,
         37.340595,   76.44076 ,  224.68109 ,   79.49459 ,  102.22975 ,
         37.690914,   72.212944,  103.56629 ,   79.36738 ,  182.83966 ,
        191.7992  ,  137.66864 ,  136.92178 ,  230.74998 ,  129.36095 ],
      dtype=float32)}
Success rate:  0.3
{'success': array([False,  True, False, False, False, False,  True,  True, False,
       False, False, False, False, False, False, False,  True,  True,
       False,  True, False, False,  True, False,  True, False, False,
       False, False, False, False, False, False, False, False,  True,
       False,  True, False, False,  True,  True, False,  True,  True,
       False,  True, False, False, False]), 'state_dist': array([ 177.90039 ,   29.198662,  333.97556 ,   84.065094,  184.44826 ,
        179.25757 ,   19.984379,   89.54877 ,  120.58751 ,  161.68384 ,
         42.829376,  190.85147 ,   81.14291 ,  197.81952 ,   49.730614,
        147.19669 ,   51.98301 ,   81.48541 ,  144.86201 ,   19.051113,
       1248.456   ,   56.310772,   77.05936 ,   47.7338  ,  205.17279 ,
        148.73898 ,  183.0612  ,  251.00955 ,  157.60811 ,   70.64575 ,
        180.54349 ,   92.22011 ,   88.30406 ,  496.7963  ,  130.02814 ,
         32.21396 ,   78.39873 ,  233.49762 ,   78.38641 ,   94.262985,
         41.45316 ,   71.60605 ,  104.89635 ,   81.697   ,  181.16493 ,
        196.6703  ,  125.86368 ,  135.38766 ,  224.83246 ,  130.16673 ],
      dtype=float32)}
Success rate:  0.28
{'success': array([False,  True, False, False, False, False,  True,  True, False,
       False, False, False, False, False, False, False,  True,  True,
       False,  True, False, False,  True, False,  True, False, False,
       False, False, False, False, False, False, False, False,  True,
       False,  True, False, False,  True,  True, False,  True, False,
       False,  True, False, False, False]), 'state_dist': array([ 176.81271 ,   28.242132,  332.13522 ,   77.44745 ,  187.11267 ,
        182.5402  ,   19.743813,   83.23265 ,  126.93393 ,  159.29335 ,
         42.376663,  182.58542 ,   83.735306,  205.18236 ,   55.9266  ,
        159.60072 ,   53.84038 ,   82.12198 ,  151.40196 ,   15.867855,
       1248.2754  ,   59.74331 ,   78.06043 ,   46.66854 ,  213.04729 ,
        149.3761  ,  184.10855 ,  244.62297 ,  166.54938 ,   70.25123 ,
        175.66437 ,   95.21037 ,   95.21192 ,  499.91922 ,  137.90572 ,
         40.14193 ,   85.48602 ,  228.77832 ,   81.48659 ,   92.40887 ,
         39.947212,   66.79924 ,  107.35856 ,   79.02249 ,  181.7712  ,
        199.1045  ,  119.3142  ,  136.52164 ,  223.81519 ,  125.204254],
      dtype=float32)}
Success rate:  0.28
{'success': array([False,  True, False, False, False, False,  True,  True, False,
       False, False, False, False, False, False, False,  True,  True,
       False,  True, False, False,  True, False,  True, False, False,
       False, False, False, False, False, False, False, False,  True,
       False,  True, False, False,  True,  True, False,  True, False,
       False,  True, False, False, False]), 'state_dist': array([ 178.86469 ,   28.844326,  336.01758 ,   75.892395,  185.66658 ,
        181.74832 ,   21.786943,   74.16027 ,  128.34746 ,  148.21327 ,
         35.97157 ,  199.38145 ,   80.6032  ,  207.77579 ,   55.68862 ,
        163.49239 ,   57.255066,   82.8007  ,  144.44447 ,   16.264109,
       1246.7445  ,   77.592415,   77.07501 ,   49.470886,  217.17374 ,
        147.38078 ,  182.74326 ,  242.32437 ,  158.58965 ,   71.56677 ,
        173.5084  ,   93.83859 ,   91.803925,  498.01984 ,  136.7508  ,
         38.310448,   82.03223 ,  227.60501 ,   84.50654 ,   92.19877 ,
         38.773746,   58.465702,  106.85936 ,   79.7696  ,  182.18016 ,
        197.65321 ,  118.30854 ,  133.59506 ,  219.56906 ,  128.59514 ],
      dtype=float32)}
Success rate:  0.28
{'success': array([False,  True, False, False, False, False,  True,  True, False,
       False, False, False, False, False, False, False,  True,  True,
       False,  True, False, False,  True, False,  True, False, False,
       False, False, False, False, False, False, False, False,  True,
       False,  True, False, False,  True,  True, False,  True, False,
       False,  True, False, False, False]), 'state_dist': array([ 176.92741  ,   27.670622 ,  335.75287  ,   78.121414 ,
        182.63628  ,  179.1348   ,   22.441568 ,   65.778305 ,
        129.25327  ,  147.35591  ,   39.8857   ,  188.39847  ,
         79.50448  ,  214.39607  ,   60.31107  ,  163.58751  ,
         56.085304 ,   76.27781  ,  134.35208  ,   14.0414295,
       1247.9408   ,   73.29202  ,   80.929245 ,   51.552967 ,
        220.80757  ,  146.48613  ,  182.57845  ,  243.8614   ,
        161.3154   ,   70.840546 ,  167.18877  ,   96.26034  ,
         92.21127  ,  497.10132  ,  138.82698  ,   36.941586 ,
         83.98712  ,  226.78992  ,   82.64764  ,   97.09124  ,
         39.5154   ,   65.839096 ,  104.87435  ,   76.034744 ,
        180.37653  ,  205.58731  ,  119.917534 ,  130.6646   ,
        218.20424  ,  129.60628  ], dtype=float32)}
Success rate:  0.26
{'success': array([False,  True, False, False, False, False,  True,  True, False,
       False, False, False, False, False, False, False,  True,  True,
       False,  True, False, False,  True, False,  True, False, False,
       False, False, False, False, False, False, False, False,  True,
       False,  True, False, False,  True,  True, False, False, False,
       False,  True, False, False, False]), 'state_dist': array([ 178.38762 ,   28.219706,  336.92575 ,   78.01539 ,  185.67615 ,
        178.36874 ,   21.742334,   67.51898 ,  124.636696,  151.68878 ,
         36.63773 ,  187.72263 ,   83.906586,  221.58374 ,   59.832348,
        169.62323 ,   55.184032,   69.20265 ,  132.32681 ,   14.820281,
       1248.1042  ,   74.887115,   84.09969 ,   56.767654,  221.15048 ,
        145.80661 ,  184.79134 ,  242.32446 ,  171.7241  ,   70.696175,
        165.823   ,   96.144295,   94.43083 ,  497.98853 ,  133.29968 ,
         40.60644 ,   81.076454,  225.09744 ,   86.021965,   95.79105 ,
         40.318783,   64.55205 ,  107.03256 ,   73.76305 ,  179.97212 ,
        214.88153 ,  125.88397 ,  131.69849 ,  221.0175  ,  128.88916 ],
      dtype=float32)}
Success rate:  0.26
{'success': array([False,  True, False, False, False, False,  True,  True, False,
       False, False, False, False, False, False, False,  True,  True,
       False,  True, False, False,  True, False,  True, False, False,
       False, False, False, False, False, False, False, False,  True,
       False,  True, False, False,  True,  True, False, False, False,
       False,  True, False, False, False]), 'state_dist': array([ 178.59477 ,   26.893549,  333.98813 ,   78.12696 ,  186.96887 ,
        179.3865  ,   19.65677 ,   59.702736,  121.33336 ,  150.65971 ,
         35.596836,  183.64307 ,   83.894356,  223.60086 ,   55.58647 ,
        177.86691 ,   53.04316 ,   73.383865,  133.2733  ,   14.587976,
       1247.8856  ,   77.9504  ,   85.65303 ,   54.79317 ,  224.74849 ,
        144.16444 ,  186.05566 ,  242.11195 ,  165.0736  ,   70.64564 ,
        166.72928 ,   96.44569 ,   94.2691  ,  498.41315 ,  129.87834 ,
         43.655552,   87.10857 ,  225.8023  ,   85.550415,  102.717674,
         39.645638,   63.19172 ,  109.54226 ,   73.556816,  182.08466 ,
        213.5276  ,  130.84442 ,  131.67743 ,  217.25815 ,  130.27507 ],
      dtype=float32)}
Success rate:  0.28
{'success': array([False,  True, False, False, False, False,  True,  True, False,
       False, False, False, False, False, False, False,  True,  True,
       False,  True, False, False,  True, False,  True, False, False,
       False, False, False, False, False, False, False, False,  True,
       False,  True, False, False,  True,  True, False,  True, False,
       False,  True, False, False, False]), 'state_dist': array([ 181.72437 ,   25.565294,  331.64758 ,   76.93013 ,  187.7614  ,
        174.72255 ,   22.773336,   65.77898 ,  119.22305 ,  150.79129 ,
         36.132668,  176.3339  ,   81.469284,  220.00865 ,   65.177185,
        171.92476 ,   53.197426,   79.02421 ,  133.18211 ,   16.463902,
       1247.3568  ,   82.887085,   86.15371 ,   57.67798 ,  224.04771 ,
        142.34628 ,  184.48488 ,  241.82516 ,  169.98792 ,   70.519005,
        165.03525 ,   93.74348 ,   92.04416 ,  499.09494 ,  127.11548 ,
         39.15663 ,   85.47163 ,  222.45372 ,   87.73102 ,  100.04312 ,
         39.330383,   66.06246 ,  109.81144 ,   72.468765,  183.80542 ,
        216.42241 ,  142.22147 ,  129.19333 ,  215.07271 ,  127.90082 ],
      dtype=float32)}
Success rate:  0.28
{'success': array([False,  True, False, False, False, False,  True,  True, False,
       False, False, False, False, False, False, False,  True,  True,
       False,  True, False, False,  True, False,  True, False, False,
       False, False, False, False, False, False, False, False,  True,
       False,  True, False, False,  True,  True, False,  True, False,
       False,  True, False, False, False]), 'state_dist': array([ 182.15979 ,   26.108183,  331.7     ,   79.21409 ,  189.18394 ,
        176.37448 ,   26.610334,   67.08689 ,  118.83574 ,  154.10126 ,
         31.843788,  180.40665 ,   83.433075,  225.7672  ,   63.55471 ,
        174.8142  ,   52.258575,   69.36627 ,  132.48608 ,   14.280306,
       1247.3033  ,   77.052345,   82.30831 ,   54.042595,  223.85846 ,
        142.09402 ,  184.56891 ,  241.79636 ,  166.1302  ,   70.444885,
        163.2009  ,   97.464264,   90.26449 ,  499.81833 ,  126.00609 ,
         39.14708 ,   81.40757 ,  224.93466 ,   86.18265 ,   98.439766,
         41.356052,   66.017204,  107.671974,   74.70541 ,  185.0111  ,
        224.7597  ,  138.76556 ,  131.34564 ,  215.50401 ,  129.20764 ],
      dtype=float32)}
MPC iter 5 Eval ------- 
Success rate:  0.42
{'success': array([False,  True, False, False, False, False,  True,  True, False,
       False,  True,  True, False, False,  True, False,  True,  True,
       False,  True, False, False,  True,  True,  True, False, False,
       False, False, False, False, False,  True, False,  True,  True,
       False,  True, False, False,  True,  True, False,  True,  True,
       False,  True, False, False, False]), 'state_dist': array([ 182.28082 ,   43.239216,  331.70374 ,   78.92218 ,  189.19467 ,
        176.33719 ,  139.65704 ,   92.46523 ,  118.80815 ,  154.15392 ,
        137.92137 ,   62.603428,   83.71009 ,  225.74481 ,   96.30431 ,
        174.85728 ,   70.81469 ,   85.94318 ,  132.18721 ,   96.280304,
       1243.3746  ,   77.09153 ,   63.34208 ,  217.35431 ,  344.65198 ,
        142.33331 ,  184.76595 ,  241.78506 ,  165.94254 ,   70.21605 ,
        163.20859 ,   97.33422 ,   83.53995 ,  500.1012  ,  137.5744  ,
         46.732365,   81.31627 ,  291.61444 ,   86.28055 ,   98.403496,
          9.578253,  136.85725 ,  107.628555,  198.00491 ,  195.57776 ,
        224.51584 ,   94.73741 ,  131.1682  ,  215.77104 ,  129.1514  ],
      dtype=float32)}
self.is_success:  [False  True False False False False  True  True False False  True  True
 False False  True False  True  True False  True False False  True  True
  True False False False False False False False  True False  True  True
 False  True False False  True  True False  True  True False  True False
 False False]
Success rate:  0.32
{'success': array([False,  True, False, False, False, False,  True,  True, False,
       False, False,  True, False, False, False, False,  True,  True,
       False,  True, False, False, False,  True,  True, False, False,
       False, False, False, False, False, False, False,  True,  True,
       False,  True, False, False,  True,  True, False, False,  True,
       False,  True, False, False, False]), 'state_dist': array([ 171.75127 ,   72.72682 ,  312.31723 ,   70.1975  ,  180.82408 ,
        130.04643 ,   19.056362,  118.210495,   71.14915 ,  112.148506,
         46.261837,   23.760014,  102.4165  ,  145.40244 ,   43.36712 ,
         39.304714,   23.927183,   69.13297 ,   95.71657 ,   69.936165,
       1287.3907  ,   35.915424,   49.105904,   43.416306,  150.06042 ,
        227.83624 ,  180.2866  ,  203.61298 ,   85.35937 ,   61.50314 ,
        153.43938 ,   93.26067 ,   73.6964  ,  540.24084 ,  109.03296 ,
         56.707005,   64.32612 ,  159.79214 ,   70.32651 ,  116.608086,
         35.443943,   41.80741 ,   87.99937 ,   83.568214,  132.62592 ,
        122.15587 ,  120.94572 ,  142.35739 ,  153.51318 ,  143.03339 ],
      dtype=float32)}
Success rate:  0.36
{'success': array([False,  True, False, False, False, False,  True,  True, False,
       False,  True,  True, False, False, False, False, False,  True,
       False,  True, False, False,  True,  True,  True, False, False,
       False, False, False, False, False, False, False,  True,  True,
       False,  True, False, False,  True,  True, False,  True,  True,
       False,  True, False, False, False]), 'state_dist': array([ 193.60692 ,   52.427555,  296.5049  ,   67.956085,  164.14363 ,
        135.99123 ,   32.46682 ,  122.2989  ,   72.24905 ,  106.812065,
         37.760365,   31.341984,  111.84823 ,  157.60272 ,   40.285202,
         39.495476,   27.931866,   53.286133,  100.02918 ,   79.99863 ,
       1320.5892  ,   31.504402,   65.68199 ,   39.07117 ,  157.55005 ,
        247.19318 ,  182.07327 ,  195.91982 ,   82.89089 ,   66.10081 ,
        167.17612 ,  106.61804 ,   84.3622  ,  571.25244 ,  123.86882 ,
         69.82169 ,   64.50517 ,  155.72766 ,   70.494484,  116.842155,
         50.657017,   39.897846,   86.30686 ,   76.39757 ,  146.10645 ,
        135.98514 ,  122.446106,  145.76949 ,  152.91544 ,  150.72937 ],
      dtype=float32)}
Success rate:  0.32
{'success': array([False,  True, False, False, False, False,  True,  True, False,
       False, False,  True, False, False, False, False, False,  True,
       False,  True, False, False,  True,  True,  True, False, False,
       False, False, False, False, False, False, False,  True,  True,
       False,  True, False, False,  True,  True, False, False,  True,
       False,  True, False, False, False]), 'state_dist': array([ 188.45471 ,   65.77044 ,  317.73425 ,   75.80005 ,  157.19043 ,
        129.16418 ,   39.721996,  132.84486 ,   74.100655,   91.526184,
         54.66408 ,   22.243671,   99.38767 ,  155.59459 ,   32.820396,
         40.38224 ,   42.24414 ,   51.328827,  128.62006 ,   65.11633 ,
       1343.5443  ,   26.543806,   49.00834 ,   37.331833,  144.1181  ,
        234.08733 ,  180.27348 ,  188.2894  ,   78.124794,   67.843094,
        175.00052 ,   96.185036,   80.29248 ,  583.4409  ,  143.4004  ,
         52.01247 ,   71.9669  ,  139.81567 ,   72.39937 ,  127.3234  ,
         57.983208,   47.18864 ,   90.55609 ,   86.82848 ,  120.71401 ,
        143.7863  ,  121.6     ,  139.43297 ,  151.39008 ,  151.1092  ],
      dtype=float32)}
Success rate:  0.38
{'success': array([False,  True, False, False, False, False,  True,  True, False,
       False,  True,  True, False, False, False, False,  True,  True,
       False,  True, False, False,  True,  True,  True, False, False,
       False, False, False, False, False, False, False,  True,  True,
       False,  True, False, False,  True,  True, False,  True,  True,
       False,  True, False, False, False]), 'state_dist': array([ 192.04112 ,   58.904396,  336.71262 ,   79.23392 ,  165.30115 ,
        133.72421 ,   34.055138,  130.38387 ,   84.33197 ,   70.801994,
         53.338146,   27.615662,  111.197136,  161.08263 ,   21.261738,
         42.67067 ,   36.01335 ,   54.91231 ,  142.07295 ,   65.4945  ,
       1355.9008  ,   26.182146,   45.275562,   54.101807,  140.31847 ,
        230.21713 ,  179.33562 ,  201.96173 ,   76.559456,   72.26184 ,
        165.41565 ,  101.99716 ,   79.016106,  580.9937  ,  149.13126 ,
         46.04824 ,   70.135864,  146.17097 ,   71.71952 ,  115.210014,
         52.73284 ,   59.241558,   84.752205,   82.106064,  133.18434 ,
        156.94489 ,  122.09831 ,  138.95161 ,  162.70305 ,  143.9577  ],
      dtype=float32)}
Success rate:  0.34
{'success': array([False,  True, False, False, False, False,  True,  True, False,
       False,  True,  True, False, False, False, False, False,  True,
       False,  True, False, False,  True,  True,  True, False, False,
       False, False, False, False, False, False, False,  True,  True,
       False,  True, False, False,  True,  True, False, False,  True,
       False,  True, False, False, False]), 'state_dist': array([ 189.41461 ,   51.084644,  326.08762 ,   80.29594 ,  169.6751  ,
        137.29103 ,   49.725914,  129.36417 ,   87.234474,   58.793747,
         39.367397,   29.740232,  121.83183 ,  163.7197  ,   21.892658,
         45.79567 ,   28.631348,   58.20677 ,  148.41423 ,   70.63878 ,
       1365.7539  ,   30.621746,   47.75799 ,   49.109158,  145.29745 ,
        228.40576 ,  179.83022 ,  195.43913 ,   70.60207 ,   75.80512 ,
        189.3844  ,   96.80024 ,   81.77382 ,  583.9691  ,  166.52148 ,
         45.57793 ,   68.93799 ,  138.8939  ,   70.02167 ,   96.33948 ,
         53.013626,   64.23234 ,   91.05534 ,   77.33388 ,  132.36081 ,
        154.10947 ,  106.13687 ,  139.35548 ,  168.7534  ,  134.80312 ],
      dtype=float32)}
Success rate:  0.32
{'success': array([False,  True, False, False, False, False,  True,  True, False,
       False,  True, False, False, False, False, False, False,  True,
       False,  True, False, False,  True,  True,  True, False, False,
       False, False, False, False, False, False, False,  True,  True,
       False,  True, False, False,  True,  True, False, False,  True,
       False,  True, False, False, False]), 'state_dist': array([ 196.76799 ,   42.653004,  325.99973 ,   90.27276 ,  167.20746 ,
        107.393105,   64.888016,  131.56598 ,   86.178444,   58.48862 ,
         41.760242,   43.89283 ,  114.93436 ,  163.78226 ,   24.022726,
         44.85854 ,   45.2831  ,   50.534046,  109.866035,   77.983345,
       1370.625   ,   32.40363 ,   37.67532 ,   69.7267  ,  152.52448 ,
        229.66995 ,  181.56113 ,  189.67812 ,   77.26968 ,   79.62028 ,
        179.67123 ,   90.28671 ,   84.39936 ,  582.0393  ,  162.51006 ,
         28.715061,   76.46918 ,  140.59111 ,   70.01987 ,   85.15615 ,
         59.18061 ,   65.3609  ,  101.31379 ,   75.25073 ,  133.90973 ,
        158.73415 ,  109.19071 ,  145.04135 ,  170.71565 ,  133.1777  ],
      dtype=float32)}
Success rate:  0.34
{'success': array([False,  True, False, False, False, False,  True,  True, False,
       False,  True, False, False, False, False, False, False,  True,
       False,  True, False, False,  True,  True,  True, False, False,
       False, False, False, False, False, False, False,  True,  True,
       False,  True, False, False,  True,  True, False,  True,  True,
       False,  True, False, False, False]), 'state_dist': array([ 191.24245 ,   39.569195,  335.94394 ,   95.40955 ,  166.50212 ,
        106.684555,   69.21772 ,  142.30708 ,   71.89166 ,   54.189854,
         41.883423,   36.98066 ,  101.83036 ,  171.43376 ,   22.787344,
         42.237774,   44.69475 ,   61.92401 ,  101.434555,   92.816765,
       1390.2172  ,   26.845152,   41.860172,   51.532417,  152.74376 ,
        234.45515 ,  178.83379 ,  171.80402 ,   79.77381 ,   90.477066,
        176.56613 ,   84.798195,   75.062195,  587.5275  ,  155.50432 ,
         39.70256 ,   69.83508 ,  135.67584 ,   72.38473 ,   84.94728 ,
         52.373287,   65.604004,  102.38129 ,   82.853134,  141.82857 ,
        170.39708 ,  109.83393 ,  145.00597 ,  173.02397 ,  136.31422 ],
      dtype=float32)}
Success rate:  0.34
{'success': array([False,  True, False, False, False, False,  True,  True, False,
       False,  True, False, False, False, False, False,  True,  True,
       False,  True, False, False, False,  True,  True, False, False,
       False, False, False, False, False, False, False,  True,  True,
       False,  True, False, False,  True,  True, False,  True,  True,
       False,  True, False, False, False]), 'state_dist': array([ 191.52504 ,   68.78825 ,  329.23236 ,   96.583496,  158.556   ,
        108.58592 ,   47.349148,  140.19211 ,   76.814   ,   55.3169  ,
         49.536392,   27.399624,  112.76075 ,  169.57928 ,   22.970167,
         46.477196,   43.330627,   66.9651  ,  105.79334 ,   81.889725,
       1410.0704  ,   30.48824 ,   34.069366,   47.673695,  145.34154 ,
        232.01932 ,  180.14037 ,  165.7974  ,   75.624756,  116.27474 ,
        183.20085 ,   81.546524,   75.42029 ,  580.3935  ,  146.51874 ,
         43.037766,   70.64601 ,  126.54448 ,   69.97401 ,   78.36544 ,
         46.994286,   70.73011 ,  102.40473 ,   78.482765,  142.7887  ,
        166.88293 ,  102.60536 ,  148.81128 ,  166.86214 ,  133.45453 ],
      dtype=float32)}
Success rate:  0.28
{'success': array([False,  True, False, False, False, False,  True,  True, False,
       False,  True, False, False, False, False, False, False,  True,
       False,  True, False, False, False,  True,  True, False, False,
       False, False, False, False, False, False, False,  True,  True,
       False,  True, False, False,  True,  True, False, False,  True,
       False, False, False, False, False]), 'state_dist': array([ 191.0984  ,   71.02352 ,  324.2083  ,  102.951866,  157.69737 ,
         98.643074,   48.312542,  128.12096 ,   85.15634 ,   52.0563  ,
         47.97696 ,   29.26535 ,  114.54015 ,  176.35687 ,   26.685308,
         44.17501 ,   35.983276,   50.055645,  100.7796  ,   77.806274,
       1426.2261  ,   26.51836 ,   28.450392,   46.840233,  142.19319 ,
        225.18176 ,  185.13824 ,  160.41504 ,   74.42058 ,  143.16374 ,
        190.80522 ,   81.27727 ,   74.01952 ,  581.85626 ,  140.20833 ,
         44.61905 ,   68.0894  ,  123.34981 ,   70.151985,   72.49301 ,
         45.18023 ,   58.497826,   93.09759 ,   71.76826 ,  133.4663  ,
        177.15764 ,  107.15731 ,  153.45967 ,  173.99576 ,  137.80853 ],
      dtype=float32)}
Success rate:  0.32
{'success': array([False,  True, False, False, False, False,  True,  True, False,
       False,  True, False, False, False, False, False, False,  True,
       False,  True, False, False, False,  True,  True, False, False,
       False, False, False, False, False, False, False,  True,  True,
       False,  True, False, False,  True,  True, False,  True,  True,
       False,  True, False, False, False]), 'state_dist': array([ 195.65384 ,   74.8285  ,  328.85626 ,  114.35163 ,  155.96483 ,
        114.56989 ,   35.070164,  117.5317  ,   77.738594,   46.67596 ,
         48.401394,   38.79896 ,  101.608116,  184.10707 ,   24.283752,
         50.926643,   40.479393,   45.201412,   85.272194,   74.722786,
       1435.9832  ,   28.250616,   23.26405 ,   46.682816,  133.00761 ,
        225.8392  ,  185.4428  ,  174.50201 ,   72.48707 ,  148.11934 ,
        192.92973 ,   77.21293 ,   84.72869 ,  587.87634 ,  134.26927 ,
         43.80852 ,   71.06491 ,  123.28713 ,   70.21358 ,   67.80389 ,
         47.439396,   61.5062  ,   91.57992 ,   71.201065,  151.9983  ,
        172.30293 ,  103.57281 ,  159.46553 ,  179.21841 ,  136.94176 ],
      dtype=float32)}
Success rate:  0.34
{'success': array([False,  True, False, False, False, False,  True,  True, False,
       False,  True,  True, False, False, False, False,  True,  True,
       False,  True, False, False, False,  True,  True, False, False,
       False, False, False, False, False, False, False,  True,  True,
       False,  True, False, False,  True,  True, False,  True,  True,
       False, False, False, False, False]), 'state_dist': array([ 196.19196 ,   76.898964,  322.1623  ,  106.70755 ,  157.0219  ,
        113.64078 ,   42.5718  ,  122.063644,   89.533356,   52.05901 ,
         39.090946,   35.960228,  112.81452 ,  180.96317 ,   28.972357,
         58.50839 ,   51.40827 ,   41.751026,  111.43786 ,   64.865616,
       1454.221   ,   31.22143 ,   32.383785,   35.62691 ,  133.21521 ,
        226.82344 ,  182.29068 ,  177.3371  ,   71.841805,  130.89604 ,
        191.01985 ,   67.27543 ,   71.57556 ,  593.3743  ,  132.45163 ,
         45.03137 ,   68.34235 ,  124.61868 ,   74.17876 ,   79.99715 ,
         40.26936 ,   62.80752 ,  103.39257 ,   65.964874,  135.09245 ,
        167.68445 ,   87.25176 ,  166.4035  ,  183.5143  ,  138.34387 ],
      dtype=float32)}
Success rate:  0.32
{'success': array([False,  True, False, False, False, False,  True,  True, False,
       False, False,  True, False, False, False, False, False,  True,
       False,  True, False, False,  True,  True,  True, False, False,
       False, False, False, False, False, False, False,  True,  True,
       False,  True, False, False,  True,  True, False,  True,  True,
       False, False, False, False, False]), 'state_dist': array([ 196.04788 ,   70.41417 ,  320.79782 ,  104.90502 ,  157.73558 ,
        107.13292 ,   47.31196 ,  110.46226 ,  102.30435 ,   57.965313,
         46.33888 ,   28.47351 ,  106.63205 ,  177.90356 ,   38.240273,
         63.077076,   64.77472 ,   39.353504,   87.05811 ,   58.974968,
       1465.0851  ,   33.32805 ,   33.668175,   31.37641 ,  135.33574 ,
        217.32419 ,  183.69351 ,  176.33322 ,   76.14405 ,  158.88142 ,
        184.17769 ,   69.35553 ,   65.49318 ,  596.74536 ,  133.58244 ,
         48.608124,   64.99474 ,  130.39433 ,   84.099556,   85.27906 ,
         40.145676,   55.971863,  100.65577 ,   69.67306 ,  143.09418 ,
        167.27463 ,   91.004234,  167.66774 ,  187.9005  ,  140.74207 ],
      dtype=float32)}
Success rate:  0.34
{'success': array([False,  True, False, False, False, False,  True,  True, False,
       False, False, False, False, False, False, False,  True,  True,
       False,  True, False, False,  True,  True,  True, False, False,
       False, False, False, False, False, False, False,  True,  True,
       False,  True, False, False,  True,  True, False,  True,  True,
       False,  True, False, False, False]), 'state_dist': array([ 196.59416 ,   84.32222 ,  319.28787 ,  106.390686,  154.57095 ,
        101.02637 ,   52.537086,  127.00599 ,  111.44368 ,   54.525726,
         42.829597,   24.410404,  114.87912 ,  175.55765 ,   35.79303 ,
         59.708008,   61.356613,   41.185143,  101.3567  ,   59.39794 ,
       1472.3531  ,   57.37346 ,   53.11832 ,   37.821186,  135.46999 ,
        212.03183 ,  182.07968 ,  184.94916 ,   76.18877 ,  163.96564 ,
        179.64412 ,   76.13953 ,   60.9705  ,  599.4151  ,  133.60872 ,
         49.583786,   62.97407 ,  140.09935 ,   79.80187 ,   76.43031 ,
         42.580116,   61.46675 ,   99.89267 ,   55.627922,  137.43675 ,
        169.32658 ,   81.99702 ,  169.11685 ,  191.9898  ,  139.66663 ],
      dtype=float32)}
Success rate:  0.32
{'success': array([False,  True, False, False, False, False,  True,  True, False,
       False,  True, False, False, False, False, False,  True,  True,
       False,  True, False, False, False,  True,  True, False, False,
       False, False, False, False, False, False, False,  True,  True,
       False,  True, False, False,  True,  True, False, False,  True,
       False,  True, False, False, False]), 'state_dist': array([ 191.57855 ,   93.06924 ,  323.43314 ,  104.40423 ,  146.22075 ,
        115.5032  ,   53.348778,  120.500725,  116.697075,   57.636505,
         31.241505,   22.86361 ,  137.32443 ,  174.52704 ,   32.988266,
         56.41652 ,   60.051376,   40.874973,  114.833984,   47.178257,
       1485.7479  ,   48.78324 ,   58.705936,   28.990036,  128.8538  ,
        211.39696 ,  184.76344 ,  182.26967 ,   74.46627 ,  177.3448  ,
        181.68744 ,   79.26431 ,   54.367764,  603.0395  ,  147.17244 ,
         48.639694,   65.62894 ,  136.90817 ,   71.34777 ,   74.48196 ,
         45.275696,   71.86068 ,   99.92105 ,   64.103806,  137.36375 ,
        170.93532 ,   86.50525 ,  172.13268 ,  190.59373 ,  136.42986 ],
      dtype=float32)}
Success rate:  0.36
{'success': array([False,  True, False, False, False, False,  True,  True, False,
       False,  True, False, False, False, False, False,  True,  True,
       False,  True, False, False,  True,  True,  True, False, False,
       False, False, False, False, False, False, False,  True,  True,
       False,  True, False, False,  True,  True, False,  True,  True,
       False,  True, False, False, False]), 'state_dist': array([ 188.43063 ,   78.63521 ,  318.09833 ,  108.599205,  144.59138 ,
        117.79604 ,   46.451756,  120.171616,  115.66102 ,   57.17632 ,
         40.118546,   24.265797,  136.31163 ,  169.69489 ,   38.153427,
         53.852993,   73.29316 ,   33.709286,  122.92505 ,   46.844944,
       1483.2506  ,   53.72419 ,   59.709305,   41.397495,  140.28535 ,
        202.46188 ,  182.99866 ,  176.74448 ,   74.52218 ,  183.3536  ,
        174.07283 ,   73.25087 ,   59.745125,  601.8124  ,  140.73997 ,
         45.61337 ,   66.407936,  140.47795 ,   73.33431 ,   64.23911 ,
         46.89261 ,   70.61665 ,  114.69854 ,   65.218475,  146.5855  ,
        178.31297 ,   92.12408 ,  177.75322 ,  185.95987 ,  136.29039 ],
      dtype=float32)}
Success rate:  0.34
{'success': array([False,  True, False, False, False, False,  True,  True, False,
       False,  True, False, False, False, False, False,  True,  True,
       False,  True, False, False,  True,  True,  True, False, False,
       False, False, False, False, False, False, False,  True,  True,
       False,  True, False, False,  True,  True, False,  True,  True,
       False, False, False, False, False]), 'state_dist': array([ 185.9886  ,   72.93114 ,  323.1384  ,  110.60359 ,  139.58797 ,
        112.209175,   56.81562 ,  127.8861  ,  109.48999 ,   49.957413,
         48.279034,   22.841372,  127.681694,  175.14993 ,   33.488308,
         55.429432,   63.64702 ,   34.36054 ,  107.94465 ,   49.3538  ,
       1487.087   ,   34.116352,   64.14888 ,   42.78048 ,  137.92513 ,
        197.72755 ,  182.81471 ,  169.15842 ,   77.833336,  172.36205 ,
        183.34395 ,   62.81403 ,   56.09445 ,  598.90265 ,  145.46347 ,
         43.326992,   71.77413 ,  145.66832 ,   83.95339 ,   64.630615,
         50.95467 ,   80.029015,  112.147896,   71.40617 ,  133.41405 ,
        182.05495 ,   88.292946,  177.09491 ,  193.08972 ,  138.31535 ],
      dtype=float32)}
Success rate:  0.36
{'success': array([False,  True, False, False, False, False,  True,  True, False,
       False,  True, False, False, False, False, False,  True,  True,
       False,  True, False, False,  True,  True,  True, False, False,
       False, False, False, False, False, False, False,  True,  True,
       False,  True, False, False,  True,  True, False,  True,  True,
       False,  True, False, False, False]), 'state_dist': array([ 186.27216 ,   64.05494 ,  331.0288  ,  113.58313 ,  142.95361 ,
         95.034004,   57.744125,  129.34412 ,  111.93101 ,   54.842514,
         46.433624,   30.901388,  133.73837 ,  175.11176 ,   31.153084,
         58.36826 ,   65.632965,   40.177853,  109.525246,   50.52105 ,
       1491.1703  ,   38.174507,   46.68078 ,   33.71694 ,  139.56825 ,
        194.69928 ,  181.93466 ,  169.32224 ,   77.35626 ,  174.72595 ,
        187.0803  ,   61.714478,   56.06448 ,  607.87866 ,  149.402   ,
         40.3786  ,   80.879364,  152.96066 ,   82.12815 ,   68.34614 ,
         47.85154 ,   80.81742 ,  109.13166 ,   72.143394,  117.21346 ,
        188.44266 ,   75.48292 ,  178.08005 ,  198.39235 ,  141.90834 ],
      dtype=float32)}
Success rate:  0.34
{'success': array([False, False, False, False, False, False,  True,  True, False,
       False,  True, False, False, False, False, False,  True,  True,
       False,  True, False, False,  True,  True,  True, False, False,
       False, False, False, False, False, False, False,  True,  True,
       False,  True, False, False,  True,  True, False,  True,  True,
       False,  True, False, False, False]), 'state_dist': array([ 191.25829 ,   59.026947,  321.64862 ,  113.383255,  143.32988 ,
        108.4923  ,   52.569714,  139.79459 ,  112.183   ,   60.154984,
         47.650772,   30.948605,  137.57407 ,  179.46219 ,   34.786537,
         70.23791 ,   66.76957 ,   42.379982,  106.03829 ,   44.12162 ,
       1500.8442  ,   38.751064,   53.782032,   29.699852,  141.44348 ,
        193.50719 ,  182.70564 ,  172.28691 ,   77.73703 ,  174.54929 ,
        184.4653  ,   61.468422,   61.046738,  608.6273  ,  148.0012  ,
         42.436996,  102.80237 ,  132.6255  ,   73.803955,   66.491646,
         46.065155,   79.28519 ,  105.71235 ,   73.22682 ,  119.83972 ,
        190.20534 ,   73.84666 ,  178.62381 ,  202.2267  ,  137.90872 ],
      dtype=float32)}
Success rate:  0.34
{'success': array([False, False, False, False, False, False,  True,  True, False,
       False,  True, False, False, False, False, False,  True,  True,
       False,  True, False, False,  True,  True,  True, False, False,
       False, False, False, False, False, False, False,  True,  True,
       False,  True, False, False,  True,  True, False,  True,  True,
       False,  True, False, False, False]), 'state_dist': array([ 188.6225  ,   55.849277,  328.903   ,  115.54286 ,  144.91066 ,
        110.02276 ,   50.81713 ,  130.43414 ,  111.860115,   63.850197,
         45.698215,   30.059769,  136.05981 ,  189.82388 ,   42.280235,
         62.91239 ,   69.523994,   40.12424 ,  105.727516,   44.553387,
       1510.071   ,   36.732372,   63.518265,   34.56483 ,  146.69208 ,
        188.69713 ,  181.86343 ,  172.63084 ,   78.826675,  182.85194 ,
        181.02142 ,   61.611584,   61.41184 ,  610.2246  ,  151.29575 ,
         40.718525,   92.820404,  124.991425,   77.75307 ,   65.330734,
         48.022934,   83.94954 ,  106.74132 ,   73.124596,  117.89084 ,
        190.13503 ,   59.100143,  182.38481 ,  203.67314 ,  135.89137 ],
      dtype=float32)}
Success rate:  0.32
{'success': array([False, False, False, False, False, False,  True,  True, False,
       False,  True, False, False, False, False, False,  True,  True,
       False,  True, False, False,  True,  True,  True, False, False,
       False, False, False, False, False, False, False,  True,  True,
       False,  True, False, False,  True,  True, False, False,  True,
       False,  True, False, False, False]), 'state_dist': array([ 185.52853 ,   55.3138  ,  326.5357  ,  112.95974 ,  137.82007 ,
        113.5534  ,   48.973484,  128.35007 ,  111.08476 ,   73.973625,
         37.02664 ,   32.319965,  134.43863 ,  189.3124  ,   51.711998,
         70.733345,   62.735466,   38.82097 ,  101.294235,   49.355095,
       1516.5344  ,   40.345184,   56.558964,   24.417936,  141.7604  ,
        184.46585 ,  178.9044  ,  174.13908 ,   80.177704,  182.89735 ,
        181.18243 ,   58.252686,   61.637894,  612.4323  ,  154.39845 ,
         40.377728,   84.625465,  116.966125,   83.67209 ,   69.68836 ,
         47.051056,   77.46149 ,  102.071655,   77.98065 ,  111.31826 ,
        189.72488 ,   62.520157,  186.1792  ,  212.06937 ,  134.71838 ],
      dtype=float32)}
Success rate:  0.32
{'success': array([False, False, False, False, False, False,  True,  True, False,
       False,  True, False, False, False, False, False,  True,  True,
       False, False, False, False,  True,  True,  True, False, False,
       False, False, False, False, False, False, False,  True,  True,
       False,  True, False, False,  True,  True, False,  True,  True,
       False,  True, False, False, False]), 'state_dist': array([ 183.2119  ,   60.634666,  326.06345 ,  114.340164,  136.48546 ,
        108.39602 ,   47.20658 ,  128.44014 ,  108.79765 ,   76.431946,
         33.555695,   31.66486 ,  132.29602 ,  184.64313 ,   54.41286 ,
         84.469925,   68.691696,   40.540466,  113.30465 ,   47.563557,
       1520.5781  ,   44.949745,   56.49835 ,   34.3931  ,  138.23318 ,
        178.74661 ,  179.00345 ,  168.64803 ,   80.923386,  192.76073 ,
        182.25485 ,   57.465252,   63.20673 ,  612.9049  ,  151.27298 ,
         41.461052,   93.233116,  123.40732 ,   76.62712 ,   60.447342,
         45.312534,   74.247894,  101.22682 ,   77.63833 ,  103.09751 ,
        188.75513 ,   66.74387 ,  190.4071  ,  220.83128 ,  135.65779 ],
      dtype=float32)}
Success rate:  0.32
{'success': array([False, False, False, False, False, False,  True,  True, False,
       False,  True, False, False, False, False, False,  True,  True,
       False,  True, False, False,  True,  True,  True, False, False,
       False, False, False, False, False, False, False,  True,  True,
       False,  True, False, False,  True,  True, False, False,  True,
       False,  True, False, False, False]), 'state_dist': array([ 184.54964 ,   70.02384 ,  325.74304 ,  110.89028 ,  130.78734 ,
        107.5672  ,   53.340607,  123.051506,  105.859276,   79.49728 ,
         29.392893,   30.817427,  138.27812 ,  175.45995 ,   62.397385,
         94.47696 ,   72.51592 ,   37.19444 ,  113.50966 ,   45.597183,
       1524.6403  ,   49.483624,   61.39892 ,   38.421623,  133.83633 ,
        178.23575 ,  178.23993 ,  171.10422 ,   79.714294,  186.0354  ,
        180.3721  ,   54.65883 ,   59.591736,  618.25616 ,  160.89928 ,
         42.792538,  102.13155 ,  120.86615 ,   71.26124 ,   70.02242 ,
         42.445045,   76.59639 ,  108.368416,   79.65797 ,   88.17677 ,
        188.16393 ,   64.74786 ,  189.42747 ,  237.55525 ,  135.65057 ],
      dtype=float32)}
Success rate:  0.28
{'success': array([False, False, False, False, False, False,  True,  True, False,
       False,  True, False, False, False, False, False, False,  True,
       False,  True, False, False,  True,  True,  True, False, False,
       False, False, False, False, False, False, False,  True, False,
       False,  True, False, False,  True,  True, False, False,  True,
       False,  True, False, False, False]), 'state_dist': array([ 187.98276 ,   71.38527 ,  325.36157 ,  110.95584 ,  133.89037 ,
        109.61592 ,   58.48052 ,  125.02971 ,  109.33946 ,   86.5926  ,
         31.530119,   31.74929 ,  150.72221 ,  180.8896  ,   61.251476,
         98.39644 ,   69.94777 ,   43.519836,  118.48994 ,   42.004642,
       1528.6481  ,   45.0904  ,   66.42889 ,   37.450085,  127.26871 ,
        177.37152 ,  177.40375 ,  169.04512 ,   79.979965,  190.63524 ,
        180.42189 ,   54.9359  ,   66.973465,  618.2338  ,  165.9615  ,
         44.74019 ,  106.98477 ,  113.31109 ,   66.69427 ,   66.37524 ,
         44.546303,   71.68379 ,  108.55405 ,   81.48482 ,   85.2696  ,
        189.74542 ,   57.80288 ,  195.49953 ,  235.83145 ,  135.29918 ],
      dtype=float32)}
Success rate:  0.3
{'success': array([False, False, False, False, False, False,  True, False, False,
       False,  True, False, False, False, False, False,  True,  True,
       False,  True, False, False,  True,  True,  True, False, False,
       False, False, False, False, False, False, False,  True,  True,
       False,  True, False, False,  True,  True, False, False,  True,
       False,  True, False, False, False]), 'state_dist': array([ 188.75092 ,   76.567444,  332.64496 ,  109.26738 ,  138.7013  ,
        118.11681 ,   54.758724,  126.32465 ,  111.640495,   87.1716  ,
         28.798573,   32.418163,  154.33043 ,  182.25308 ,   64.0031  ,
        101.01982 ,   72.32251 ,   50.69267 ,  114.002174,   36.398   ,
       1534.6287  ,   48.901306,   62.230362,   41.576443,  118.412575,
        176.31273 ,  176.91641 ,  168.48128 ,   80.34944 ,  184.79684 ,
        178.15648 ,   55.012615,   95.422066,  617.83307 ,  166.31595 ,
         46.84398 ,  110.930885,  112.640465,   68.15819 ,   66.73522 ,
         46.62713 ,   69.72026 ,  116.65855 ,   84.19669 ,   69.13015 ,
        191.15726 ,   58.39525 ,  195.26213 ,  238.8681  ,  135.45366 ],
      dtype=float32)}
Success rate:  0.32
{'success': array([False, False, False, False, False, False,  True,  True, False,
       False,  True, False, False, False, False, False,  True,  True,
       False,  True, False, False,  True,  True,  True, False, False,
       False, False, False, False, False, False, False,  True,  True,
       False,  True, False, False,  True,  True, False, False,  True,
       False,  True, False, False, False]), 'state_dist': array([ 188.45837 ,   69.268105,  307.56503 ,  113.7379  ,  141.63362 ,
        116.43789 ,   59.512466,  126.710846,  110.866745,   89.82715 ,
         31.413527,   34.434223,  150.92766 ,  185.43362 ,   59.991165,
        111.13288 ,   72.15529 ,   53.939415,  113.155846,   35.59526 ,
       1537.5004  ,   44.22788 ,   60.223003,   50.618633,  122.04325 ,
        176.00963 ,  176.16989 ,  169.77435 ,   79.6323  ,  186.18953 ,
        179.71779 ,   53.12224 ,  100.13652 ,  618.7493  ,  163.969   ,
         45.587147,  112.30747 ,  109.08165 ,   66.16338 ,   66.6288  ,
         43.793003,   70.00606 ,  123.640434,   85.7658  ,   66.28597 ,
        191.9822  ,   61.31999 ,  194.91426 ,  243.3831  ,  133.43434 ],
      dtype=float32)}
Success rate:  0.32
{'success': array([False, False, False, False, False, False,  True,  True, False,
       False,  True, False, False, False, False, False,  True,  True,
       False,  True, False, False,  True,  True,  True, False, False,
       False, False, False, False, False, False, False,  True,  True,
       False,  True, False, False,  True,  True, False, False,  True,
       False,  True, False, False, False]), 'state_dist': array([ 188.10081 ,   68.387276,  305.87225 ,  111.59352 ,  143.05026 ,
        123.90682 ,   58.252773,  128.69513 ,  109.38811 ,   97.55726 ,
         33.888428,   33.10282 ,  149.03995 ,  189.13353 ,   63.49636 ,
        107.2487  ,   60.547485,   55.885464,  124.529686,   33.76793 ,
       1539.6884  ,   44.032806,   62.701008,   46.142124,  120.97986 ,
        177.32079 ,  176.5431  ,  166.78862 ,   79.73548 ,  193.0068  ,
        177.54791 ,   52.78718 ,  108.84534 ,  615.95105 ,  167.03375 ,
         45.07641 ,  116.800674,   99.308205,   66.23617 ,   64.736435,
         47.397354,   70.871   ,  119.509186,   84.91037 ,   63.640087,
        191.11984 ,   65.92207 ,  198.52582 ,  247.24097 ,  133.52693 ],
      dtype=float32)}
Success rate:  0.32
{'success': array([False, False, False, False, False, False,  True,  True, False,
       False,  True, False, False, False, False, False,  True,  True,
       False,  True, False, False,  True,  True,  True, False, False,
       False, False, False, False, False, False, False,  True,  True,
       False,  True, False, False,  True,  True, False, False,  True,
       False,  True, False, False, False]), 'state_dist': array([ 190.2725  ,   65.03011 ,  298.42474 ,  110.06927 ,  145.52345 ,
        126.37922 ,   62.879486,  126.54768 ,  116.383255,   93.43447 ,
         34.836605,   31.646296,  145.7862  ,  188.4618  ,   67.987595,
        114.87275 ,   59.93982 ,   52.57913 ,  118.987686,   33.822548,
       1541.9528  ,   42.996696,   57.343426,   43.37619 ,  116.88485 ,
        174.82045 ,  176.51921 ,  162.39803 ,   79.37525 ,  195.76765 ,
        176.9725  ,   52.836918,  115.03229 ,  614.2266  ,  166.2067  ,
         45.294353,  126.63027 ,  104.686615,   66.91059 ,   63.68818 ,
         48.15187 ,   70.14279 ,  119.711975,   87.48476 ,   55.082466,
        192.33066 ,   68.40163 ,  198.70412 ,  248.49498 ,  133.94194 ],
      dtype=float32)}
Success rate:  0.32
{'success': array([False, False, False, False, False, False,  True,  True, False,
       False,  True, False, False, False, False, False,  True,  True,
       False,  True, False, False,  True,  True,  True, False, False,
       False, False, False, False, False, False, False,  True,  True,
       False,  True, False, False,  True,  True, False, False,  True,
       False,  True, False, False, False]), 'state_dist': array([ 189.3793  ,   68.117355,  306.41727 ,  108.39071 ,  146.12785 ,
        123.24965 ,   59.7282  ,  125.57754 ,  116.14071 ,   91.4306  ,
         34.958965,   31.38129 ,  147.85654 ,  186.68565 ,   70.29592 ,
        121.327324,   53.371407,   50.387913,  119.25691 ,   33.26442 ,
       1544.8197  ,   46.12602 ,   62.00854 ,   42.82805 ,  115.79972 ,
        171.90582 ,  176.47884 ,  162.77048 ,   80.030815,  196.99141 ,
        176.79028 ,   53.015194,  114.99894 ,  613.2207  ,  166.23027 ,
         43.49252 ,  122.20256 ,   96.50872 ,   68.19321 ,   61.963326,
         47.42006 ,   70.32053 ,  112.21572 ,   86.36806 ,   50.324074,
        191.74628 ,   68.19285 ,  202.14725 ,  245.5365  ,  135.03304 ],
      dtype=float32)}
Success rate:  0.32
{'success': array([False, False, False, False, False, False,  True,  True, False,
       False,  True, False, False, False, False, False,  True,  True,
       False,  True, False, False,  True,  True,  True, False, False,
       False, False, False, False, False, False, False,  True,  True,
       False,  True, False, False,  True,  True, False, False,  True,
       False,  True, False, False, False]), 'state_dist': array([ 189.80688 ,   66.36853 ,  294.70233 ,  108.012314,  141.20212 ,
        121.52274 ,   58.61629 ,  126.46598 ,  117.71661 ,   87.961044,
         36.969788,   32.46921 ,  146.27925 ,  182.36137 ,   79.34682 ,
        119.40342 ,   51.687683,   47.26567 ,  126.75546 ,   31.602467,
       1549.5985  ,   49.31667 ,   67.07324 ,   42.08644 ,  117.053246,
        169.137   ,  176.4511  ,  163.58302 ,   79.883736,  201.92105 ,
        176.48447 ,   52.229992,  108.51478 ,  613.26886 ,  169.7435  ,
         41.875237,  125.58214 ,   87.74544 ,   69.52056 ,   66.68893 ,
         47.691906,   71.54841 ,  121.88599 ,   87.88335 ,   50.593014,
        190.252   ,   73.25871 ,  202.9614  ,  241.51205 ,  135.44998 ],
      dtype=float32)}
Success rate:  0.3
{'success': array([False, False, False, False, False, False,  True,  True, False,
       False,  True, False, False, False, False, False,  True,  True,
       False,  True, False, False,  True,  True,  True, False, False,
       False, False, False, False, False, False, False,  True, False,
       False,  True, False, False,  True,  True, False, False,  True,
       False,  True, False, False, False]), 'state_dist': array([ 190.04883 ,   67.3148  ,  296.16727 ,  108.29911 ,  142.51277 ,
        119.1115  ,   54.46247 ,  122.605835,  117.09391 ,   85.47496 ,
         39.411068,   35.372753,  146.93604 ,  179.53868 ,   66.032196,
        126.90632 ,   48.576157,   48.215427,  132.38258 ,   31.952728,
       1554.6476  ,   56.938046,   65.1009  ,   41.09187 ,  117.47783 ,
        169.14107 ,  176.13586 ,  164.59564 ,   80.211006,  204.93611 ,
        176.6341  ,   51.718307,  107.760895,  613.0802  ,  173.36974 ,
         40.79574 ,  126.52798 ,   84.06112 ,   67.03945 ,   67.19021 ,
         45.92694 ,   72.38103 ,  127.90452 ,   89.055305,   51.63295 ,
        190.50995 ,   71.42189 ,  203.10281 ,  244.4395  ,  136.51921 ],
      dtype=float32)}
MPC iter 6 Eval ------- 
Success rate:  0.42
{'success': array([False,  True, False, False, False, False,  True,  True, False,
       False,  True,  True, False, False,  True, False,  True,  True,
       False,  True, False, False,  True,  True,  True, False, False,
       False, False, False, False, False,  True, False,  True,  True,
       False,  True, False, False,  True,  True, False,  True,  True,
       False,  True, False, False, False]), 'state_dist': array([ 190.08803 ,   43.239216,  296.1771  ,  108.35495 ,  142.4894  ,
        119.05658 ,  139.65704 ,   92.46523 ,  117.35354 ,   85.54081 ,
        137.92137 ,   62.603428,  147.16539 ,  179.30835 ,   96.30431 ,
        126.81938 ,   70.81469 ,   85.94318 ,  132.44241 ,   96.280304,
       1553.6699  ,   57.093704,   63.34208 ,  217.35431 ,  344.65198 ,
        169.49252 ,  176.17293 ,  164.59274 ,   80.32088 ,  204.95544 ,
        176.63365 ,   51.671257,   83.53995 ,  613.08624 ,  137.5744  ,
         46.732365,  126.52578 ,  291.61444 ,   66.906746,   67.2254  ,
          9.578253,  136.85725 ,  127.8422  ,  198.00491 ,  195.57776 ,
        189.84915 ,   94.73741 ,  203.35435 ,  244.60344 ,  136.5532  ],
      dtype=float32)}
self.is_success:  [False  True False False False False  True  True False False  True  True
 False False  True False  True  True False  True False False  True  True
  True False False False False False False False  True False  True  True
 False  True False False  True  True False  True  True False  True False
 False False]
Success rate:  0.38
{'success': array([False,  True, False, False, False, False,  True,  True, False,
       False,  True,  True, False, False, False, False,  True,  True,
       False,  True, False, False,  True,  True,  True, False, False,
       False, False, False, False, False, False, False,  True,  True,
       False,  True, False, False,  True,  True, False,  True,  True,
       False,  True, False, False, False]), 'state_dist': array([ 196.2559  ,   49.5205  ,  336.092   ,   97.64083 ,  198.52919 ,
        138.07513 ,   29.552164,  111.81277 ,   68.30447 ,  106.08092 ,
         35.178917,   23.975422,   92.69331 ,  152.021   ,   58.39604 ,
         46.424294,   57.953175,   43.91975 ,  101.65615 ,   65.946175,
       1576.9441  ,   42.87076 ,   46.04104 ,   53.771687,  149.56783 ,
        219.04945 ,  182.1136  ,  210.40634 ,  103.39951 ,  103.18292 ,
        179.70274 ,  102.210526,   65.13025 ,  646.3236  ,   95.608246,
         70.03722 ,   67.36737 ,  153.01016 ,   66.452934,  139.41803 ,
         27.8065  ,   49.857647,  103.80599 ,   84.49677 ,  141.81598 ,
        127.42049 ,  118.82524 ,  197.35562 ,  160.28185 ,  133.1394  ],
      dtype=float32)}
Success rate:  0.36
{'success': array([False,  True, False, False, False, False,  True,  True, False,
       False,  True,  True, False, False, False, False, False,  True,
       False,  True, False, False,  True,  True,  True, False, False,
       False, False, False, False, False, False, False,  True,  True,
       False,  True, False, False,  True,  True, False,  True,  True,
       False,  True, False, False, False]), 'state_dist': array([ 204.98846 ,   33.349598,  354.73087 ,   94.14345 ,  209.97444 ,
        123.3516  ,   30.49982 ,  101.09957 ,   67.141525,  104.4813  ,
         27.224247,   21.324638,   88.70128 ,  146.7196  ,   77.1838  ,
         48.86959 ,   58.6092  ,   22.767872,   98.4066  ,   72.368286,
       1603.5356  ,   39.32225 ,   42.567432,   53.526363,  167.99423 ,
        213.4255  ,  181.37463 ,  209.82771 ,  108.80561 ,  134.78168 ,
        174.70444 ,  112.31904 ,   79.47642 ,  676.94214 ,  103.56418 ,
         77.9929  ,   64.44554 ,  151.28198 ,   66.05104 ,  158.10287 ,
         36.478756,   51.31325 ,   93.50042 ,   98.00317 ,  167.81998 ,
        138.76291 ,  111.35743 ,  224.96146 ,  163.96523 ,  145.82735 ],
      dtype=float32)}
Success rate:  0.36
{'success': array([False,  True, False, False, False, False,  True,  True, False,
       False,  True,  True, False, False, False, False,  True,  True,
       False,  True, False, False,  True,  True,  True, False, False,
       False, False, False, False, False, False, False,  True,  True,
       False,  True, False, False,  True,  True, False, False,  True,
       False,  True, False, False, False]), 'state_dist': array([ 216.51956 ,   32.55014 ,  372.7779  ,   98.04483 ,  210.54158 ,
        111.58663 ,   20.235033,   97.81076 ,   71.38101 ,   95.84668 ,
         41.482998,   22.232388,   77.495674,  153.57848 ,   73.64672 ,
         54.56692 ,   59.526978,   18.212702,  103.19251 ,   57.391163,
       1626.8141  ,   61.292625,   54.026653,   42.559116,  162.50774 ,
        198.88089 ,  180.97972 ,  202.57318 ,  111.79069 ,  140.16743 ,
        177.39713 ,  108.98716 ,   66.92369 ,  685.10693 ,  126.034134,
         79.22329 ,   65.27594 ,  134.61113 ,   70.41492 ,  148.74269 ,
         41.68174 ,   50.837727,   92.3904  ,  110.78595 ,  144.51387 ,
        139.46143 ,   99.58861 ,  238.62689 ,  176.18756 ,  138.05902 ],
      dtype=float32)}
Success rate:  0.38
{'success': array([False,  True, False, False, False, False,  True,  True, False,
       False,  True,  True, False, False, False, False,  True,  True,
       False,  True, False, False,  True,  True,  True, False, False,
       False, False, False, False, False, False, False,  True,  True,
       False,  True, False, False,  True,  True, False,  True,  True,
       False,  True, False, False, False]), 'state_dist': array([ 218.60678 ,   20.778433,  372.63333 ,  101.7284  ,  191.34521 ,
        114.70155 ,   38.84435 ,  120.38714 ,   69.46045 ,  104.162796,
         42.4242  ,   15.930604,   73.423965,  159.8642  ,   66.43425 ,
         60.875446,   67.998695,   14.053064,   97.10073 ,   82.43298 ,
       1645.5924  ,   69.92312 ,   61.271122,   59.845783,  159.49625 ,
        196.78645 ,  177.51506 ,  201.07408 ,  104.492485,  131.482   ,
        175.75093 ,  113.58706 ,   54.432438,  677.4036  ,  132.71913 ,
         68.2205  ,   73.93333 ,  133.06476 ,   84.583916,  148.4835  ,
         37.584217,   54.97579 ,   88.212616,  106.178185,  172.06795 ,
        137.81393 ,   72.40172 ,  257.41052 ,  167.15256 ,  136.64513 ],
      dtype=float32)}
Success rate:  0.36
{'success': array([False,  True, False, False, False, False,  True,  True, False,
       False,  True,  True, False, False, False, False,  True,  True,
       False,  True, False, False, False,  True,  True, False, False,
       False, False, False, False, False, False, False,  True,  True,
       False,  True, False, False,  True,  True, False,  True,  True,
       False,  True, False, False, False]), 'state_dist': array([ 217.8198  ,   25.446238,  362.40335 ,   96.58995 ,  205.95537 ,
        110.89562 ,   20.93675 ,  133.68788 ,   77.483795,  120.548996,
         40.180424,   19.827248,   94.47387 ,  159.54198 ,   67.79436 ,
         54.28315 ,   88.16009 ,   22.653101,   98.526886,   83.12525 ,
       1643.1106  ,   82.97957 ,   64.50457 ,   63.77103 ,  165.19043 ,
        178.44968 ,  176.67258 ,  216.15408 ,  106.39008 ,  148.12737 ,
        157.38474 ,  113.565544,   48.410564,  681.99475 ,  129.29393 ,
         85.56838 ,   71.8538  ,  115.1426  ,   94.16598 ,  151.53117 ,
         30.163864,   53.983982,   86.147446,   99.84648 ,  182.14867 ,
        128.2879  ,   91.582146,  281.71182 ,  198.86394 ,  129.43135 ],
      dtype=float32)}
Success rate:  0.38
{'success': array([False,  True, False, False, False, False,  True,  True, False,
       False,  True,  True, False, False, False, False,  True,  True,
       False,  True, False, False,  True,  True,  True, False, False,
       False, False, False, False, False, False, False,  True,  True,
       False,  True, False, False,  True,  True, False,  True,  True,
       False,  True, False, False, False]), 'state_dist': array([ 219.40985 ,   29.488192,  345.90707 ,   92.24458 ,  209.58463 ,
         98.44223 ,   22.75697 ,  127.991455,   73.48962 ,  127.1009  ,
         38.24063 ,   19.903158,   86.509766,  154.07738 ,   95.338005,
         40.923233,   92.5299  ,   21.89787 ,  110.177574,   90.40791 ,
       1646.314   ,   97.41527 ,   79.04354 ,   54.119545,  160.84795 ,
        175.36342 ,  176.9013  ,  188.94974 ,  102.328026,  143.35072 ,
        159.66267 ,  129.64868 ,   41.09228 ,  669.6878  ,  135.77504 ,
         91.58372 ,   71.584206,  105.46876 ,   83.901535,  168.70049 ,
         49.868782,   50.77959 ,   91.299904,  111.00665 ,  190.89073 ,
        131.46333 ,  114.807236,  291.56876 ,  203.61375 ,  125.93335 ],
      dtype=float32)}
Success rate:  0.38
{'success': array([False,  True, False, False, False, False,  True,  True, False,
       False,  True,  True, False, False, False, False,  True,  True,
       False,  True, False, False,  True,  True,  True, False, False,
       False, False, False, False, False, False, False,  True,  True,
       False,  True, False, False,  True,  True, False,  True,  True,
       False,  True, False, False, False]), 'state_dist': array([ 212.10051 ,   39.93781 ,  326.38766 ,   98.10288 ,  222.83815 ,
         92.31613 ,   49.694515,  135.98346 ,   74.963234,  122.171684,
         41.4786  ,   32.20621 ,   83.80776 ,  178.13136 ,   78.41184 ,
         40.318092,   94.88934 ,   28.415014,  122.08568 ,  103.64484 ,
       1653.0045  ,  100.40916 ,   76.58834 ,   70.60818 ,  171.84592 ,
        178.0351  ,  176.14223 ,  191.8806  ,  113.70576 ,  147.00879 ,
        153.96983 ,  107.15105 ,   38.83842 ,  679.101   ,  136.96536 ,
         83.61486 ,   85.918625,  119.48695 ,   80.12153 ,  156.88345 ,
         56.809628,   61.72654 ,   92.64697 ,   98.58637 ,  186.19647 ,
        124.34104 ,  117.87366 ,  302.20013 ,  200.25331 ,  117.346634],
      dtype=float32)}
Success rate:  0.38
{'success': array([False,  True, False, False, False, False,  True,  True, False,
       False,  True,  True, False, False, False, False,  True,  True,
       False,  True, False, False,  True,  True,  True, False, False,
       False, False, False, False, False, False, False,  True,  True,
       False,  True, False, False,  True,  True, False,  True,  True,
       False,  True, False, False, False]), 'state_dist': array([ 209.24773 ,   34.545773,  326.70816 ,  104.39799 ,  212.44373 ,
         84.15399 ,   60.574196,  129.1656  ,   79.31959 ,  117.54903 ,
         27.921877,   26.594753,   83.79342 ,  197.60703 ,   64.59903 ,
         40.778828,  104.378716,   32.824993,  125.06493 ,  103.55515 ,
       1661.4377  ,  123.79227 ,   73.07432 ,   38.80364 ,  172.56064 ,
        172.84714 ,  174.03458 ,  177.40425 ,   98.370605,  151.60121 ,
        155.67813 ,  103.364914,   41.63125 ,  674.1324  ,  114.80046 ,
         91.65665 ,   93.53044 ,  127.98256 ,   82.6248  ,  169.37996 ,
         71.32673 ,   55.667423,   94.27936 ,  124.230034,  178.73679 ,
        130.32292 ,  105.51124 ,  313.76456 ,  219.51811 ,  115.77183 ],
      dtype=float32)}
Success rate:  0.36
{'success': array([False,  True, False, False, False, False,  True,  True, False,
       False,  True,  True, False, False, False, False,  True,  True,
       False,  True, False, False,  True,  True,  True, False, False,
       False, False, False, False, False, False, False, False,  True,
       False,  True, False, False,  True,  True, False,  True,  True,
       False,  True, False, False, False]), 'state_dist': array([ 207.8605  ,   32.947453,  335.72327 ,  113.264366,  201.04195 ,
         82.89604 ,   76.40806 ,  121.96871 ,   77.430466,  101.394264,
         45.70204 ,   24.52562 ,   78.96124 ,  194.16382 ,  103.18979 ,
         41.031155,  106.16652 ,   38.117188,  131.36746 ,  109.73412 ,
       1669.8198  ,  133.1384  ,   75.66669 ,   53.951828,  178.73439 ,
        177.17278 ,  175.20578 ,  168.36406 ,  104.24184 ,  153.51715 ,
        158.78116 ,   92.71515 ,   43.8527  ,  672.012   ,  116.169174,
         87.9599  ,   99.642944,  122.6286  ,   80.31257 ,  166.4749  ,
         64.97795 ,   60.99517 ,   95.90927 ,  159.5804  ,  184.23268 ,
        133.65196 ,  105.42301 ,  318.15665 ,  206.41208 ,  120.092735],
      dtype=float32)}
Success rate:  0.36
{'success': array([False,  True, False, False, False, False,  True,  True, False,
       False,  True,  True, False, False, False, False,  True,  True,
       False,  True, False, False,  True,  True,  True, False, False,
       False, False, False, False, False, False, False,  True,  True,
       False,  True, False, False,  True,  True, False,  True, False,
       False,  True, False, False, False]), 'state_dist': array([ 211.20515 ,   37.826557,  350.33655 ,  115.72288 ,  202.81363 ,
         74.991264,   84.460266,  118.30331 ,   78.48982 ,   93.74439 ,
         54.375977,   23.515575,   79.88606 ,  197.98555 ,  133.0753  ,
         41.173447,   99.75939 ,   35.85126 ,  143.84154 ,  116.05492 ,
       1673.2472  ,  141.34496 ,   75.27442 ,   56.156487,  180.69006 ,
        182.48499 ,  174.84262 ,  157.62335 ,  109.130264,  155.51372 ,
        159.46945 ,   98.2961  ,   36.65083 ,  682.7805  ,  141.75346 ,
         88.16136 ,  103.79368 ,  135.82465 ,   79.366554,  168.64706 ,
         61.202393,   78.40296 ,   94.79965 ,  149.96811 ,  194.8325  ,
        138.5668  ,  107.238594,  319.98145 ,  210.41576 ,  123.17058 ],
      dtype=float32)}
Success rate:  0.34
{'success': array([False,  True, False, False, False, False,  True,  True, False,
       False,  True,  True, False, False, False, False,  True,  True,
       False,  True, False, False,  True,  True,  True, False, False,
       False, False, False, False, False, False, False, False,  True,
       False,  True, False, False,  True,  True, False,  True, False,
       False,  True, False, False, False]), 'state_dist': array([ 214.8687  ,   43.23401 ,  350.848   ,  108.03872 ,  188.87177 ,
         81.89918 ,   77.76133 ,  134.11765 ,   79.584465,  105.64228 ,
         49.80404 ,   24.621546,   79.86561 ,  189.11595 ,  140.20692 ,
         45.02965 ,   85.07181 ,   30.97824 ,  148.36192 ,  111.08381 ,
       1675.7566  ,  134.24648 ,   97.178   ,   61.055367,  176.74582 ,
        169.36082 ,  175.80835 ,  166.98044 ,  108.70289 ,  172.23596 ,
        151.61253 ,   89.75842 ,   34.049034,  682.3904  ,  109.88727 ,
         93.50275 ,   91.78183 ,  154.63445 ,   80.3478  ,  165.44121 ,
         67.613235,   84.544975,   95.45803 ,  147.545   ,  184.12955 ,
        145.78796 ,  107.64672 ,  320.88394 ,  221.02063 ,  125.95331 ],
      dtype=float32)}
Success rate:  0.36
{'success': array([False,  True, False, False, False, False,  True,  True, False,
       False,  True,  True, False, False, False, False,  True,  True,
       False,  True, False, False,  True,  True,  True, False, False,
       False, False, False, False, False, False, False, False,  True,
       False,  True, False, False,  True,  True, False,  True,  True,
       False,  True, False, False, False]), 'state_dist': array([ 215.37163 ,   52.764538,  350.3488  ,  103.18402 ,  183.15622 ,
         90.32348 ,   76.90275 ,  131.10886 ,   80.37976 ,  113.8942  ,
         53.84793 ,   28.876732,   79.01705 ,  191.68794 ,  151.16559 ,
         44.027897,   83.39315 ,   31.335245,  147.02531 ,  112.21387 ,
       1678.3912  ,  137.93753 ,  112.38891 ,   38.53524 ,  187.56612 ,
        160.9509  ,  174.75133 ,  176.36253 ,   97.1617  ,  172.59235 ,
        157.23424 ,   82.92619 ,   35.157402,  689.52563 ,  116.830574,
         98.36082 ,  109.01902 ,  157.81993 ,   71.56409 ,  177.17236 ,
         73.1208  ,  100.028786,   94.07686 ,  151.1922  ,  182.30122 ,
        141.22574 ,  103.23278 ,  318.8267  ,  204.60939 ,  135.10811 ],
      dtype=float32)}
Success rate:  0.36
{'success': array([False,  True, False, False, False, False,  True,  True, False,
       False,  True,  True, False, False, False, False,  True,  True,
       False,  True, False, False,  True,  True,  True, False, False,
       False, False, False, False, False, False, False, False,  True,
       False,  True, False, False,  True,  True, False,  True,  True,
       False,  True, False, False, False]), 'state_dist': array([ 218.96387 ,   59.749443,  344.15463 ,  101.34116 ,  178.61148 ,
         92.23506 ,   79.4097  ,  132.01122 ,   81.816765,  102.560974,
         53.49881 ,   33.896454,   75.18497 ,  187.0155  ,  167.65775 ,
         38.95373 ,   75.91215 ,   29.207897,  148.69907 ,  103.26411 ,
       1688.1171  ,  146.76523 ,  100.03109 ,   49.27667 ,  200.40091 ,
        155.58719 ,  174.13774 ,  183.71735 ,   97.13531 ,  166.51688 ,
        168.59926 ,   81.74695 ,   38.12082 ,  697.44556 ,  110.170425,
         98.263115,  109.593155,  168.5123  ,   70.740685,  206.70024 ,
         96.51791 ,  104.80323 ,   91.903625,  166.1012  ,  186.93523 ,
        144.88406 ,  106.92961 ,  315.09265 ,  207.9183  ,  145.10948 ],
      dtype=float32)}
Success rate:  0.36
{'success': array([False,  True, False, False, False, False,  True,  True, False,
       False,  True,  True, False, False, False, False,  True,  True,
       False,  True, False, False,  True,  True,  True, False, False,
       False, False, False, False, False, False, False, False,  True,
       False,  True, False, False,  True,  True, False,  True,  True,
       False,  True, False, False, False]), 'state_dist': array([ 221.54063 ,   64.477066,  348.48505 ,  102.69411 ,  177.51944 ,
         91.6445  ,   99.019966,  145.1787  ,   89.73515 ,   95.86545 ,
         34.785744,   28.747942,   71.4717  ,  185.67104 ,  163.61899 ,
         39.752968,   86.66778 ,   30.211437,  145.85612 ,  118.28888 ,
       1687.8685  ,  143.46515 ,  103.13184 ,   27.908575,  198.69911 ,
        153.52116 ,  174.06439 ,  191.25041 ,  107.66214 ,  161.77817 ,
        172.13377 ,   74.95286 ,   39.59998 ,  700.08875 ,  106.51181 ,
         96.43401 ,  114.606544,  165.02103 ,   68.43075 ,  210.9302  ,
         94.06441 ,  113.50093 ,   91.68881 ,  179.13335 ,  179.13956 ,
        148.8472  ,  101.538216,  320.09836 ,  215.2566  ,  140.90125 ],
      dtype=float32)}
Success rate:  0.36
{'success': array([False,  True, False, False, False, False,  True,  True, False,
       False,  True,  True, False, False, False, False,  True,  True,
       False,  True, False, False,  True,  True,  True, False, False,
       False, False, False, False, False, False, False, False,  True,
       False,  True, False, False,  True,  True, False,  True,  True,
       False,  True, False, False, False]), 'state_dist': array([ 227.15573 ,   69.22152 ,  345.8715  ,   98.55571 ,  176.94038 ,
         97.760574,   88.764824,  129.52356 ,  104.15431 ,   78.23713 ,
         22.813477,   26.154789,   72.42319 ,  199.87033 ,  142.54044 ,
         40.16413 ,   83.898224,   34.63962 ,  141.14752 ,  119.82711 ,
       1688.4851  ,  151.36494 ,  111.45564 ,   33.968582,  201.0816  ,
        142.42596 ,  174.35619 ,  190.11058 ,  104.28724 ,  164.73769 ,
        168.40393 ,   75.490776,   39.514847,  702.50134 ,   98.53929 ,
         93.78108 ,  110.27215 ,  169.90671 ,   69.11027 ,  228.12161 ,
         79.71701 ,  116.34787 ,   95.393425,  198.7983  ,  179.96494 ,
        157.74783 ,  103.20806 ,  320.142   ,  213.80139 ,  153.51508 ],
      dtype=float32)}
Success rate:  0.36
{'success': array([False,  True, False, False, False, False,  True,  True, False,
       False,  True,  True, False, False, False, False,  True,  True,
       False,  True, False, False,  True,  True,  True, False, False,
       False, False, False, False, False, False, False, False,  True,
       False,  True, False, False,  True,  True, False,  True,  True,
       False,  True, False, False, False]), 'state_dist': array([ 231.33958 ,   72.186676,  352.07336 ,  100.63425 ,  175.07072 ,
         97.602455,   92.16756 ,  148.31491 ,  100.61395 ,   82.04618 ,
         36.639896,   33.86945 ,   71.45579 ,  206.3404  ,  161.57048 ,
         39.34631 ,   61.86674 ,   36.725452,  144.61742 ,  112.55136 ,
       1689.4768  ,  155.99063 ,  117.18616 ,   16.44708 ,  201.54189 ,
        143.87836 ,  174.0085  ,  200.5608  ,  115.8348  ,  169.15765 ,
        167.79323 ,   64.54258 ,   34.67055 ,  707.17487 ,   97.880394,
         99.01163 ,  107.02844 ,  182.73224 ,   69.844574,  233.66516 ,
         87.46089 ,  130.52127 ,   99.22471 ,  202.36592 ,  178.55042 ,
        153.21793 ,  101.54076 ,  323.86893 ,  211.60266 ,  148.16959 ],
      dtype=float32)}
Success rate:  0.36
{'success': array([False,  True, False, False, False, False,  True,  True, False,
       False,  True,  True, False, False, False, False,  True,  True,
       False,  True, False, False,  True,  True,  True, False, False,
       False, False, False, False, False, False, False, False,  True,
       False,  True, False, False,  True,  True, False,  True,  True,
       False,  True, False, False, False]), 'state_dist': array([ 232.7987  ,   69.614075,  353.36163 ,  104.13009 ,  183.9322  ,
         92.062355,   97.019135,  139.13756 ,  114.96391 ,   92.62544 ,
         20.421467,   36.979874,   71.25377 ,  195.81502 ,  140.95355 ,
         38.68279 ,   63.40234 ,   41.978333,  151.94963 ,  103.50798 ,
       1691.1431  ,  165.64426 ,  114.37961 ,   33.638874,  209.50842 ,
        145.18117 ,  174.11485 ,  203.1947  ,  116.19562 ,  164.75787 ,
        167.92534 ,   72.79189 ,   38.115116,  713.6226  ,  124.432526,
        105.2799  ,  106.79638 ,  179.68547 ,   71.2349  ,  240.91406 ,
        112.66577 ,  135.35767 ,   94.833046,  174.63957 ,  175.63277 ,
        148.66953 ,   98.77604 ,  320.36047 ,  222.71005 ,  144.7167  ],
      dtype=float32)}
Success rate:  0.36
{'success': array([False,  True, False, False, False, False,  True,  True, False,
       False,  True,  True, False, False, False, False,  True,  True,
       False,  True, False, False,  True,  True,  True, False, False,
       False, False, False, False, False, False, False, False,  True,
       False,  True, False, False,  True,  True, False,  True,  True,
       False,  True, False, False, False]), 'state_dist': array([ 235.40996 ,   71.076904,  347.22363 ,   97.36313 ,  184.27171 ,
         90.987   ,   95.938866,  138.58452 ,  108.77782 ,  105.98801 ,
         29.415073,   33.599026,   72.96124 ,  198.38606 ,  142.25987 ,
         40.12359 ,   55.051228,   41.658527,  153.376   ,  114.287224,
       1693.6794  ,  167.8866  ,  107.26449 ,   54.04011 ,  206.72601 ,
        142.14922 ,  174.04008 ,  219.68024 ,  117.413475,  165.96815 ,
        168.76242 ,   69.991646,   42.880314,  716.63074 ,  145.7275  ,
         98.92663 ,  108.98227 ,  186.64464 ,   71.94184 ,  252.16257 ,
         99.08614 ,  128.61348 ,   93.42981 ,  158.42393 ,  175.79868 ,
        150.20598 ,   91.78751 ,  323.26004 ,  221.19891 ,  146.11739 ],
      dtype=float32)}
Success rate:  0.34
{'success': array([False,  True, False, False, False, False,  True,  True, False,
       False,  True,  True, False, False, False, False,  True,  True,
       False,  True, False, False,  True,  True,  True, False, False,
       False, False, False, False, False, False, False, False,  True,
       False,  True, False, False,  True,  True, False, False,  True,
       False,  True, False, False, False]), 'state_dist': array([ 235.98578 ,   74.26605 ,  350.30072 ,   98.021416,  185.45564 ,
         85.934006,   95.71942 ,  137.16946 ,   99.271385,  119.373955,
         22.47229 ,   33.278057,   73.248795,  198.04051 ,  156.33252 ,
         41.142918,   60.989292,   43.704712,  159.98744 ,  115.154305,
       1697.1481  ,  169.36896 ,  104.781624,   68.81197 ,  209.11247 ,
        145.86226 ,  174.33626 ,  202.71237 ,  124.15977 ,  164.39629 ,
        169.84015 ,   64.24785 ,   40.928673,  716.83795 ,  153.90598 ,
         93.406975,  112.07481 ,  189.68463 ,   77.26566 ,  243.34921 ,
        104.33441 ,  112.40224 ,   95.464966,  177.24583 ,  187.76552 ,
        152.49477 ,   95.688034,  324.8985  ,  222.8461  ,  149.4697  ],
      dtype=float32)}
Success rate:  0.36
{'success': array([False,  True, False, False, False, False,  True,  True, False,
       False,  True,  True, False, False, False, False,  True,  True,
       False,  True, False, False,  True,  True,  True, False, False,
       False, False, False, False, False, False, False, False,  True,
       False,  True, False, False,  True,  True, False,  True,  True,
       False,  True, False, False, False]), 'state_dist': array([ 243.4883  ,   82.72026 ,  355.09192 ,  100.73499 ,  184.43459 ,
         88.052376,   96.46838 ,  147.90929 ,  115.2246  ,  116.86001 ,
         24.300518,   29.549313,   73.35641 ,  191.40443 ,  173.95233 ,
         42.544094,   63.651176,   42.61239 ,  157.4849  ,  112.77449 ,
       1697.6295  ,  169.78362 ,  105.49625 ,   58.775288,  208.56644 ,
        146.68118 ,  174.27017 ,  220.63606 ,  130.83092 ,  162.80287 ,
        169.5127  ,   69.94618 ,   36.356827,  719.9054  ,  171.76938 ,
         88.60354 ,  120.04493 ,  178.84023 ,   77.09675 ,  245.82765 ,
         96.45362 ,  119.33036 ,   94.1858  ,  176.22772 ,  193.9808  ,
        153.61086 ,   88.361465,  326.61472 ,  223.70702 ,  149.1083  ],
      dtype=float32)}
Success rate:  0.36
{'success': array([False,  True, False, False, False, False,  True,  True, False,
       False,  True,  True, False, False, False, False,  True,  True,
       False,  True, False, False,  True,  True,  True, False, False,
       False, False, False, False, False, False, False, False,  True,
       False,  True, False, False,  True,  True, False,  True,  True,
       False,  True, False, False, False]), 'state_dist': array([ 247.58284 ,   94.926   ,  358.56775 ,   97.22233 ,  186.485   ,
         91.89811 ,   99.423134,  146.90724 ,  128.05502 ,  101.93148 ,
         30.13802 ,   28.255045,   72.52577 ,  182.59087 ,  183.52672 ,
         40.562813,   56.986713,   45.522404,  162.8706  ,  119.043846,
       1699.9448  ,  168.04764 ,  107.669266,   66.71802 ,  208.70659 ,
        154.58553 ,  174.19301 ,  227.66266 ,  128.86742 ,  161.6018  ,
        168.99077 ,   83.90727 ,   37.5199  ,  723.8467  ,  162.37436 ,
         87.66112 ,  119.9696  ,  175.7607  ,   78.72067 ,  254.88763 ,
         93.06643 ,  110.308464,   92.91888 ,  172.67519 ,  185.71707 ,
        155.99916 ,   88.9093  ,  327.55765 ,  222.33025 ,  149.5091  ],
      dtype=float32)}
Success rate:  0.36
{'success': array([False,  True, False, False, False, False,  True,  True, False,
       False,  True,  True, False, False, False, False,  True,  True,
       False,  True, False, False,  True,  True,  True, False, False,
       False, False, False, False, False, False, False, False,  True,
       False,  True, False, False,  True,  True, False,  True,  True,
       False,  True, False, False, False]), 'state_dist': array([ 254.85391 ,   97.216225,  369.5392  ,  100.947525,  189.61084 ,
         96.02621 ,   93.533264,  145.51065 ,  126.555435,  114.23445 ,
         27.639427,   30.366426,   72.99764 ,  184.98524 ,  180.31038 ,
         41.475132,   53.135666,   44.820335,  157.46196 ,  111.58369 ,
       1700.072   ,  164.28427 ,  110.35137 ,   69.07363 ,  215.46114 ,
        163.93323 ,  174.49803 ,  233.81133 ,  128.35934 ,  164.13095 ,
        166.38756 ,   85.20557 ,   36.347717,  721.8907  ,  159.5767  ,
         91.65419 ,  123.66397 ,  168.57475 ,   79.84209 ,  252.80634 ,
         87.309975,  117.4241  ,   98.72493 ,  160.72179 ,  188.71584 ,
        159.25513 ,   80.54287 ,  332.2297  ,  218.57286 ,  152.40121 ],
      dtype=float32)}
Success rate:  0.36
{'success': array([False,  True, False, False, False, False,  True,  True, False,
       False,  True,  True, False, False, False, False,  True,  True,
       False,  True, False, False,  True,  True,  True, False, False,
       False, False, False, False, False, False, False, False,  True,
       False,  True, False, False,  True,  True, False,  True,  True,
       False,  True, False, False, False]), 'state_dist': array([ 251.74965 ,   91.03476 ,  362.29376 ,   96.65146 ,  188.70418 ,
         96.83792 ,   91.618164,  139.17676 ,  131.1629  ,  122.34854 ,
         26.861935,   31.853367,   73.54945 ,  183.51895 ,  177.17976 ,
         49.080173,   59.232437,   45.393738,  153.61386 ,  113.30132 ,
       1703.2196  ,  158.15121 ,  104.35609 ,   63.816116,  209.99004 ,
        169.19781 ,  174.34758 ,  233.35162 ,  131.62254 ,  164.98117 ,
        168.35434 ,   90.416214,   41.200623,  723.3899  ,  152.79323 ,
         88.82286 ,  126.17859 ,  165.66896 ,   79.26311 ,  233.75383 ,
         93.27359 ,  134.3636  ,   96.80441 ,  168.3451  ,  176.9108  ,
        159.7769  ,   87.02835 ,  331.96378 ,  218.57617 ,  146.95996 ],
      dtype=float32)}
Success rate:  0.36
{'success': array([False,  True, False, False, False, False,  True,  True, False,
       False,  True,  True, False, False, False, False,  True,  True,
       False,  True, False, False,  True,  True,  True, False, False,
       False, False, False, False, False, False, False, False,  True,
       False,  True, False, False,  True,  True, False,  True,  True,
       False,  True, False, False, False]), 'state_dist': array([ 256.9322  ,   97.401276,  354.6808  ,   96.931725,  186.66945 ,
         94.15878 ,   92.33586 ,  140.87039 ,  131.28928 ,  122.249054,
         24.107231,   27.788788,   72.7459  ,  174.78972 ,  178.97649 ,
         48.431396,   56.44506 ,   57.57648 ,  154.19044 ,  115.60677 ,
       1702.1317  ,  156.85187 ,  110.05942 ,   59.784878,  220.35791 ,
        167.13399 ,  174.4425  ,  234.5329  ,  132.16536 ,  166.92287 ,
        169.13867 ,   93.222855,   43.224586,  726.0443  ,  159.94804 ,
         88.09734 ,  132.26201 ,  171.43507 ,   78.045006,  244.12355 ,
         92.27152 ,  147.51868 ,   91.17663 ,  172.41112 ,  174.01749 ,
        161.13402 ,   90.22649 ,  328.54617 ,  223.09557 ,  148.16702 ],
      dtype=float32)}
Success rate:  0.36
{'success': array([False,  True, False, False, False, False,  True,  True, False,
       False,  True,  True, False, False, False, False,  True,  True,
       False,  True, False, False,  True,  True,  True, False, False,
       False, False, False, False, False, False, False, False,  True,
       False,  True, False, False,  True,  True, False,  True,  True,
       False,  True, False, False, False]), 'state_dist': array([ 262.38    ,   93.667145,  354.2361  ,   99.29138 ,  188.51628 ,
         93.7965  ,   88.75956 ,  149.99654 ,  130.38115 ,  136.48042 ,
         27.11749 ,   30.855274,   75.65807 ,  175.87613 ,  184.05504 ,
         56.341404,   58.171764,   60.22818 ,  155.33504 ,  120.60132 ,
       1702.2643  ,  159.0747  ,  113.38929 ,   61.95186 ,  221.5715  ,
        170.07092 ,  176.3354  ,  234.4977  ,  129.79185 ,  173.82747 ,
        171.58366 ,   96.78749 ,   46.11341 ,  726.56744 ,  169.5467  ,
         90.062515,  129.66934 ,  174.37567 ,   76.17591 ,  238.09723 ,
         94.21296 ,  145.12799 ,   90.52316 ,  172.14444 ,  171.77348 ,
        167.2608  ,   94.34929 ,  333.94748 ,  228.89543 ,  150.63872 ],
      dtype=float32)}
Success rate:  0.36
{'success': array([False,  True, False, False, False, False,  True,  True, False,
       False,  True,  True, False, False, False, False,  True,  True,
       False,  True, False, False,  True,  True,  True, False, False,
       False, False, False, False, False, False, False, False,  True,
       False,  True, False, False,  True,  True, False,  True,  True,
       False,  True, False, False, False]), 'state_dist': array([ 261.1276  ,   89.77346 ,  349.2824  ,   98.8176  ,  187.15714 ,
        100.37612 ,   92.69561 ,  148.57611 ,  130.15096 ,  151.78447 ,
         28.370419,   26.090595,   75.25428 ,  185.04094 ,  183.56038 ,
         56.33736 ,   57.1854  ,   59.107437,  155.20248 ,  118.43055 ,
       1706.247   ,  162.63477 ,  109.73834 ,   55.01645 ,  227.40147 ,
        177.49161 ,  176.29933 ,  232.53015 ,  130.5549  ,  170.72493 ,
        173.39787 ,   98.834755,   42.020935,  728.01685 ,  165.97896 ,
         90.89185 ,  132.90083 ,  180.74385 ,   75.89765 ,  226.4058  ,
         98.68699 ,  154.14206 ,   90.232254,  174.28674 ,  165.33797 ,
        168.357   ,  100.5691  ,  332.66306 ,  228.93916 ,  148.81221 ],
      dtype=float32)}
Success rate:  0.36
{'success': array([False,  True, False, False, False, False,  True,  True, False,
       False,  True,  True, False, False, False, False,  True,  True,
       False,  True, False, False,  True,  True,  True, False, False,
       False, False, False, False, False, False, False, False,  True,
       False,  True, False, False,  True,  True, False,  True,  True,
       False,  True, False, False, False]), 'state_dist': array([ 266.08588 ,   88.95517 ,  349.9     ,   99.311   ,  184.2102  ,
        100.671875,   87.84023 ,  155.9353  ,  136.30824 ,  149.51399 ,
         25.011381,   25.128248,   75.5647  ,  180.62068 ,  194.03192 ,
         55.84958 ,   55.851723,   58.898495,  153.89139 ,  121.16389 ,
       1709.2184  ,  161.22113 ,  109.73589 ,   53.73578 ,  225.20302 ,
        173.92201 ,  177.41872 ,  237.17659 ,  131.87267 ,  168.0831  ,
        170.58124 ,  101.829765,   46.49689 ,  730.6472  ,  167.14624 ,
         90.932335,  131.00584 ,  188.02007 ,   77.560555,  231.5339  ,
        103.77672 ,  150.23157 ,   90.854515,  171.03366 ,  159.56961 ,
        168.84647 ,  102.28031 ,  332.563   ,  222.86122 ,  148.63048 ],
      dtype=float32)}
Success rate:  0.36
{'success': array([False,  True, False, False, False, False,  True,  True, False,
       False,  True,  True, False, False, False, False,  True,  True,
       False,  True, False, False,  True,  True,  True, False, False,
       False, False, False, False, False, False, False, False,  True,
       False,  True, False, False,  True,  True, False,  True,  True,
       False,  True, False, False, False]), 'state_dist': array([ 265.76505 ,   88.69776 ,  347.10153 ,  100.98784 ,  185.7822  ,
         99.33368 ,   85.710945,  147.42555 ,  131.50745 ,  152.80565 ,
         22.41317 ,   26.282835,   75.80766 ,  174.36493 ,  193.35858 ,
         63.11589 ,   67.47435 ,   46.506756,  156.3401  ,  114.26517 ,
       1708.8224  ,  160.40688 ,  109.18885 ,   51.233006,  234.13853 ,
        174.52669 ,  178.74944 ,  238.63516 ,  133.83829 ,  165.26996 ,
        177.64464 ,  105.14362 ,   51.1194  ,  732.40576 ,  159.56311 ,
         90.28808 ,  136.08266 ,  181.92012 ,   77.26917 ,  228.41464 ,
        111.07471 ,  119.492676,   89.37985 ,  164.05139 ,  161.38417 ,
        170.94733 ,  100.36413 ,  332.7369  ,  227.53554 ,  147.6112  ],
      dtype=float32)}
Success rate:  0.36
{'success': array([False,  True, False, False, False, False,  True,  True, False,
       False,  True,  True, False, False, False, False,  True,  True,
       False,  True, False, False,  True,  True,  True, False, False,
       False, False, False, False, False, False, False, False,  True,
       False,  True, False, False,  True,  True, False,  True,  True,
       False,  True, False, False, False]), 'state_dist': array([ 265.24594 ,   90.02839 ,  349.34097 ,  103.006645,  186.17924 ,
         88.51175 ,   89.020836,  155.18364 ,  136.6844  ,  154.10754 ,
         23.532589,   26.917936,   75.35982 ,  171.42497 ,  201.1857  ,
         65.83763 ,   64.11772 ,   52.531685,  152.60072 ,  114.864746,
       1709.8596  ,  161.28027 ,  106.572525,   54.06962 ,  235.10347 ,
        179.49037 ,  179.10228 ,  245.2993  ,  134.89816 ,  166.62885 ,
        179.8399  ,  102.67143 ,   46.200214,  734.42426 ,  155.58517 ,
         92.02836 ,  137.86525 ,  181.79848 ,   76.44144 ,  228.7087  ,
        123.4943  ,  123.10115 ,   89.79879 ,  159.6778  ,  162.55017 ,
        168.04025 ,   94.696594,  331.7959  ,  232.29472 ,  150.67563 ],
      dtype=float32)}
Success rate:  0.36
{'success': array([False,  True, False, False, False, False,  True,  True, False,
       False,  True,  True, False, False, False, False,  True,  True,
       False,  True, False, False,  True,  True,  True, False, False,
       False, False, False, False, False, False, False, False,  True,
       False,  True, False, False,  True,  True, False,  True,  True,
       False,  True, False, False, False]), 'state_dist': array([ 265.2123  ,   94.08138 ,  347.3301  ,  103.538445,  187.52441 ,
         88.88752 ,   88.87373 ,  155.65337 ,  135.53345 ,  140.36151 ,
         26.109425,   27.83984 ,   74.04382 ,  174.69171 ,  203.93103 ,
         72.53357 ,   68.34231 ,   60.000027,  151.3639  ,  113.36961 ,
       1710.6598  ,  161.27678 ,  108.05233 ,   44.588104,  240.5766  ,
        179.89676 ,  180.4595  ,  257.20145 ,  134.63173 ,  164.78201 ,
        183.70108 ,  100.47964 ,   48.822598,  736.4164  ,  153.21869 ,
         93.47229 ,  141.16183 ,  191.33543 ,   77.57723 ,  232.02724 ,
        126.15979 ,  119.70659 ,   88.51697 ,  162.25484 ,  159.75232 ,
        166.45282 ,   95.76232 ,  333.2053  ,  224.34094 ,  152.3066  ],
      dtype=float32)}
MPC iter 7 Eval ------- 
Success rate:  0.42
{'success': array([False,  True, False, False, False, False,  True,  True, False,
       False,  True,  True, False, False,  True, False,  True,  True,
       False,  True, False, False,  True,  True,  True, False, False,
       False, False, False, False, False,  True, False,  True,  True,
       False,  True, False, False,  True,  True, False,  True,  True,
       False,  True, False, False, False]), 'state_dist': array([ 265.12714 ,   43.239216,  347.32553 ,  103.645035,  187.46704 ,
         88.929   ,  139.65704 ,   92.46523 ,  135.42706 ,  140.38078 ,
        137.92137 ,   62.603428,   73.56619 ,  174.74567 ,   96.30431 ,
         72.30826 ,   70.81469 ,   85.94318 ,  151.30463 ,   96.280304,
       1708.8861  ,  161.27948 ,   63.34208 ,  217.35431 ,  344.65198 ,
        180.04453 ,  180.52888 ,  257.1918  ,  134.74701 ,  164.61366 ,
        183.69446 ,  100.30365 ,   83.53995 ,  737.0887  ,  137.5744  ,
         46.732365,  140.4468  ,  291.61444 ,   77.59476 ,  232.0269  ,
          9.578253,  136.85725 ,   88.41328 ,  198.00491 ,  195.57776 ,
        166.73561 ,   94.73741 ,  333.26852 ,  224.40654 ,  152.48965 ],
      dtype=float32)}
self.is_success:  [False  True False False False False  True  True False False  True  True
 False False  True False  True  True False  True False False  True  True
  True False False False False False False False  True False  True  True
 False  True False False  True  True False  True  True False  True False
 False False]
Success rate:  0.32
{'success': array([False,  True, False, False, False, False,  True,  True, False,
       False,  True,  True, False, False, False, False, False,  True,
       False,  True, False, False,  True,  True,  True, False, False,
       False, False, False, False, False, False, False,  True,  True,
       False,  True, False, False,  True,  True, False, False, False,
       False,  True, False, False, False]), 'state_dist': array([ 167.20624 ,   42.25784 ,  312.51276 ,   76.43951 ,  192.96709 ,
        156.4171  ,   21.729946,  130.00378 ,   63.210148,   98.73653 ,
         27.710361,   19.420345,   87.77982 ,  164.70851 ,   55.881104,
         43.165268,   41.37764 ,   50.327408,  133.25359 ,   67.95501 ,
       1727.8064  ,   32.318813,   48.42721 ,   57.286076,  129.87024 ,
        229.51881 ,  175.91188 ,  206.07289 ,  135.65686 ,   67.121445,
        139.89862 ,   95.30066 ,   57.366432,  749.66705 ,   80.00799 ,
         86.662155,   68.91342 ,  171.49625 ,   79.70547 ,  121.92377 ,
         37.15979 ,   41.262836,   95.4959  ,   90.30118 ,  139.48674 ,
        121.273834,  143.25583 ,  359.00092 ,  176.10829 ,  147.57353 ],
      dtype=float32)}
Success rate:  0.32
{'success': array([False,  True, False, False, False, False,  True,  True, False,
       False, False,  True, False, False, False, False,  True,  True,
       False,  True, False, False, False,  True,  True, False, False,
       False, False, False, False, False, False, False,  True,  True,
       False,  True, False, False,  True,  True, False, False,  True,
       False,  True, False, False, False]), 'state_dist': array([ 188.41368 ,   30.932035,  308.16257 ,   77.498924,  178.17627 ,
        163.50235 ,   30.7597  ,  133.35724 ,   66.44246 ,   80.07617 ,
         25.46695 ,   44.06721 ,   81.29581 ,  168.70581 ,   71.403465,
         51.688725,   41.165367,   31.38995 ,  143.46095 ,   67.785675,
       1755.1758  ,   37.018913,   44.125942,   50.249805,  127.24914 ,
        238.60599 ,  176.01299 ,  200.91466 ,  128.7733  ,   71.56565 ,
        130.22482 ,   92.11722 ,   48.996895,  777.2333  ,   86.582245,
         89.358345,   66.52553 ,  175.00148 ,  104.49668 ,  113.728935,
         43.295086,   32.077705,  105.77745 ,  102.83632 ,  150.79826 ,
        127.52004 ,  156.88173 ,  400.29758 ,  191.26521 ,  140.86346 ],
      dtype=float32)}
Success rate:  0.34
{'success': array([False,  True, False, False, False, False,  True,  True, False,
       False,  True,  True, False, False, False, False, False,  True,
       False,  True, False, False, False,  True,  True, False, False,
       False, False, False, False, False, False, False,  True,  True,
       False,  True, False, False,  True,  True, False,  True,  True,
       False,  True, False, False, False]), 'state_dist': array([ 199.08305 ,   22.45258 ,  299.89783 ,   76.38322 ,  178.02623 ,
        164.19516 ,   33.227127,  137.7172  ,   80.21023 ,   92.25383 ,
         24.914108,   31.115395,   73.53704 ,  170.92429 ,   60.941868,
         49.906334,   27.68976 ,   44.200077,  142.19319 ,   61.41778 ,
       1769.8706  ,   31.681288,   48.301037,   37.566086,   97.18488 ,
        222.30907 ,  176.02855 ,  201.16693 ,  131.86246 ,   70.22795 ,
        128.2743  ,   92.90324 ,   49.595814,  801.671   ,   92.683266,
        122.73469 ,   69.45068 ,  181.7189  ,   99.31195 ,  117.65996 ,
         41.198605,   29.35193 ,  106.70134 ,   85.67765 ,  154.56007 ,
        128.1437  ,  152.759   ,  436.91605 ,  192.77072 ,  142.63934 ],
      dtype=float32)}
Success rate:  0.34
{'success': array([False,  True, False, False, False, False,  True,  True, False,
       False,  True,  True, False, False, False, False, False,  True,
       False,  True, False, False,  True,  True,  True, False, False,
       False, False, False, False, False, False, False,  True,  True,
       False,  True, False, False,  True,  True, False, False,  True,
       False,  True, False, False, False]), 'state_dist': array([ 205.78201 ,   17.365255,  312.6951  ,   77.45966 ,  174.60114 ,
        142.53697 ,   66.423485,  152.68108 ,   94.49515 ,   84.30349 ,
         27.372501,   27.640924,   73.19669 ,  165.26616 ,   59.77913 ,
         42.776005,   47.285698,   38.90891 ,  153.79086 ,   73.62775 ,
       1783.8888  ,   31.0652  ,   43.219097,   39.176884,   80.89768 ,
        202.07051 ,  179.40381 ,  186.75606 ,  133.32658 ,   82.84081 ,
        120.95376 ,   88.65538 ,   59.58239 ,  789.7271  ,   94.15036 ,
        123.551155,   67.70235 ,  195.07333 ,  104.94545 ,  114.56295 ,
         51.46896 ,   37.904606,  114.11442 ,  103.40712 ,  171.32115 ,
        135.85236 ,  155.08247 ,  457.34177 ,  195.41805 ,  137.51685 ],
      dtype=float32)}
Success rate:  0.34
{'success': array([False,  True, False, False, False, False,  True,  True, False,
       False, False,  True, False, False, False, False, False,  True,
       False,  True, False, False,  True,  True,  True, False, False,
       False, False, False, False, False, False, False,  True,  True,
       False,  True, False, False,  True,  True, False,  True,  True,
       False,  True, False, False, False]), 'state_dist': array([ 218.02846 ,   10.40165 ,  321.22467 ,   73.70324 ,  182.5247  ,
        141.99225 ,   62.88969 ,  167.47246 ,  104.63378 ,   85.12871 ,
         23.768787,   31.78721 ,   73.46389 ,  181.54953 ,   53.35819 ,
         42.701546,   46.89612 ,   38.631065,  146.3329  ,   94.29794 ,
       1790.1931  ,   33.976036,   49.060764,   55.191383,   75.14313 ,
        207.0734  ,  183.28928 ,  180.64851 ,  139.097   ,   78.96401 ,
        112.54351 ,   84.64193 ,   67.18029 ,  795.94574 ,   87.75336 ,
        118.818054,   65.88752 ,  196.94208 ,  111.10238 ,  115.12655 ,
         49.549522,   34.858547,  118.85807 ,  107.03027 ,  157.66205 ,
        146.43    ,  150.96548 ,  472.389   ,  192.07329 ,  120.355255],
      dtype=float32)}
Success rate:  0.34
{'success': array([False,  True, False, False, False, False,  True,  True, False,
       False,  True, False, False, False, False, False,  True,  True,
       False,  True, False, False,  True,  True,  True, False, False,
       False, False, False, False, False, False, False,  True,  True,
       False,  True, False, False,  True,  True, False, False,  True,
       False,  True, False, False, False]), 'state_dist': array([ 247.32399 ,   10.872567,  323.06955 ,   76.94631 ,  173.61893 ,
        131.58679 ,   77.6375  ,  169.92462 ,  103.59984 ,   65.8987  ,
         22.075573,   32.637432,   76.093506,  205.80661 ,   59.34164 ,
         44.78195 ,   39.86106 ,   29.310247,  165.52448 ,  106.33206 ,
       1780.9147  ,   32.12435 ,   43.0408  ,   46.173492,   68.8271  ,
        200.19865 ,  181.81895 ,  173.19075 ,  131.05876 ,   65.734436,
        124.23595 ,   87.94251 ,   54.063663,  791.6174  ,   95.677986,
        115.124275,   68.03571 ,  219.71298 ,  117.764465,  105.72564 ,
         59.445026,   28.320484,  124.326355,  111.90463 ,  156.08762 ,
        143.85048 ,  151.86876 ,  491.12738 ,  189.81023 ,  120.92217 ],
      dtype=float32)}
Success rate:  0.36
{'success': array([False,  True, False, False, False, False,  True,  True, False,
       False,  True, False, False, False, False, False,  True,  True,
       False,  True, False, False,  True,  True,  True, False, False,
       False, False, False, False, False, False, False,  True,  True,
       False,  True, False, False,  True,  True, False,  True,  True,
       False,  True, False, False, False]), 'state_dist': array([ 253.0958  ,   10.753483,  313.53214 ,   81.711845,  183.52547 ,
        131.61987 ,   63.782803,  173.34218 ,  106.50417 ,   70.785645,
         20.754467,   38.94814 ,   72.07203 ,  238.39423 ,   58.361427,
         46.4418  ,   37.422283,   28.87805 ,  174.6952  ,  108.005356,
       1788.3544  ,   31.658363,   37.349277,   56.95556 ,   97.99002 ,
        191.1852  ,  184.50424 ,  183.43141 ,  132.90524 ,   59.580887,
        128.93506 ,   87.19598 ,   51.989307,  793.202   ,   90.83363 ,
        108.870575,   69.109665,  241.78635 ,  130.07867 ,  104.534935,
         55.612762,   21.485985,  121.33572 ,  116.27233 ,  160.5349  ,
        142.17612 ,  151.08244 ,  493.69818 ,  195.63316 ,  123.25489 ],
      dtype=float32)}
Success rate:  0.36
{'success': array([False,  True, False, False, False, False,  True,  True, False,
       False,  True, False, False, False, False, False,  True,  True,
       False,  True, False, False,  True,  True,  True, False, False,
       False, False, False, False, False, False, False,  True,  True,
       False,  True, False, False,  True,  True, False,  True,  True,
       False,  True, False, False, False]), 'state_dist': array([ 269.736   ,   12.178958,  315.859   ,   81.965355,  220.12924 ,
        140.0347  ,   58.242977,  161.61302 ,  100.08617 ,   66.91475 ,
         43.258877,   58.09344 ,   70.67701 ,  243.64703 ,   49.32243 ,
         48.24792 ,   36.84541 ,   34.963078,  176.23878 ,   99.63212 ,
       1798.0256  ,   31.12083 ,   35.064865,   63.542614,  101.9168  ,
        182.4194  ,  184.33412 ,  183.24408 ,  135.71074 ,   58.991913,
        129.96713 ,   85.196655,   54.384377,  791.5214  ,   92.99289 ,
        118.609764,   71.351906,  231.89894 ,  124.487434,  112.791405,
         64.76469 ,   21.495752,  124.26168 ,  120.41656 ,  161.9171  ,
        138.252   ,  147.68942 ,  500.26328 ,  193.03528 ,  123.0701  ],
      dtype=float32)}
Success rate:  0.34
{'success': array([False,  True, False, False, False, False,  True,  True, False,
       False, False, False, False, False, False, False,  True,  True,
       False,  True, False, False,  True,  True,  True, False, False,
       False, False, False, False, False, False, False,  True,  True,
       False,  True, False, False,  True,  True, False,  True,  True,
       False,  True, False, False, False]), 'state_dist': array([ 263.22385 ,   10.993064,  301.4237  ,   77.38739 ,  206.0728  ,
        155.1076  ,   73.97937 ,  164.85095 ,  105.31709 ,   67.693   ,
         51.020763,   58.492065,   73.61178 ,  255.42004 ,   42.47265 ,
         49.086067,   26.856161,   32.450417,  183.97943 ,  108.70588 ,
       1797.5087  ,   34.12891 ,   33.893295,   71.7115  ,  114.38112 ,
        191.72762 ,  186.95544 ,  189.07571 ,  134.64961 ,   57.112392,
        122.65435 ,   77.214035,   54.41071 ,  792.1758  ,   88.299416,
        124.434555,   84.64414 ,  227.39626 ,  119.67709 ,  124.89958 ,
         62.28348 ,   39.58073 ,  130.87001 ,  126.82814 ,  161.00977 ,
        139.44713 ,  156.10893 ,  505.5746  ,  199.65147 ,  127.46502 ],
      dtype=float32)}
Success rate:  0.34
{'success': array([False,  True, False, False, False, False,  True,  True, False,
       False, False, False, False, False, False, False,  True,  True,
       False,  True, False, False,  True,  True,  True, False, False,
       False, False, False, False, False, False, False,  True,  True,
       False,  True, False, False,  True,  True, False,  True,  True,
       False,  True, False, False, False]), 'state_dist': array([ 285.35178 ,   12.446866,  302.39484 ,   78.89132 ,  210.41977 ,
        169.84285 ,   83.73983 ,  177.70871 ,  101.46037 ,   62.39061 ,
         63.61993 ,   62.75409 ,   75.869514,  267.55267 ,   47.320705,
         52.21639 ,   26.890415,   36.34876 ,  174.15927 ,  112.30861 ,
       1804.9834  ,   29.03767 ,   37.241123,   66.31942 ,   98.6013  ,
        192.5874  ,  184.1844  ,  191.359   ,  140.15265 ,   59.811867,
        112.73394 ,   73.69123 ,   63.41619 ,  801.30896 ,   91.67112 ,
        131.11647 ,   83.33559 ,  253.89023 ,  116.12066 ,  130.18652 ,
         66.39307 ,   37.39583 ,  133.33495 ,  139.15224 ,  170.73238 ,
        139.63326 ,  154.91396 ,  513.377   ,  208.13387 ,  127.59954 ],
      dtype=float32)}
Success rate:  0.34
{'success': array([False,  True, False, False, False, False,  True,  True, False,
       False, False, False, False, False, False, False,  True,  True,
       False,  True, False, False,  True,  True,  True, False, False,
       False, False, False, False, False, False, False,  True,  True,
       False,  True, False, False,  True,  True, False,  True,  True,
       False,  True, False, False, False]), 'state_dist': array([ 281.3172  ,   11.564323,  297.46915 ,   77.69977 ,  210.26865 ,
        182.34326 ,  111.84714 ,  182.67824 ,  102.30842 ,   64.397   ,
         58.19716 ,   76.96289 ,   71.986015,  279.2735  ,   51.17799 ,
         50.026012,   28.35695 ,   50.182865,  168.37982 ,   81.076454,
       1814.719   ,   25.82731 ,   38.28791 ,   61.093685,   94.52141 ,
        191.26205 ,  186.1986  ,  202.07635 ,  134.66124 ,   59.74424 ,
        125.81941 ,   73.5919  ,   69.74618 ,  804.6185  ,   92.06495 ,
        135.44955 ,   77.280876,  262.42453 ,  128.76923 ,  109.5446  ,
         84.31008 ,   40.261627,  135.88196 ,  141.44342 ,  182.29387 ,
        134.51195 ,  159.3677  ,  511.00543 ,  219.90218 ,  128.43086 ],
      dtype=float32)}
Success rate:  0.36
{'success': array([False,  True, False, False, False, False,  True,  True, False,
       False,  True, False, False, False, False, False,  True,  True,
       False,  True, False, False,  True,  True,  True, False, False,
       False, False, False, False, False, False, False,  True,  True,
       False,  True, False, False,  True,  True, False,  True,  True,
       False,  True, False, False, False]), 'state_dist': array([ 280.3712  ,   11.446454,  276.70993 ,   83.001175,  237.45137 ,
        172.66632 ,  112.95367 ,  187.26254 ,  106.00794 ,   61.046032,
         66.05957 ,   83.559975,   70.07635 ,  274.85046 ,   53.396057,
         48.707813,   34.45494 ,   50.413433,  167.79301 ,   68.715645,
       1818.0078  ,   44.14538 ,   37.67812 ,   53.285458,   92.79198 ,
        185.73514 ,  182.80464 ,  207.64595 ,  135.79585 ,   60.72365 ,
        125.541756,   72.250496,   66.58505 ,  802.27264 ,   87.779106,
        159.59332 ,   84.18695 ,  249.16699 ,  128.91754 ,  100.56642 ,
         76.99816 ,   45.344177,  148.91214 ,  140.9907  ,  185.18643 ,
        134.87244 ,  167.83759 ,  510.14264 ,  222.90561 ,  128.92203 ],
      dtype=float32)}
Success rate:  0.34
{'success': array([False,  True, False, False, False, False,  True,  True, False,
       False, False, False, False, False, False, False,  True,  True,
       False,  True, False, False,  True,  True,  True, False, False,
       False, False, False, False, False, False, False,  True,  True,
       False,  True, False, False,  True,  True, False,  True,  True,
       False,  True, False, False, False]), 'state_dist': array([ 282.13184 ,   14.28339 ,  274.85382 ,   77.91667 ,  213.05016 ,
        175.6362  ,  106.69509 ,  194.99498 ,  121.120514,   65.12539 ,
         59.226547,   76.07842 ,   70.3183  ,  269.76553 ,   41.23288 ,
         58.331722,   43.546772,   47.32493 ,  168.84802 ,   44.88703 ,
       1823.09    ,   41.118805,   38.163254,   50.854836,   89.50506 ,
        187.15495 ,  178.70132 ,  206.68282 ,  140.27603 ,   62.6583  ,
        132.04828 ,   75.72554 ,   72.12452 ,  808.94183 ,   78.72658 ,
        150.47533 ,   96.336006,  249.23763 ,  127.656746,  101.92601 ,
         79.08893 ,   53.28285 ,  155.0871  ,  150.00595 ,  184.1607  ,
        133.82079 ,  177.94106 ,  509.7116  ,  230.68385 ,  131.0811  ],
      dtype=float32)}
Success rate:  0.32
{'success': array([False,  True, False, False, False, False,  True,  True, False,
       False, False, False, False, False, False, False,  True,  True,
       False,  True, False, False,  True,  True,  True, False, False,
       False, False, False, False, False, False, False,  True, False,
       False,  True, False, False,  True,  True, False,  True,  True,
       False,  True, False, False, False]), 'state_dist': array([ 280.01984 ,   21.478891,  268.06497 ,   79.65741 ,  217.57819 ,
        180.04659 ,  109.48886 ,  202.15192 ,  115.81613 ,   71.70092 ,
         59.01999 ,   82.46671 ,   73.268326,  266.46432 ,   37.482273,
         61.544083,   49.430393,   61.160748,  168.49416 ,   43.59932 ,
       1831.68    ,   24.630276,   52.567226,   39.37825 ,   87.458046,
        186.04301 ,  176.0292  ,  217.52124 ,  140.38034 ,   61.032726,
        128.65582 ,   72.59689 ,   67.55806 ,  808.2405  ,   79.935776,
        152.86783 ,   95.68711 ,  256.17972 ,  130.12465 ,  112.56559 ,
         72.55352 ,   37.52827 ,  154.09052 ,  154.03496 ,  197.44934 ,
        129.24297 ,  186.944   ,  510.94064 ,  244.90065 ,  130.82886 ],
      dtype=float32)}
Success rate:  0.34
{'success': array([False,  True, False, False, False, False,  True,  True, False,
       False, False, False, False, False, False, False,  True,  True,
       False,  True, False, False,  True,  True,  True, False, False,
       False, False, False, False, False, False, False,  True,  True,
       False,  True, False, False,  True,  True, False,  True,  True,
       False,  True, False, False, False]), 'state_dist': array([ 286.93195 ,   22.362083,  274.43903 ,   78.492134,  214.69911 ,
        174.91563 ,  118.92283 ,  197.15575 ,  112.83038 ,   74.11352 ,
         56.512646,   82.86512 ,   75.481064,  270.33984 ,   22.737875,
         59.79367 ,   27.264738,   51.26382 ,  168.79614 ,   59.749954,
       1829.8025  ,   26.29141 ,   50.70526 ,   41.532253,   89.64158 ,
        182.4378  ,  176.17668 ,  215.10812 ,  146.68237 ,   60.923706,
        129.17409 ,   78.52129 ,   67.999756,  815.1405  ,   79.49489 ,
        147.87907 ,   81.13587 ,  254.57155 ,  145.42563 ,  107.29631 ,
         64.482025,   41.43578 ,  143.70255 ,  153.0842  ,  183.28207 ,
        132.58978 ,  195.86014 ,  508.60782 ,  255.38733 ,  130.40662 ],
      dtype=float32)}
Success rate:  0.34
{'success': array([False,  True, False, False, False, False,  True,  True, False,
       False, False, False, False, False, False, False,  True,  True,
       False,  True, False, False,  True,  True,  True, False, False,
       False, False, False, False, False, False, False,  True,  True,
       False,  True, False, False,  True,  True, False,  True,  True,
       False,  True, False, False, False]), 'state_dist': array([ 286.1864  ,   16.048685,  281.16183 ,   76.89957 ,  206.84633 ,
        163.28017 ,  132.8845  ,  193.44023 ,  108.466415,   79.75753 ,
         54.00457 ,   64.48819 ,   81.64059 ,  261.22598 ,   25.57839 ,
         53.63168 ,   36.26139 ,   61.719383,  168.11273 ,   54.060883,
       1834.5002  ,   26.106651,   52.244884,   33.385235,   87.840195,
        176.51187 ,  175.50224 ,  205.60448 ,  152.37067 ,   61.653408,
        123.610756,   80.380264,   63.242237,  813.7977  ,   76.143   ,
        153.33319 ,   85.55592 ,  264.50488 ,  145.82133 ,  102.012726,
         66.56967 ,   40.945553,  141.3745  ,  162.10399 ,  177.80315 ,
        132.20612 ,  194.72212 ,  510.8129  ,  248.66014 ,  130.41194 ],
      dtype=float32)}
Success rate:  0.32
{'success': array([False,  True, False, False, False, False,  True,  True, False,
       False, False, False, False, False, False, False,  True,  True,
       False,  True, False, False,  True,  True,  True, False, False,
       False, False, False, False, False, False, False,  True, False,
       False,  True, False, False,  True,  True, False,  True,  True,
       False,  True, False, False, False]), 'state_dist': array([ 291.62048 ,   19.345592,  280.55106 ,   76.32271 ,  180.75575 ,
        160.37822 ,  123.269554,  186.67754 ,  114.23788 ,   80.825836,
         51.392952,   70.35359 ,   81.124725,  249.96962 ,   32.420326,
         54.26858 ,   33.33712 ,   73.77638 ,  169.40254 ,   49.384468,
       1837.0548  ,   35.29779 ,   60.605324,   30.079561,   95.507935,
        171.13467 ,  176.07549 ,  202.52625 ,  154.64366 ,   61.252632,
        119.24977 ,   71.345055,   67.574486,  815.3786  ,   72.212776,
        160.63158 ,   77.75852 ,  266.9747  ,  148.81227 ,  107.91596 ,
         59.12532 ,   39.01788 ,  144.40218 ,  166.80804 ,  169.08829 ,
        135.94832 ,  197.8286  ,  511.88397 ,  245.61058 ,  130.75546 ],
      dtype=float32)}
Success rate:  0.32
{'success': array([False,  True, False, False, False, False,  True,  True, False,
       False, False, False, False, False, False, False,  True,  True,
       False,  True, False, False,  True,  True,  True, False, False,
       False, False, False, False, False, False, False,  True,  True,
       False,  True, False, False,  True,  True, False,  True, False,
       False,  True, False, False, False]), 'state_dist': array([ 295.98993 ,   17.112919,  283.02203 ,   78.14503 ,  190.19792 ,
        167.02675 ,  128.58267 ,  186.10791 ,  102.911804,   79.822914,
         56.644238,   71.01521 ,   78.708176,  257.74097 ,   32.68496 ,
         55.024235,   21.965199,   69.28984 ,  167.64745 ,   45.6174  ,
       1832.3135  ,   34.15411 ,   56.187202,   26.289845,   80.76324 ,
        169.10197 ,  178.0958  ,  207.75177 ,  157.56854 ,   60.341476,
        118.72688 ,   71.12729 ,   67.464096,  819.5451  ,   68.32422 ,
        160.45499 ,   83.23034 ,  231.97606 ,  162.07672 ,  112.65224 ,
         49.065628,   39.383118,  148.55153 ,  157.92873 ,  158.68474 ,
        131.58656 ,  195.39156 ,  508.4196  ,  252.95886 ,  129.40259 ],
      dtype=float32)}
Success rate:  0.32
{'success': array([False,  True, False, False, False, False,  True,  True, False,
       False, False, False, False, False, False, False,  True,  True,
       False,  True, False, False,  True,  True,  True, False, False,
       False, False, False, False, False, False, False,  True,  True,
       False,  True, False, False,  True,  True, False,  True, False,
       False,  True, False, False, False]), 'state_dist': array([ 294.75696 ,   17.25986 ,  269.5858  ,   78.56374 ,  184.17274 ,
        166.36513 ,  138.35844 ,  196.37534 ,  110.680626,   76.307625,
         57.382275,   72.07629 ,   79.43734 ,  261.63684 ,   26.695446,
         54.16356 ,   27.811909,   73.08947 ,  162.07365 ,   44.314266,
       1834.1465  ,   33.301624,   68.12676 ,   30.855072,   71.61254 ,
        166.5535  ,  178.80565 ,  205.71371 ,  160.25902 ,   60.169067,
        122.193565,   62.76325 ,   70.848885,  822.6477  ,   68.9043  ,
        156.38382 ,   82.236084,  231.86736 ,  168.88916 ,  106.58649 ,
         48.75588 ,   42.035187,  154.31508 ,  158.85457 ,  155.87654 ,
        130.17642 ,  195.65292 ,  515.1439  ,  262.89233 ,  130.45915 ],
      dtype=float32)}
Success rate:  0.32
{'success': array([False,  True, False, False, False, False,  True,  True, False,
       False, False, False, False, False, False, False,  True,  True,
       False,  True, False, False,  True,  True,  True, False, False,
       False, False, False, False, False, False, False,  True,  True,
       False,  True, False, False,  True,  True, False,  True, False,
       False,  True, False, False, False]), 'state_dist': array([ 299.63864 ,   18.147263,  273.4758  ,   80.99136 ,  192.12816 ,
        172.4375  ,  145.31636 ,  195.17212 ,  116.73293 ,   75.52177 ,
         56.324905,   65.25622 ,   78.30386 ,  265.79614 ,   26.339813,
         57.119793,   40.182518,   69.56666 ,  172.06819 ,   43.079155,
       1836.1316  ,   35.032856,   77.08631 ,   30.757874,   99.465614,
        161.26274 ,  182.9661  ,  197.71066 ,  162.26523 ,   61.08551 ,
        121.462395,   61.815216,   83.436966,  821.2731  ,   69.49942 ,
        148.35506 ,   79.076454,  244.13358 ,  182.7198  ,   97.90031 ,
         58.282448,   45.31301 ,  155.12097 ,  153.00203 ,  159.1988  ,
        131.86185 ,  196.8381  ,  515.2349  ,  260.55298 ,  132.9422  ],
      dtype=float32)}
Success rate:  0.32
{'success': array([False,  True, False, False, False, False,  True,  True, False,
       False, False, False, False, False, False, False,  True,  True,
       False,  True, False, False,  True,  True,  True, False, False,
       False, False, False, False, False, False, False,  True,  True,
       False,  True, False, False,  True,  True, False, False,  True,
       False,  True, False, False, False]), 'state_dist': array([ 301.30017 ,   20.240973,  269.11234 ,   79.146545,  198.6197  ,
        166.50476 ,  150.25723 ,  198.9394  ,  107.890205,   79.904205,
         53.27848 ,   68.791855,   79.19456 ,  264.38794 ,   33.58026 ,
         57.183224,   42.782516,   77.73472 ,  168.46524 ,   45.868755,
       1837.601   ,   36.747654,   87.68024 ,   29.781998,  112.88033 ,
        157.30655 ,  188.8335  ,  201.85616 ,  165.65144 ,   67.159096,
        120.17082 ,   62.37651 ,   80.02299 ,  821.93726 ,   73.2972  ,
        148.48495 ,   74.48812 ,  259.75766 ,  183.8292  ,   93.112854,
         61.01926 ,   43.25887 ,  149.46219 ,  158.99915 ,  161.28818 ,
        131.90215 ,  197.9832  ,  515.8821  ,  260.3534  ,  133.88722 ],
      dtype=float32)}
Success rate:  0.32
{'success': array([False,  True, False, False, False, False,  True,  True, False,
       False, False, False, False, False, False, False,  True,  True,
       False,  True, False, False,  True,  True,  True, False, False,
       False, False, False, False, False, False, False,  True,  True,
       False,  True, False, False,  True,  True, False, False,  True,
       False,  True, False, False, False]), 'state_dist': array([ 301.93716 ,   17.508007,  274.22302 ,   80.08142 ,  194.9956  ,
        167.24329 ,  157.10411 ,  203.10983 ,  100.340965,   80.22121 ,
         53.095722,   67.57791 ,   76.223366,  262.56018 ,   29.70208 ,
         61.067993,   50.221207,   82.52067 ,  161.43416 ,   47.37601 ,
       1839.4202  ,   39.731224,   69.043205,   28.383799,  111.87944 ,
        154.23471 ,  191.16069 ,  202.33012 ,  162.2347  ,   67.037506,
        122.00477 ,   58.52473 ,   82.08534 ,  821.4974  ,   75.53535 ,
        148.87305 ,   78.87206 ,  270.76672 ,  176.25172 ,   88.13935 ,
         75.94862 ,   57.375782,  155.55373 ,  156.62111 ,  163.89888 ,
        132.53345 ,  198.1991  ,  511.382   ,  254.92007 ,  133.48412 ],
      dtype=float32)}
Success rate:  0.28
{'success': array([False,  True, False, False, False, False,  True,  True, False,
       False, False, False, False, False, False, False,  True,  True,
       False,  True, False, False,  True,  True,  True, False, False,
       False, False, False, False, False, False, False,  True, False,
       False,  True, False, False,  True,  True, False, False, False,
       False,  True, False, False, False]), 'state_dist': array([ 300.67642 ,   18.309666,  268.18378 ,   81.07295 ,  188.27628 ,
        175.93634 ,  153.53606 ,  204.87617 ,  106.555504,   77.20226 ,
         54.644093,   78.54653 ,   79.66415 ,  258.41068 ,   24.833664,
         60.249744,   52.249123,   82.06505 ,  170.60095 ,   52.977535,
       1840.597   ,   45.091957,   79.00205 ,   27.970589,  107.83786 ,
        150.69481 ,  190.9407  ,  205.38933 ,  165.6545  ,   66.154144,
        127.23823 ,   60.153725,   92.11261 ,  821.8457  ,   76.13676 ,
        150.76472 ,   76.31656 ,  264.75275 ,  174.66762 ,   78.72431 ,
         67.33577 ,   68.40638 ,  155.1533  ,  152.3091  ,  170.31161 ,
        135.11856 ,  206.10944 ,  512.6495  ,  257.78787 ,  132.257   ],
      dtype=float32)}
Success rate:  0.28
{'success': array([False,  True, False, False, False, False,  True,  True, False,
       False, False, False, False, False, False, False,  True,  True,
       False,  True, False, False,  True,  True,  True, False, False,
       False, False, False, False, False, False, False,  True, False,
       False,  True, False, False,  True,  True, False, False, False,
       False,  True, False, False, False]), 'state_dist': array([ 298.17834 ,   25.78996 ,  267.69278 ,   79.70441 ,  187.22601 ,
        175.40459 ,  149.20418 ,  202.92279 ,  113.12004 ,   76.6653  ,
         45.971672,   64.699036,   78.512314,  255.57986 ,   30.86415 ,
         61.91418 ,   53.70793 ,   83.84665 ,  171.38121 ,   53.622128,
       1843.1432  ,   42.13696 ,   72.73612 ,   25.39318 ,  108.79304 ,
        149.28178 ,  193.64644 ,  210.29417 ,  171.8381  ,   65.85225 ,
        129.76633 ,   57.79508 ,   90.14816 ,  820.2103  ,   68.43124 ,
        153.45306 ,   72.03506 ,  276.71127 ,  177.00183 ,   83.66788 ,
         69.40051 ,   68.83037 ,  149.18759 ,  159.87814 ,  174.65498 ,
        135.78708 ,  201.63446 ,  514.91046 ,  248.60986 ,  130.53343 ],
      dtype=float32)}
Success rate:  0.3
{'success': array([False,  True, False, False, False, False,  True,  True, False,
       False, False, False, False, False, False, False,  True,  True,
       False,  True, False, False,  True,  True,  True, False, False,
       False, False, False, False, False, False, False,  True, False,
       False,  True, False, False,  True,  True, False,  True, False,
       False,  True, False, False, False]), 'state_dist': array([ 299.90375 ,   25.253736,  261.00412 ,   79.898766,  183.03694 ,
        173.2993  ,  143.01218 ,  208.79205 ,  118.72917 ,   77.52344 ,
         42.927067,   72.84809 ,   78.80542 ,  254.87741 ,   32.10567 ,
         60.79651 ,   58.33539 ,   80.109474,  172.54187 ,   53.610794,
       1844.3625  ,   44.179977,   56.436005,   24.467075,  105.91779 ,
        148.16078 ,  194.97137 ,  206.36388 ,  169.77026 ,   68.50268 ,
        139.93164 ,   57.409737,   92.96649 ,  820.0839  ,   70.04027 ,
        152.03912 ,   69.345375,  266.50034 ,  166.11778 ,   73.12535 ,
         55.5607  ,   67.48505 ,  153.80254 ,  158.1876  ,  171.11066 ,
        135.59196 ,  197.35005 ,  513.77014 ,  242.92545 ,  133.08879 ],
      dtype=float32)}
Success rate:  0.28
{'success': array([False,  True, False, False, False, False,  True,  True, False,
       False, False, False, False, False, False, False,  True,  True,
       False,  True, False, False,  True,  True,  True, False, False,
       False, False, False, False, False, False, False,  True, False,
       False,  True, False, False,  True,  True, False, False, False,
       False,  True, False, False, False]), 'state_dist': array([ 299.4984  ,   21.97136 ,  251.89488 ,   86.19762 ,  183.36116 ,
        175.14386 ,  136.44333 ,  204.37677 ,  111.147545,   83.43567 ,
         41.647335,   62.456852,   79.863625,  259.05093 ,   27.068003,
         63.448757,   50.110798,   81.71321 ,  175.61177 ,   47.80415 ,
       1846.6407  ,   44.132744,   55.376255,   26.74274 ,  106.16617 ,
        146.91467 ,  194.517   ,  208.49722 ,  166.51599 ,   67.24901 ,
        142.32094 ,   61.15391 ,   94.10665 ,  817.9107  ,   72.225815,
        153.93596 ,   68.14892 ,  259.6869  ,  162.93723 ,   74.691925,
         56.676704,   66.49924 ,  152.7918  ,  152.12585 ,  169.7775  ,
        138.15048 ,  192.57281 ,  516.42444 ,  239.23087 ,  134.93599 ],
      dtype=float32)}
Success rate:  0.28
{'success': array([False,  True, False, False, False, False,  True,  True, False,
       False, False, False, False, False, False, False,  True,  True,
       False,  True, False, False,  True,  True,  True, False, False,
       False, False, False, False, False, False, False,  True, False,
       False,  True, False, False,  True,  True, False, False, False,
       False,  True, False, False, False]), 'state_dist': array([ 300.9061  ,   22.593176,  243.29303 ,   88.52579 ,  187.08037 ,
        171.65717 ,  130.5711  ,  206.56026 ,  108.29885 ,   79.93116 ,
         40.5842  ,   61.412308,   79.848114,  252.52548 ,   24.67751 ,
         62.653423,   45.495617,   77.41916 ,  174.65047 ,   49.078556,
       1846.4573  ,   49.76359 ,   52.929825,   29.106188,  105.9291  ,
        146.72992 ,  198.19218 ,  216.38982 ,  166.6885  ,   67.66341 ,
        139.3985  ,   63.282394,   91.438675,  817.0094  ,   72.95802 ,
        152.37256 ,   68.655075,  262.93866 ,  157.81267 ,   74.483   ,
         42.861206,   71.55081 ,  163.59247 ,  151.19902 ,  171.7139  ,
        138.44682 ,  189.67253 ,  515.4231  ,  243.41615 ,  133.85947 ],
      dtype=float32)}
Success rate:  0.28
{'success': array([False,  True, False, False, False, False,  True,  True, False,
       False, False, False, False, False, False, False,  True,  True,
       False,  True, False, False,  True,  True,  True, False, False,
       False, False, False, False, False, False, False,  True, False,
       False,  True, False, False,  True,  True, False, False, False,
       False,  True, False, False, False]), 'state_dist': array([ 300.36615 ,   23.522263,  239.86853 ,   90.91126 ,  183.20227 ,
        162.28278 ,  120.70065 ,  209.03607 ,  107.992905,   85.56251 ,
         41.839226,   67.15612 ,   78.40678 ,  249.07016 ,   24.229576,
         63.724415,   50.357853,   67.37699 ,  171.70938 ,   50.856396,
       1847.08    ,   50.870438,   50.78165 ,   26.843828,  104.082756,
        146.75507 ,  203.94907 ,  218.38895 ,  166.5616  ,   67.39224 ,
        143.96463 ,   64.46372 ,   93.572075,  818.239   ,   77.55744 ,
        155.89961 ,   68.93494 ,  270.7762  ,  162.32666 ,   70.96995 ,
         45.895996,   67.956696,  167.5456  ,  148.79323 ,  171.65105 ,
        139.07239 ,  189.97736 ,  515.4662  ,  247.59851 ,  133.33583 ],
      dtype=float32)}
Success rate:  0.3
{'success': array([False,  True, False, False, False, False,  True,  True, False,
       False, False, False, False, False, False, False,  True,  True,
       False,  True, False, False,  True,  True,  True, False, False,
       False, False, False, False, False, False, False,  True, False,
       False,  True, False, False,  True,  True, False,  True, False,
       False,  True, False, False, False]), 'state_dist': array([ 302.89883 ,   25.749805,  242.54124 ,   91.64906 ,  184.07527 ,
        154.23459 ,  120.82876 ,  210.75883 ,  111.395966,   85.50006 ,
         45.01963 ,   74.2823  ,   78.01616 ,  259.07614 ,   21.168257,
         62.99897 ,   50.764248,   64.995544,  172.65094 ,   51.886166,
       1846.827   ,   47.124836,   52.16671 ,   24.924929,  107.70909 ,
        146.32906 ,  205.97191 ,  215.98608 ,  162.50552 ,   67.74631 ,
        148.89014 ,   63.799244,   99.45587 ,  817.8509  ,   76.87735 ,
        156.82874 ,   69.54228 ,  275.47345 ,  158.94078 ,   68.152885,
         53.920788,   70.54268 ,  173.98811 ,  158.4378  ,  169.93028 ,
        141.86476 ,  189.83447 ,  512.3201  ,  240.48657 ,  135.57915 ],
      dtype=float32)}
Success rate:  0.28
{'success': array([False,  True, False, False, False, False,  True,  True, False,
       False, False, False, False, False, False, False,  True,  True,
       False,  True, False, False,  True,  True,  True, False, False,
       False, False, False, False, False, False, False,  True, False,
       False,  True, False, False,  True,  True, False, False, False,
       False,  True, False, False, False]), 'state_dist': array([ 301.7201  ,   26.744791,  236.03052 ,   91.495674,  185.04846 ,
        136.04015 ,  118.853935,  209.43149 ,  110.71887 ,   83.857994,
         47.5349  ,   77.16148 ,   77.15484 ,  261.08435 ,   21.166111,
         64.06578 ,   49.93241 ,   64.925316,  173.38066 ,   61.161747,
       1847.7916  ,   50.880035,   55.080307,   27.026733,  108.56624 ,
        146.2719  ,  205.14874 ,  220.18933 ,  158.91695 ,   70.31315 ,
        149.78214 ,   63.305542,   99.619316,  816.46063 ,   72.280014,
        154.89871 ,   68.49226 ,  273.79965 ,  161.5671  ,   67.6617  ,
         51.336952,   69.7199  ,  180.1239  ,  159.10403 ,  165.85243 ,
        140.78671 ,  189.97285 ,  515.7454  ,  230.29138 ,  136.70854 ],
      dtype=float32)}
MPC iter 8 Eval ------- 
Success rate:  0.42
{'success': array([False,  True, False, False, False, False,  True,  True, False,
       False,  True,  True, False, False,  True, False,  True,  True,
       False,  True, False, False,  True,  True,  True, False, False,
       False, False, False, False, False,  True, False,  True,  True,
       False,  True, False, False,  True,  True, False,  True,  True,
       False,  True, False, False, False]), 'state_dist': array([ 301.83203 ,   43.239216,  236.0402  ,   91.31998 ,  185.04713 ,
        136.1126  ,  139.65704 ,   92.46523 ,  110.82906 ,   83.74069 ,
        137.92137 ,   62.603428,   77.12385 ,  261.22354 ,   96.30431 ,
         63.93937 ,   70.81469 ,   85.94318 ,  173.37355 ,   96.280304,
       1846.1395  ,   50.676697,   63.34208 ,  217.35431 ,  344.65198 ,
        147.35602 ,  205.22357 ,  220.1867  ,  159.245   ,   69.861595,
        149.78734 ,   62.870655,   83.53995 ,  816.53546 ,  137.5744  ,
         46.732365,   68.596054,  291.61444 ,  161.65143 ,   67.55319 ,
          9.578253,  136.85725 ,  180.14662 ,  198.00491 ,  195.57776 ,
        140.36977 ,   94.73741 ,  515.88983 ,  230.52982 ,  136.95445 ],
      dtype=float32)}
self.is_success:  [False  True False False False False  True  True False False  True  True
 False False  True False  True  True False  True False False  True  True
  True False False False False False False False  True False  True  True
 False  True False False  True  True False  True  True False  True False
 False False]
Success rate:  0.34
{'success': array([False,  True, False, False, False, False,  True,  True, False,
       False,  True,  True, False, False, False, False,  True,  True,
       False,  True, False, False, False,  True,  True, False, False,
       False, False, False, False, False, False, False,  True,  True,
       False,  True, False, False,  True,  True, False, False,  True,
       False,  True, False, False, False]), 'state_dist': array([ 202.30577 ,   53.90183 ,  353.75223 ,   81.28341 ,  170.499   ,
        144.67545 ,   35.67506 ,  122.33951 ,   70.15296 ,  117.56968 ,
         56.686035,   38.01731 ,  100.2414  ,  150.05072 ,   24.8888  ,
         51.40421 ,   60.44636 ,   54.144024,  141.62901 ,   47.74649 ,
       1887.8062  ,   29.264835,   43.24897 ,   71.33128 ,  135.26096 ,
        221.62813 ,  183.9019  ,  184.74416 ,  168.46056 ,   61.831818,
        170.5691  ,   90.012794,   69.34601 ,  852.27155 ,   95.148155,
         64.10442 ,   68.39326 ,  157.15288 ,   73.66422 ,  107.91085 ,
         15.676455,   48.345295,   99.35101 ,   73.73604 ,  144.94455 ,
        129.94885 ,  139.64877 ,  539.1218  ,  159.6536  ,  137.13579 ],
      dtype=float32)}
Success rate:  0.32
{'success': array([False,  True, False, False, False, False,  True,  True, False,
       False,  True,  True, False, False, False, False,  True,  True,
       False,  True, False, False, False,  True,  True, False, False,
       False, False, False, False, False, False, False,  True,  True,
       False,  True, False, False,  True,  True, False, False, False,
       False,  True, False, False, False]), 'state_dist': array([ 221.15712 ,   82.75169 ,  357.70932 ,   83.60173 ,  175.78773 ,
        154.99957 ,   41.389263,  124.77329 ,   88.367805,  131.28676 ,
         63.63018 ,   36.721386,  103.56731 ,  177.14278 ,   27.451517,
         60.71569 ,   66.70933 ,   59.139595,  115.22881 ,   55.735325,
       1920.2393  ,   27.834911,   66.8365  ,   71.44918 ,  151.63454 ,
        214.83578 ,  183.24338 ,  191.97885 ,  203.06857 ,   75.460785,
        178.31812 ,   97.04424 ,   75.207794,  884.51495 ,   73.25139 ,
         63.820217,   69.55795 ,  161.56798 ,   73.42343 ,  103.02987 ,
         26.69738 ,   54.131058,   94.64551 ,   72.56607 ,  151.33408 ,
        139.60646 ,  133.18086 ,  583.06226 ,  152.76735 ,  146.89125 ],
      dtype=float32)}
Success rate:  0.34
{'success': array([False,  True, False, False, False, False,  True,  True, False,
       False,  True,  True, False, False, False, False,  True,  True,
       False,  True, False, False, False,  True,  True, False, False,
       False, False, False, False, False, False, False,  True,  True,
       False,  True, False, False,  True,  True, False, False,  True,
       False,  True, False, False, False]), 'state_dist': array([ 213.53333 ,   89.78475 ,  354.19897 ,   84.43377 ,  170.34854 ,
        159.41983 ,   64.02346 ,  126.36645 ,   82.39301 ,  141.24748 ,
         51.652737,   37.77442 ,  101.77798 ,  164.87083 ,   30.387018,
         73.76826 ,   58.74428 ,   67.87787 ,  122.7618  ,   43.987053,
       1937.1346  ,   27.672625,   87.91257 ,   71.57116 ,  144.3625  ,
        211.82579 ,  181.87988 ,  196.08064 ,  222.94588 ,   78.23154 ,
        173.956   ,   99.757355,   91.53766 ,  896.5278  ,   78.937904,
         71.95926 ,   77.92418 ,  167.77858 ,   73.367424,   97.29372 ,
         26.602222,   54.209785,  102.41841 ,   71.21756 ,  161.69066 ,
        145.34964 ,  142.07721 ,  623.0429  ,  154.38016 ,  150.91432 ],
      dtype=float32)}
Success rate:  0.36
{'success': array([False,  True, False, False, False, False,  True,  True, False,
       False,  True,  True, False, False, False, False,  True,  True,
       False,  True, False, False, False,  True,  True, False, False,
       False, False, False, False, False, False, False,  True,  True,
       False,  True, False, False,  True,  True, False,  True,  True,
       False,  True, False, False, False]), 'state_dist': array([ 213.66656 ,   76.499825,  375.1841  ,   79.1213  ,  166.61946 ,
        173.52596 ,   52.713478,  117.16936 ,   88.68432 ,  158.66606 ,
         57.759556,   27.180134,   90.632545,  181.56204 ,   34.221428,
         79.48487 ,   50.87328 ,   78.03249 ,  119.19742 ,   17.384033,
       1957.5355  ,   46.80699 ,   95.211044,   51.456356,  161.4133  ,
        195.42758 ,  176.31537 ,  184.85066 ,  228.56401 ,   72.33067 ,
        171.35474 ,   94.19329 ,   81.29808 ,  893.11633 ,   79.01211 ,
         97.10993 ,   68.747   ,  158.76802 ,   93.80248 ,   87.97404 ,
         27.306725,   58.648876,   92.80532 ,   62.926697,  162.33893 ,
        157.50008 ,  162.14436 ,  634.8232  ,  145.70786 ,  156.14554 ],
      dtype=float32)}
Success rate:  0.32
{'success': array([False,  True, False, False, False, False,  True,  True, False,
       False,  True, False, False, False, False, False,  True,  True,
       False,  True, False, False, False,  True,  True, False, False,
       False, False, False, False, False, False, False,  True,  True,
       False,  True, False, False,  True,  True, False, False,  True,
       False,  True, False, False, False]), 'state_dist': array([ 209.22568 ,   82.44701 ,  364.31046 ,   86.31179 ,  173.40076 ,
        154.57042 ,   62.108677,  136.62851 ,   92.11609 ,  158.917   ,
         48.850994,   31.701662,   79.69838 ,  181.46042 ,   41.42154 ,
         82.301575,   45.746017,   75.59201 ,  110.34298 ,   11.726474,
       1984.7716  ,   51.95607 ,   81.82638 ,   52.386448,  172.2596  ,
        191.8441  ,  178.29263 ,  201.8481  ,  224.79164 ,   66.60606 ,
        174.19867 ,   93.41714 ,   81.16192 ,  889.3941  ,   97.71051 ,
         92.93923 ,   67.72917 ,  136.31639 ,   88.36437 ,  107.819374,
         26.246021,   72.05512 ,   86.33121 ,   66.386345,  147.03433 ,
        145.13821 ,  146.06566 ,  648.60547 ,  153.95923 ,  149.59392 ],
      dtype=float32)}
Success rate:  0.32
{'success': array([False,  True, False, False, False, False,  True,  True, False,
       False,  True, False, False, False, False, False,  True,  True,
       False,  True, False, False, False,  True,  True, False, False,
       False, False, False, False, False, False, False,  True,  True,
       False,  True, False, False,  True,  True, False, False,  True,
       False,  True, False, False, False]), 'state_dist': array([ 209.09439 ,   85.805115,  359.83734 ,   88.892715,  175.14038 ,
        159.77866 ,   78.08785 ,  130.40775 ,   93.20571 ,  159.9748  ,
         46.665333,   51.552135,   75.310425,  158.25847 ,   62.583454,
         80.95057 ,   33.56947 ,   68.08233 ,  107.75782 ,   15.052098,
       2013.0237  ,   64.9177  ,   84.63558 ,   50.81088 ,  171.26794 ,
        190.76807 ,  177.99646 ,  210.29941 ,  227.08882 ,   79.529816,
        170.34357 ,   84.03443 ,   74.8821  ,  885.1639  ,   83.49469 ,
         95.02249 ,   67.9117  ,  141.51352 ,   86.9005  ,   82.68148 ,
         24.273653,   78.90332 ,   86.72525 ,   62.43462 ,  148.40149 ,
        145.76094 ,  149.2916  ,  657.4274  ,  158.04102 ,  141.86925 ],
      dtype=float32)}
Success rate:  0.32
{'success': array([False,  True, False, False, False, False,  True,  True, False,
       False,  True, False, False, False, False, False,  True,  True,
       False,  True, False, False, False,  True,  True, False, False,
       False, False, False, False, False, False, False,  True,  True,
       False,  True, False, False,  True,  True, False, False,  True,
       False,  True, False, False, False]), 'state_dist': array([ 201.1762  ,   90.66541 ,  360.19464 ,   97.04815 ,  175.80356 ,
        145.46875 ,   74.9897  ,  145.24391 ,  106.89812 ,  153.20479 ,
         65.165215,   46.299732,   75.84536 ,  162.44373 ,   56.79587 ,
         81.22575 ,   44.663044,   77.721634,  105.35687 ,   20.396553,
       2032.1849  ,   62.054832,   87.28937 ,   47.27045 ,  171.34674 ,
        180.52315 ,  179.57477 ,  187.29599 ,  228.38478 ,   84.630615,
        181.11076 ,   80.892166,   76.61598 ,  889.2674  ,   85.997345,
         98.31932 ,   71.95041 ,  148.8279  ,   88.71149 ,   69.54837 ,
         20.110613,   77.47509 ,   92.26682 ,   58.925373,  161.66463 ,
        146.25458 ,  150.59975 ,  672.33075 ,  164.26746 ,  125.10506 ],
      dtype=float32)}
Success rate:  0.32
{'success': array([False,  True, False, False, False, False,  True,  True, False,
       False,  True, False, False, False, False, False,  True,  True,
       False,  True, False, False, False,  True,  True, False, False,
       False, False, False, False, False, False, False,  True,  True,
       False, False, False, False,  True,  True, False,  True,  True,
       False,  True, False, False, False]), 'state_dist': array([ 195.87851 ,   99.41781 ,  356.5563  ,  100.52809 ,  178.39735 ,
        132.86026 ,   65.69293 ,  132.43758 ,  107.94296 ,  161.35355 ,
         57.513355,   52.488064,   79.9012  ,  170.00194 ,   64.87995 ,
         72.70465 ,   42.693405,   72.39191 ,   98.45689 ,   27.639887,
       2054.0244  ,   61.683056,   91.333046,   65.1571  ,  171.59355 ,
        171.59357 ,  179.70433 ,  194.4974  ,  227.815   ,   83.87705 ,
        178.0078  ,   82.18899 ,   77.38655 ,  887.383   ,   84.98621 ,
        109.294754,   68.31186 ,  154.63542 ,   89.17688 ,   75.6228  ,
         14.384592,   83.8256  ,   85.76293 ,   67.437996,  160.84856 ,
        153.75075 ,  161.528   ,  676.3664  ,  154.62157 ,  116.26948 ],
      dtype=float32)}
Success rate:  0.3
{'success': array([False,  True, False, False, False, False,  True,  True, False,
       False,  True, False, False, False, False, False,  True,  True,
       False,  True, False, False,  True,  True,  True, False, False,
       False, False, False, False, False, False, False,  True,  True,
       False, False, False, False,  True,  True, False, False, False,
       False,  True, False, False, False]), 'state_dist': array([ 192.93582 ,  103.98975 ,  355.74826 ,  105.065025,  160.6109  ,
        130.04173 ,   58.914883,  131.32114 ,  114.84919 ,  163.98152 ,
         56.649624,   46.698353,   74.923004,  167.98697 ,   72.94434 ,
         71.14467 ,   35.528397,   64.21481 ,   94.506256,   17.20152 ,
       2068.372   ,   60.43581 ,  102.458466,   78.726265,  164.30182 ,
        169.8974  ,  177.45685 ,  208.51613 ,  225.29102 ,   83.54022 ,
        188.84741 ,   69.79139 ,   79.20384 ,  888.92426 ,   91.260666,
        103.16388 ,   69.72582 ,  155.27193 ,   83.243935,   71.75394 ,
         18.033794,   69.33017 ,   82.98423 ,   72.22432 ,  163.61757 ,
        160.4105  ,  155.07666 ,  677.3027  ,  154.6752  ,  113.46166 ],
      dtype=float32)}
Success rate:  0.34
{'success': array([False,  True, False, False, False, False,  True,  True, False,
       False,  True, False, False, False, False, False,  True,  True,
       False,  True, False, False,  True,  True,  True, False, False,
       False, False, False, False, False, False, False,  True,  True,
       False,  True, False, False,  True,  True, False, False,  True,
       False,  True, False, False, False]), 'state_dist': array([ 192.30981 ,   94.294716,  363.62546 ,  118.73303 ,  145.1896  ,
        136.20761 ,   67.15678 ,  152.72139 ,  123.08522 ,  164.8096  ,
         49.725414,   53.095444,   74.47861 ,  170.7745  ,   75.430435,
         67.93109 ,   35.170532,   73.29996 ,   94.93398 ,   22.969011,
       2087.4968  ,   76.88035 ,  102.42357 ,   76.45472 ,  164.20749 ,
        168.25455 ,  174.22177 ,  211.27325 ,  221.45195 ,   85.43943 ,
        191.34795 ,   67.89281 ,   95.46273 ,  892.2091  ,   94.20366 ,
        101.784836,   69.54591 ,  153.17754 ,   82.209625,   73.325806,
         16.602308,   48.389633,   80.34335 ,   75.75995 ,  165.6212  ,
        153.43939 ,  169.6231  ,  681.34265 ,  160.80745 ,  119.85797 ],
      dtype=float32)}
Success rate:  0.32
{'success': array([False,  True, False, False, False, False,  True,  True, False,
       False,  True, False, False, False, False, False,  True,  True,
       False,  True, False, False, False,  True,  True, False, False,
       False, False, False, False, False, False, False,  True,  True,
       False,  True, False, False,  True,  True, False, False,  True,
       False,  True, False, False, False]), 'state_dist': array([ 191.04008 ,   89.620865,  367.9813  ,  113.60831 ,  134.46487 ,
        131.3619  ,   64.93348 ,  142.12544 ,  140.39444 ,  152.28564 ,
         53.53325 ,   51.339012,   79.1458  ,  169.01309 ,   99.115105,
         59.709385,   35.604195,   81.277794,   86.000435,   58.677795,
       2096.9104  ,   69.27264 ,   96.8051  ,   70.57656 ,  155.72905 ,
        168.73904 ,  174.25714 ,  202.82475 ,  221.86873 ,   80.68664 ,
        193.82571 ,   71.57312 ,   96.650826,  887.40985 ,  104.98357 ,
         98.23329 ,   69.62049 ,  145.48242 ,   86.94392 ,   72.43875 ,
         22.930199,   52.03515 ,   83.11404 ,   73.81115 ,  160.36342 ,
        151.65433 ,  163.45328 ,  681.53595 ,  159.7918  ,  113.320114],
      dtype=float32)}
Success rate:  0.32
{'success': array([False,  True, False, False, False, False,  True,  True, False,
       False,  True, False, False, False, False, False,  True,  True,
       False,  True, False, False, False,  True,  True, False, False,
       False, False, False, False, False, False, False,  True,  True,
       False,  True, False, False,  True,  True, False, False,  True,
       False,  True, False, False, False]), 'state_dist': array([ 190.26764 ,  101.00757 ,  365.87332 ,  116.053085,  156.50098 ,
        130.1245  ,   59.835026,  143.61375 ,  145.7088  ,  118.57756 ,
         47.31017 ,   55.451218,   75.61321 ,  165.5265  ,   95.75434 ,
         54.89858 ,   35.655033,   78.78814 ,   82.92129 ,   70.81838 ,
       2108.6174  ,   66.14091 ,  108.87106 ,   68.23579 ,  162.35655 ,
        163.41997 ,  178.86783 ,  204.07034 ,  215.95116 ,   78.50336 ,
        190.09436 ,   74.94559 ,   98.27313 ,  890.4019  ,   97.17198 ,
         99.08398 ,   71.53353 ,  152.72295 ,   79.90042 ,   76.72844 ,
         22.75601 ,   50.495865,   87.11016 ,   79.52701 ,  158.25522 ,
        153.12772 ,  162.6549  ,  673.00104 ,  156.50183 ,  109.98393 ],
      dtype=float32)}
Success rate:  0.32
{'success': array([False,  True, False, False, False, False,  True,  True, False,
       False,  True, False, False, False, False, False,  True,  True,
       False,  True, False, False, False,  True,  True, False, False,
       False, False, False, False, False, False, False,  True,  True,
       False,  True, False, False,  True,  True, False, False,  True,
       False,  True, False, False, False]), 'state_dist': array([ 190.19116 ,  103.71807 ,  368.10498 ,  126.62706 ,  155.65741 ,
        133.72334 ,   56.115593,  166.05971 ,  136.92319 ,  112.63288 ,
         43.54133 ,   36.33271 ,   76.237465,  157.51483 ,  105.01538 ,
         54.35991 ,   40.194252,   81.0382  ,   82.74623 ,   71.84189 ,
       2117.4197  ,   67.15358 ,  117.15382 ,   60.72347 ,  159.90152 ,
        159.17279 ,  177.51184 ,  177.17354 ,  214.85715 ,   87.80021 ,
        190.81232 ,   78.591805,  109.04546 ,  899.1749  ,   95.16234 ,
        105.64703 ,   67.03906 ,  151.80821 ,   82.90818 ,   66.493454,
         34.320717,   47.54968 ,   85.98521 ,   75.5623  ,  148.90836 ,
        154.10487 ,  162.20404 ,  673.4651  ,  157.70578 ,  114.203705],
      dtype=float32)}
Success rate:  0.3
{'success': array([False,  True, False, False, False, False,  True,  True, False,
       False,  True, False, False, False, False, False,  True,  True,
       False,  True, False, False, False,  True,  True, False, False,
       False, False, False, False, False, False, False,  True,  True,
       False,  True, False, False,  True,  True, False, False, False,
       False,  True, False, False, False]), 'state_dist': array([ 189.94795 ,  102.48432 ,  367.4573  ,  128.46707 ,  148.99669 ,
        130.6915  ,   56.014156,  188.81902 ,  152.45625 ,  134.04567 ,
         45.985638,   42.653408,   74.23632 ,  162.18956 ,  111.92712 ,
         52.397495,   41.57941 ,   93.37031 ,   82.44367 ,   72.51172 ,
       2130.7307  ,   69.40614 ,  140.38594 ,   64.18749 ,  157.65637 ,
        158.55974 ,  177.1438  ,  179.77089 ,  214.64711 ,   86.00909 ,
        189.12573 ,   89.85552 ,  111.10807 ,  897.4957  ,  103.786385,
        105.97057 ,   69.184494,  143.48123 ,   75.75671 ,   57.928658,
         31.805805,   44.69216 ,   89.915665,   76.4614  ,  156.59283 ,
        163.53947 ,  170.16893 ,  671.7075  ,  159.2081  ,  114.082535],
      dtype=float32)}
Success rate:  0.3
{'success': array([False,  True, False, False, False, False,  True,  True, False,
       False,  True, False, False, False, False, False,  True,  True,
       False,  True, False, False, False,  True,  True, False, False,
       False, False, False, False, False, False, False,  True,  True,
       False,  True, False, False,  True,  True, False, False, False,
       False,  True, False, False, False]), 'state_dist': array([ 186.25166 ,  105.608955,  367.6292  ,  120.545784,  158.5068  ,
        131.31189 ,   58.11114 ,  180.49527 ,  161.97745 ,  125.92257 ,
         50.151382,   41.67726 ,   70.66211 ,  168.81529 ,  124.54998 ,
         52.276134,   46.627266,   90.931656,   81.61382 ,   53.589565,
       2135.3162  ,   78.187225,  135.28001 ,   69.77847 ,  144.81361 ,
        158.99521 ,  175.50523 ,  182.85664 ,  220.62587 ,   85.094826,
        187.46732 ,   82.97005 ,  110.81462 ,  896.80054 ,  106.67055 ,
        113.92926 ,   69.969536,  145.43102 ,   78.868904,   54.838787,
         22.758018,   45.567993,   87.81339 ,   71.03485 ,  167.87334 ,
        162.38574 ,  177.0439  ,  676.4541  ,  161.45221 ,  118.62773 ],
      dtype=float32)}
Success rate:  0.34
{'success': array([False,  True, False, False, False, False,  True,  True, False,
       False,  True, False, False, False, False, False,  True,  True,
       False,  True, False, False,  True,  True,  True, False, False,
       False, False, False, False, False, False, False,  True,  True,
       False,  True, False, False,  True,  True, False, False,  True,
       False,  True, False, False, False]), 'state_dist': array([ 189.71722 ,  103.40316 ,  365.983   ,  133.77745 ,  144.25876 ,
        127.47159 ,   62.61654 ,  203.81638 ,  162.93144 ,  126.79851 ,
         46.154488,   46.084   ,   73.62584 ,  166.33745 ,  120.036026,
         54.41836 ,   43.82106 ,   90.672844,   81.68082 ,   59.16159 ,
       2144.083   ,   77.53726 ,  154.80353 ,   67.27213 ,  125.62085 ,
        159.30676 ,  174.21631 ,  190.02556 ,  221.69576 ,   83.29573 ,
        184.04533 ,   81.21928 ,  113.31701 ,  902.1916  ,  110.11597 ,
        111.95561 ,   71.378494,  146.34256 ,   80.136765,   61.535583,
         20.93039 ,   54.759224,   94.27907 ,   66.689995,  167.66112 ,
        161.24059 ,  183.25986 ,  675.79675 ,  166.0612  ,  118.66206 ],
      dtype=float32)}
Success rate:  0.32
{'success': array([False,  True, False, False, False, False,  True,  True, False,
       False,  True, False, False, False, False, False,  True,  True,
       False,  True, False, False,  True,  True,  True, False, False,
       False, False, False, False, False, False, False,  True,  True,
       False,  True, False, False,  True,  True, False, False, False,
       False,  True, False, False, False]), 'state_dist': array([ 197.41487 ,  109.22097 ,  364.7393  ,  142.27142 ,  142.78989 ,
        129.27655 ,   70.69754 ,  212.6615  ,  162.32283 ,  108.24319 ,
         50.993732,   51.136395,   73.820724,  165.57523 ,  117.03422 ,
         61.01345 ,   42.2829  ,  103.609215,   84.25805 ,   57.31935 ,
       2152.5828  ,   79.64596 ,  162.29988 ,   61.821003,  140.12462 ,
        156.6146  ,  176.79129 ,  187.72498 ,  218.81512 ,   84.738106,
        194.13602 ,   80.41791 ,  117.208534,  903.243   ,  113.659004,
        112.71319 ,   73.87251 ,  153.00333 ,   77.56981 ,   61.297974,
         39.866665,   57.960102,   97.21235 ,   63.79831 ,  175.30049 ,
        171.89444 ,  173.45215 ,  673.1437  ,  164.7633  ,  112.284424],
      dtype=float32)}
Success rate:  0.32
{'success': array([False,  True, False, False, False, False,  True,  True, False,
       False,  True, False, False, False, False, False,  True,  True,
       False,  True, False, False,  True,  True,  True, False, False,
       False, False, False, False, False, False, False,  True,  True,
       False,  True, False, False,  True, False, False, False,  True,
       False,  True, False, False, False]), 'state_dist': array([ 210.41039 ,  108.7748  ,  366.00433 ,  134.85739 ,  133.7039  ,
        133.36392 ,   73.33806 ,  234.28143 ,  156.24829 ,   89.07706 ,
         47.230766,   50.279682,   72.579765,  162.69734 ,  122.930374,
         72.72715 ,   44.4954  ,  100.521255,   81.84    ,   39.504288,
       2160.0332  ,   61.978096,  169.80789 ,   64.607574,  145.25626 ,
        158.88171 ,  176.66234 ,  188.95218 ,  218.10713 ,   94.20287 ,
        195.79147 ,   72.341545,  122.111496,  902.2795  ,  114.204796,
        112.381516,   78.81945 ,  148.59819 ,   73.50035 ,   54.969444,
         31.320211,   70.55232 ,   98.7541  ,   63.797607,  169.08087 ,
        176.24953 ,  177.39168 ,  677.59247 ,  161.30849 ,  114.016235],
      dtype=float32)}
Success rate:  0.34
{'success': array([False,  True, False, False, False, False,  True,  True, False,
       False,  True, False, False, False, False, False,  True,  True,
       False,  True, False, False,  True,  True,  True, False, False,
       False, False, False, False, False, False, False,  True,  True,
       False,  True, False, False,  True,  True, False, False,  True,
       False,  True, False, False, False]), 'state_dist': array([ 214.1902  ,  102.946846,  367.96118 ,  138.87117 ,  130.95802 ,
        132.1803  ,   79.75723 ,  243.15457 ,  146.97011 ,   91.243576,
         54.204105,   52.644222,   73.811104,  160.14087 ,  132.06314 ,
         74.15377 ,   38.363167,  104.21242 ,   86.83391 ,   45.409668,
       2168.9563  ,   68.42422 ,  169.65549 ,   64.40286 ,  143.22766 ,
        156.94685 ,  176.01169 ,  190.61902 ,  218.58826 ,  111.68344 ,
        191.83026 ,   73.23985 ,  119.80093 ,  900.4351  ,  121.18379 ,
        112.18351 ,   74.162476,  138.80463 ,   72.79193 ,   47.144787,
         30.105326,   64.69012 ,   98.14253 ,   66.21246 ,  166.9778  ,
        179.45227 ,  175.35556 ,  676.1823  ,  164.52527 ,  118.04299 ],
      dtype=float32)}
Success rate:  0.34
{'success': array([False,  True, False, False, False, False,  True,  True, False,
       False,  True, False, False, False, False, False,  True,  True,
       False,  True, False, False,  True,  True,  True, False, False,
       False, False, False, False, False, False, False,  True,  True,
       False,  True, False, False,  True,  True, False, False,  True,
       False,  True, False, False, False]), 'state_dist': array([ 227.71802 ,  109.20612 ,  371.6171  ,  126.75061 ,  124.1489  ,
        135.77043 ,   87.87701 ,  241.65074 ,  143.34013 ,   91.68589 ,
         57.13035 ,   55.691788,   71.540825,  162.80164 ,  128.79427 ,
         67.19472 ,   41.308273,  109.277145,   84.819725,   42.066853,
       2176.3691  ,   65.81841 ,  167.30281 ,   65.87946 ,  143.20934 ,
        157.08043 ,  178.04303 ,  190.30026 ,  221.51971 ,  125.31204 ,
        187.43822 ,   70.71145 ,  118.964745,  905.9445  ,  128.26106 ,
        111.47273 ,   82.47994 ,  141.07092 ,   69.80493 ,   44.398647,
         34.905235,   55.12546 ,   94.79794 ,   72.685616,  171.21089 ,
        185.08911 ,  174.73029 ,  677.81665 ,  167.01309 ,  116.920746],
      dtype=float32)}
Success rate:  0.32
{'success': array([False,  True, False, False, False, False,  True,  True, False,
       False,  True, False, False, False, False, False,  True,  True,
       False,  True, False, False,  True,  True,  True, False, False,
       False, False, False, False, False, False, False, False,  True,
       False,  True, False, False,  True,  True, False, False,  True,
       False,  True, False, False, False]), 'state_dist': array([ 237.23409 ,  103.976585,  372.58524 ,  133.26091 ,  121.28231 ,
        134.54828 ,   87.03446 ,  247.88968 ,  137.00246 ,   89.25387 ,
         56.517445,   51.09543 ,   71.45222 ,  167.11073 ,  117.66859 ,
         64.39146 ,   43.528896,  112.087906,   85.61187 ,   35.35003 ,
       2180.5378  ,   66.4965  ,  167.2898  ,   63.086617,  147.35455 ,
        156.70953 ,  177.85849 ,  191.07838 ,  222.5312  ,  128.04897 ,
        189.65565 ,   74.65047 ,  118.34802 ,  902.1311  ,  128.00262 ,
        121.20357 ,   84.00154 ,  134.73082 ,   69.484055,   40.23395 ,
         30.013311,   63.433598,   92.98495 ,   65.02906 ,  175.29593 ,
        181.29626 ,  172.3868  ,  673.07324 ,  167.3883  ,  112.560974],
      dtype=float32)}
Success rate:  0.34
{'success': array([False,  True, False, False, False, False,  True,  True, False,
       False,  True, False, False, False, False, False,  True,  True,
       False,  True, False, False,  True,  True,  True, False, False,
       False, False, False, False, False, False, False,  True,  True,
       False,  True, False, False,  True,  True, False, False,  True,
       False,  True, False, False, False]), 'state_dist': array([ 242.28503 ,  100.56132 ,  368.93198 ,  129.45901 ,  118.61297 ,
        134.49759 ,   81.31912 ,  247.4     ,  136.46655 ,   89.28093 ,
         50.620205,   47.270187,   71.90174 ,  162.68349 ,  115.68565 ,
         64.143166,   41.521606,  112.151344,   84.22008 ,   32.59851 ,
       2185.9807  ,   71.096664,  169.15643 ,   62.947662,  144.68306 ,
        155.86476 ,  177.94327 ,  193.77039 ,  219.28493 ,  136.0718  ,
        192.49171 ,   77.6383  ,  109.47305 ,  904.8652  ,  126.17147 ,
        123.77534 ,   87.11861 ,  122.26595 ,   68.46432 ,   37.87628 ,
         42.920567,   64.10595 ,   90.892296,   64.81753 ,  179.82611 ,
        179.8588  ,  172.86543 ,  675.63995 ,  172.63997 ,  117.5728  ],
      dtype=float32)}
Success rate:  0.3
{'success': array([False,  True, False, False, False, False,  True,  True, False,
       False, False, False, False, False, False, False,  True,  True,
       False,  True, False, False,  True,  True,  True, False, False,
       False, False, False, False, False, False, False,  True,  True,
       False,  True, False, False,  True,  True, False, False, False,
       False,  True, False, False, False]), 'state_dist': array([ 257.56738 ,   99.36188 ,  369.75885 ,  126.83896 ,  120.97555 ,
        135.79623 ,   82.937614,  264.82983 ,  130.15508 ,   88.37498 ,
         52.876846,   44.587803,   72.33616 ,  153.34695 ,  117.334984,
         66.36313 ,   43.77385 ,  112.68169 ,   83.970795,   29.38762 ,
       2188.6484  ,   74.191   ,  168.36082 ,   68.50467 ,  146.29964 ,
        155.7952  ,  177.2656  ,  197.12532 ,  218.56944 ,  141.16527 ,
        193.61227 ,   80.93396 ,  111.62715 ,  905.51886 ,  121.78816 ,
        124.277534,   86.73714 ,  124.30733 ,   71.650604,   37.530117,
         37.684856,   59.39351 ,   93.90445 ,   61.956562,  179.06573 ,
        184.71622 ,  178.19415 ,  675.1616  ,  175.46242 ,  120.193596],
      dtype=float32)}
Success rate:  0.34
{'success': array([False,  True, False, False, False, False,  True,  True, False,
       False,  True, False, False, False, False, False,  True,  True,
       False,  True, False, False,  True,  True,  True, False, False,
       False, False, False, False, False, False, False,  True,  True,
       False,  True, False, False,  True,  True, False, False,  True,
       False,  True, False, False, False]), 'state_dist': array([ 264.39078 ,  103.00072 ,  370.0448  ,  133.05331 ,  122.926956,
        132.20984 ,   91.00083 ,  255.91847 ,  130.8694  ,   85.846985,
         53.66905 ,   43.559128,   74.52081 ,  150.11217 ,  116.63173 ,
         66.53438 ,   39.919292,  106.775   ,   82.35458 ,   32.933674,
       2192.9482  ,   75.34589 ,  168.12572 ,   75.78827 ,  146.42963 ,
        155.15018 ,  176.1108  ,  197.16208 ,  217.20871 ,  149.96237 ,
        197.1445  ,   86.26043 ,  112.70989 ,  905.62427 ,  127.44649 ,
        122.590004,   84.597   ,  120.97008 ,   68.756775,   27.138178,
         26.166077,   64.390396,   92.30728 ,   60.1796  ,  174.91774 ,
        187.90051 ,  178.00188 ,  671.73944 ,  182.17804 ,  121.64959 ],
      dtype=float32)}
Success rate:  0.34
{'success': array([False,  True, False, False, False, False,  True,  True, False,
       False,  True, False, False, False, False, False,  True,  True,
       False,  True, False, False,  True,  True,  True, False, False,
       False, False, False, False, False, False, False,  True,  True,
       False,  True, False, False,  True,  True, False, False,  True,
       False,  True, False, False, False]), 'state_dist': array([ 276.03915 ,   97.53987 ,  369.58548 ,  139.70271 ,  117.74789 ,
        129.77794 ,   79.73124 ,  263.128   ,  131.84029 ,   88.65512 ,
         53.98903 ,   41.445312,   74.36764 ,  155.39406 ,  109.84683 ,
         72.80628 ,   42.07255 ,  107.90154 ,   79.87858 ,   26.914124,
       2199.8884  ,   70.09179 ,  170.03021 ,   74.347145,  152.67735 ,
        154.11734 ,  176.3538  ,  198.44043 ,  218.69533 ,  153.93741 ,
        199.52757 ,   76.41355 ,  104.79252 ,  904.3502  ,  128.86147 ,
        120.39478 ,   86.84712 ,  125.52    ,   65.77887 ,   29.76582 ,
         33.707336,   65.99281 ,   89.84256 ,   60.08478 ,  170.6319  ,
        191.18637 ,  181.76016 ,  670.9994  ,  186.59004 ,  121.1188  ],
      dtype=float32)}
Success rate:  0.3
{'success': array([False,  True, False, False, False, False,  True,  True, False,
       False,  True, False, False, False, False, False,  True,  True,
       False,  True, False, False,  True,  True,  True, False, False,
       False, False, False, False, False, False, False, False,  True,
       False,  True, False, False,  True,  True, False, False, False,
       False,  True, False, False, False]), 'state_dist': array([ 285.26843 ,   97.363594,  367.80057 ,  147.79224 ,  124.24485 ,
        131.34016 ,   78.02959 ,  259.90585 ,  136.06982 ,   87.10073 ,
         54.85393 ,   41.043015,   73.86873 ,  154.63043 ,  110.365326,
         75.65203 ,   42.62607 ,   99.445435,   75.61269 ,   30.331945,
       2204.5566  ,   66.086845,  166.6914  ,   71.70615 ,  157.56303 ,
        155.35225 ,  177.54106 ,  201.92346 ,  220.81068 ,  158.4317  ,
        201.08836 ,   73.24248 ,  108.831276,  906.4009  ,  125.14564 ,
        124.28017 ,   86.76458 ,  125.92874 ,   66.65412 ,   30.17297 ,
         40.334743,   69.33198 ,   87.50043 ,   61.64321 ,  168.56662 ,
        193.35468 ,  188.18408 ,  674.3525  ,  190.25443 ,  118.4509  ],
      dtype=float32)}
Success rate:  0.32
{'success': array([False,  True, False, False, False, False,  True,  True, False,
       False,  True, False, False, False, False, False,  True,  True,
       False,  True, False, False,  True,  True,  True, False, False,
       False, False, False, False, False, False, False,  True, False,
       False,  True, False, False,  True,  True, False, False,  True,
       False,  True, False, False, False]), 'state_dist': array([ 289.30478 ,   95.036896,  366.3524  ,  151.09521 ,  130.64413 ,
        133.65274 ,   82.960495,  257.7011  ,  130.75568 ,   85.85667 ,
         54.08025 ,   45.85911 ,   72.86673 ,  165.29611 ,  105.183525,
         74.96183 ,   44.17752 ,  100.41201 ,   70.80003 ,   33.75458 ,
       2209.972   ,   61.010246,  160.7778  ,   69.05386 ,  158.43817 ,
        155.49898 ,  179.20963 ,  200.6719  ,  219.57887 ,  152.74057 ,
        203.43094 ,   68.88559 ,  110.41824 ,  905.9821  ,  129.23775 ,
        125.90642 ,   88.58708 ,  126.275635,   67.05295 ,   25.58086 ,
         42.681313,   68.531296,   87.632904,   63.242813,  168.54077 ,
        194.45645 ,  185.89485 ,  677.56976 ,  195.3804  ,  117.613976],
      dtype=float32)}
Success rate:  0.34
{'success': array([False,  True, False, False, False, False,  True,  True, False,
       False,  True, False, False, False, False, False,  True,  True,
       False,  True, False, False,  True,  True,  True, False, False,
       False, False, False, False, False, False, False,  True,  True,
       False,  True, False, False,  True,  True, False, False,  True,
       False,  True, False, False, False]), 'state_dist': array([ 296.6117  ,   93.76993 ,  364.4012  ,  150.87785 ,  139.25868 ,
        132.72568 ,   78.51189 ,  260.39578 ,  131.97433 ,   87.371796,
         55.405087,   43.19787 ,   72.46852 ,  168.865   ,  102.260574,
         80.04051 ,   43.287434,   99.847206,   67.217476,   41.24859 ,
       2212.5103  ,   61.423164,  155.9007  ,   70.63953 ,  151.56306 ,
        157.60014 ,  178.71298 ,  202.02893 ,  221.13776 ,  158.78455 ,
        208.46991 ,   64.07801 ,  104.41481 ,  905.3147  ,  135.2386  ,
        127.01671 ,   88.47563 ,  128.88472 ,   67.03814 ,   26.781113,
         39.01332 ,   76.12865 ,   88.15482 ,   63.871586,  174.2095  ,
        200.8244  ,  181.31094 ,  677.2555  ,  197.3046  ,  118.1601  ],
      dtype=float32)}
Success rate:  0.32
{'success': array([False,  True, False, False, False, False,  True,  True, False,
       False,  True, False, False, False, False, False,  True,  True,
       False,  True, False, False,  True,  True,  True, False, False,
       False, False, False, False, False, False, False,  True, False,
       False,  True, False, False,  True,  True, False, False,  True,
       False,  True, False, False, False]), 'state_dist': array([ 296.03934 ,   97.36346 ,  363.04816 ,  147.8762  ,  143.96173 ,
        134.81236 ,   78.314156,  256.1254  ,  138.79306 ,   87.56598 ,
         58.57496 ,   45.6343  ,   72.78768 ,  168.57707 ,  103.274185,
         75.3247  ,   43.904907,  102.6428  ,   68.16663 ,   46.60819 ,
       2215.6904  ,   61.880524,  153.92963 ,   71.37966 ,  150.37892 ,
        159.04611 ,  178.56348 ,  203.09872 ,  221.9509  ,  153.95439 ,
        208.57858 ,   62.7283  ,  109.02725 ,  906.1018  ,  139.3595  ,
        125.98614 ,   84.848564,  125.35426 ,   67.91288 ,   24.404732,
         32.25356 ,   72.24501 ,   86.63141 ,   62.810894,  180.75792 ,
        202.66115 ,  178.27983 ,  676.97217 ,  196.99945 ,  120.19024 ],
      dtype=float32)}
Success rate:  0.32
{'success': array([False,  True, False, False, False, False,  True,  True, False,
       False,  True, False, False, False, False, False,  True,  True,
       False,  True, False, False,  True,  True,  True, False, False,
       False, False, False, False, False, False, False,  True, False,
       False,  True, False, False,  True,  True, False, False,  True,
       False,  True, False, False, False]), 'state_dist': array([ 305.87305 ,   96.068474,  362.24088 ,  149.78107 ,  151.77602 ,
        131.06378 ,   77.419106,  256.94223 ,  140.53041 ,   84.96441 ,
         57.997425,   43.01374 ,   73.36346 ,  160.87828 ,  102.09898 ,
         76.35791 ,   43.017834,  101.71748 ,   60.193504,   50.46502 ,
       2217.815   ,   61.55659 ,  151.7391  ,   72.67718 ,  152.30362 ,
        159.33572 ,  178.42592 ,  205.222   ,  220.92557 ,  152.24504 ,
        207.98923 ,   65.6742  ,  108.79786 ,  903.1007  ,  143.86934 ,
        122.80253 ,   82.76338 ,  126.86598 ,   67.58234 ,   23.19333 ,
         42.931255,   76.12153 ,   91.463875,   61.324886,  182.4701  ,
        205.70636 ,  178.10971 ,  675.86237 ,  198.26866 ,  117.15855 ],
      dtype=float32)}
MPC iter 9 Eval ------- 
Success rate:  0.42
{'success': array([False,  True, False, False, False, False,  True,  True, False,
       False,  True,  True, False, False,  True, False,  True,  True,
       False,  True, False, False,  True,  True,  True, False, False,
       False, False, False, False, False,  True, False,  True,  True,
       False,  True, False, False,  True,  True, False,  True,  True,
       False,  True, False, False, False]), 'state_dist': array([ 305.82733 ,   43.239216,  362.20633 ,  149.7759  ,  151.76854 ,
        131.06099 ,  139.65704 ,   92.46523 ,  140.48038 ,   84.9463  ,
        137.92137 ,   62.603428,   73.71883 ,  160.70706 ,   96.30431 ,
         76.59782 ,   70.81469 ,   85.94318 ,   60.477207,   96.280304,
       2216.39    ,   61.53549 ,   63.34208 ,  217.35431 ,  344.65198 ,
        159.85965 ,  178.3742  ,  205.21758 ,  220.4237  ,  152.33636 ,
        207.9241  ,   65.544266,   83.53995 ,  903.179   ,  137.5744  ,
         46.732365,   82.72684 ,  291.61444 ,   67.54007 ,   23.322866,
          9.578253,  136.85725 ,   91.156525,  198.00491 ,  195.57776 ,
        205.43753 ,   94.73741 ,  676.05914 ,  198.50572 ,  117.44258 ],
      dtype=float32)}
self.is_success:  [False  True False False False False  True  True False False  True  True
 False False  True False  True  True False  True False False  True  True
  True False False False False False False False  True False  True  True
 False  True False False  True  True False  True  True False  True False
 False False]
Success rate:  0.42
{'success': array([False,  True, False, False, False, False,  True,  True, False,
       False,  True,  True, False, False,  True, False,  True,  True,
       False,  True, False, False,  True,  True,  True, False, False,
       False, False, False, False, False,  True, False,  True,  True,
       False,  True, False, False,  True,  True, False,  True,  True,
       False,  True, False, False, False]), 'state_dist': array([ 305.82733 ,   43.239216,  362.20633 ,  149.7759  ,  151.76854 ,
        131.06099 ,  139.65704 ,   92.46523 ,  140.48038 ,   84.9463  ,
        137.92137 ,   62.603428,   73.71883 ,  160.70706 ,   96.30431 ,
         76.59782 ,   70.81469 ,   85.94318 ,   60.477207,   96.280304,
       2216.39    ,   61.53549 ,   63.34208 ,  217.35431 ,  344.65198 ,
        159.85965 ,  178.3742  ,  205.21758 ,  220.4237  ,  152.33636 ,
        207.9241  ,   65.544266,   83.53995 ,  903.179   ,  137.5744  ,
         46.732365,   82.72684 ,  291.61444 ,   67.54007 ,   23.322866,
          9.578253,  136.85725 ,   91.156525,  198.00491 ,  195.57776 ,
        205.43753 ,   94.73741 ,  676.05914 ,  198.50572 ,  117.44258 ],
      dtype=float32)}
[1;34mwandb[0m: 
[1;34mwandb[0m: You can sync this run to the cloud by running:
[1;34mwandb[0m: [1mwandb sync /scratch/users/ntu/yguo017/experiment/reproduction/lpwm/lpworldmodel-bdd812d/plan_outputs/20260927102710_repro_sparse_pusht_mlp_var_pd384_gH5/wandb/offline-run-20260927_102710-3yvyjdte[0m
[1;34mwandb[0m: Find logs at: [1;35mwandb/offline-run-20260927_102710-3yvyjdte/logs[0m
TORCH_PROCESS_PEAK_ROLE=plan ALLOCATED_BYTES=6015282688 RESERVED_BYTES=6276775936
